bank_id,branch_id,acct_id,ssn
bank_0,1,0,128-83-3050
bank_0,1,1,281-97-3445
bank_0,1,2,781-18-4733
bank_0,1,3,847-41-8552
bank_0,1,4,729-99-2688
bank_0,1,5,550-80-9425
bank_0,1,6,317-74-1177
bank_0,1,7,226-39-2101
bank_0,1,8,472-65-4439
bank_0,1,9,357-18-4730
bank_0,1,10,110-11-4206
bank_0,1,11,399-17-8486
bank_0,1,12,890-97-4434
bank_0,1,13,749-41-0850
bank_0,1,14,620-18-7922
bank_0,1,15,491-83-5994
bank_0,1,16,109-32-9090
bank_0,1,17,866-19-3048
bank_0,1,18,178-93-9323
bank_0,1,19,475-69-0326
bank_0,1,20,162-16-8343
bank_0,1,21,583-51-0827
bank_0,1,22,009-50-6182
bank_0,1,23,867-33-2138
bank_0,1,24,163-60-9388
bank_0,1,25,107-56-3215
bank_0,1,26,444-98-7934
bank_0,1,27,631-11-2884
bank_0,1,28,416-24-3241
bank_0,1,29,662-17-1664
bank_0,1,30,702-50-3379
bank_0,1,31,641-42-7889
bank_0,1,32,727-40-8041
bank_0,1,33,536-46-7747
bank_0,1,34,850-92-1046
bank_0,1,35,561-27-9202
bank_0,1,36,124-07-3940
bank_0,1,37,033-15-7497
bank_0,1,38,854-97-5258
bank_0,1,39,306-22-5041
bank_0,1,40,778-58-6293
bank_0,1,41,065-78-6214
bank_0,1,42,713-31-7349
bank_0,1,43,151-79-4497
bank_0,1,44,719-43-3721
bank_0,1,45,811-68-0354
bank_0,1,46,592-13-5683
bank_0,1,47,372-02-7438
bank_0,1,48,736-95-3900
bank_0,1,49,818-34-9737
bank_0,1,50,034-93-5897
bank_0,1,51,220-81-3230
bank_0,1,52,148-50-5895
bank_0,1,53,205-52-9427
bank_0,1,54,461-21-2906
bank_0,1,55,365-36-6485
bank_0,1,56,759-60-6530
bank_0,1,57,099-68-4866
bank_0,1,58,358-56-1375
bank_0,1,59,730-05-7836
bank_0,1,60,889-85-4331
bank_0,1,61,597-22-6807
bank_0,1,62,741-02-9781
bank_0,1,63,475-06-7411
bank_0,1,64,131-97-2055
bank_0,1,65,315-59-3432
bank_0,1,66,210-89-2650
bank_0,1,67,248-28-6322
bank_0,1,68,515-43-8341
bank_0,1,69,567-05-9924
bank_0,1,70,012-46-5768
bank_0,1,71,678-48-4130
bank_0,1,72,757-34-6231
bank_0,1,73,661-91-2566
bank_0,1,74,738-79-1356
bank_0,1,75,102-15-6151
bank_0,1,76,303-57-8417
bank_0,1,77,886-95-9624
bank_0,1,78,893-53-1568
bank_0,1,79,042-96-9387
bank_0,1,80,625-70-8852
bank_0,1,81,001-67-8811
bank_0,1,82,897-46-2325
bank_0,1,83,159-21-4629
bank_0,1,84,252-70-1454
bank_0,1,85,410-79-5123
bank_0,1,86,490-41-4431
bank_0,1,87,143-13-9743
bank_0,1,88,314-51-7799
bank_0,1,89,887-48-3215
bank_0,1,90,017-56-5818
bank_0,1,91,107-48-0611
bank_0,1,92,337-82-5447
bank_0,1,93,379-01-6364
bank_0,1,94,207-23-6606
bank_0,1,95,342-16-6565
bank_0,1,96,197-67-1241
bank_0,1,97,062-85-1354
bank_0,1,98,862-34-8862
bank_0,1,99,180-95-7380
bank_0,1,100,864-77-5361
bank_0,1,101,769-92-1614
bank_0,1,102,809-68-5084
bank_0,1,103,112-64-9276
bank_0,1,104,763-91-0319
bank_0,1,105,894-21-1058
bank_0,1,106,881-80-7873
bank_0,1,107,281-25-3456
bank_0,1,108,133-69-2035
bank_0,1,109,656-58-2112
bank_0,1,110,283-28-2634
bank_0,1,111,808-42-1833
bank_0,1,112,682-16-2324
bank_0,1,113,780-42-1900
bank_0,1,114,108-32-9786
bank_0,1,115,440-22-6106
bank_0,1,116,773-16-4789
bank_0,1,117,210-32-5041
bank_0,1,118,692-25-9496
bank_0,1,119,748-94-4561
bank_0,1,120,544-68-4442
bank_0,1,121,417-39-5024
bank_0,1,122,462-06-2444
bank_0,1,123,727-04-2640
bank_0,1,124,537-57-5877
bank_0,1,125,088-17-0631
bank_0,1,126,446-14-8134
bank_0,1,127,625-36-9524
bank_0,1,128,629-51-4003
bank_0,1,129,588-23-8091
bank_0,1,130,876-47-1472
bank_0,1,131,740-20-6944
bank_0,1,132,109-66-0800
bank_0,1,133,556-30-6658
bank_0,1,134,127-94-7676
bank_0,1,135,238-35-2163
bank_0,1,136,499-93-5370
bank_0,1,137,743-29-6169
bank_0,1,138,040-59-4879
bank_0,1,139,093-42-8365
bank_0,1,140,696-39-0464
bank_0,1,141,224-43-9086
bank_0,1,142,877-81-9426
bank_0,1,143,010-67-3647
bank_0,1,144,788-48-9633
bank_0,1,145,383-44-2003
bank_0,1,146,021-63-7926
bank_0,1,147,484-24-1215
bank_0,1,148,026-69-0644
bank_0,1,149,234-97-3081
bank_0,1,150,418-03-3871
bank_0,1,151,461-78-4975
bank_0,1,152,840-29-1537
bank_0,1,153,764-18-4269
bank_0,1,154,079-06-4071
bank_0,1,155,727-17-0418
bank_0,1,156,044-70-7745
bank_0,1,157,295-46-5372
bank_0,1,158,371-68-8243
bank_0,1,159,417-24-8358
bank_0,1,160,470-58-8112
bank_0,1,161,506-51-3418
bank_0,1,162,175-70-2575
bank_0,1,163,835-45-9069
bank_0,1,164,108-07-2669
bank_0,1,165,208-55-2518
bank_0,1,166,805-61-1256
bank_0,1,167,100-74-1589
bank_0,1,168,290-24-0710
bank_0,1,169,642-67-0118
bank_0,1,170,453-34-1839
bank_0,1,171,573-72-7421
bank_0,1,172,727-13-7081
bank_0,1,173,055-23-6106
bank_0,1,174,364-11-1047
bank_0,1,175,493-25-2375
bank_0,1,176,553-04-4883
bank_0,1,177,535-15-8307
bank_0,1,178,127-21-2811
bank_0,1,179,282-08-1208
bank_0,1,180,548-52-0437
bank_0,1,181,713-99-4607
bank_0,1,182,447-85-7718
bank_0,1,183,169-28-3637
bank_0,1,184,645-84-8009
bank_0,1,185,450-56-5439
bank_0,1,186,665-54-3800
bank_0,1,187,795-41-2107
bank_0,1,188,306-58-6528
bank_0,1,189,477-02-8295
bank_0,1,190,596-32-4092
bank_0,1,191,208-44-1080
bank_0,1,192,377-24-3257
bank_0,1,193,419-83-2998
bank_0,1,194,833-03-8888
bank_0,1,195,665-16-1654
bank_0,1,196,802-32-8680
bank_0,1,197,694-33-1590
bank_0,1,198,687-49-1801
bank_0,1,199,581-32-0532
bank_0,1,200,296-33-1313
bank_0,1,201,792-13-1902
bank_0,1,202,211-54-1078
bank_0,1,203,449-31-0065
bank_0,1,204,231-42-7601
bank_0,1,205,536-79-6259
bank_0,1,206,165-33-0510
bank_0,1,207,010-46-7806
bank_0,1,208,164-17-4234
bank_0,1,209,490-05-5342
bank_0,1,210,246-80-0637
bank_0,1,211,094-17-9857
bank_0,1,212,105-28-5566
bank_0,1,213,378-93-2562
bank_0,1,214,735-20-3167
bank_0,1,215,109-47-4376
bank_0,1,216,063-96-2258
bank_0,1,217,556-07-0607
bank_0,1,218,644-32-6446
bank_0,1,219,272-03-5187
bank_0,1,220,235-17-6660
bank_0,1,221,620-45-8636
bank_0,1,222,040-01-9337
bank_0,1,223,693-93-7173
bank_0,1,224,660-23-1167
bank_0,1,225,696-20-7670
bank_0,1,226,327-08-7755
bank_0,1,227,536-68-6849
bank_0,1,228,420-86-4305
bank_0,1,229,019-51-9792
bank_0,1,230,377-80-3721
bank_0,1,231,393-07-4910
bank_0,1,232,267-89-9457
bank_0,1,233,651-96-1400
bank_0,1,234,127-21-8516
bank_0,1,235,866-97-8713
bank_0,1,236,456-72-3979
bank_0,1,237,281-72-0322
bank_0,1,238,061-32-5712
bank_0,1,239,178-92-9351
bank_0,1,240,014-25-8404
bank_0,1,241,481-29-6433
bank_0,1,242,809-73-8100
bank_0,1,243,412-45-9432
bank_0,1,244,175-15-1113
bank_0,1,245,222-21-2666
bank_0,1,246,517-26-4570
bank_0,1,247,514-85-6379
bank_0,1,248,100-42-1569
bank_0,1,249,476-30-2336
bank_0,1,250,799-32-2294
bank_0,1,251,181-77-5425
bank_0,1,252,342-91-1124
bank_0,1,253,216-61-7115
bank_0,1,254,258-06-3066
bank_0,1,255,082-59-1102
bank_0,1,256,566-84-8179
bank_0,1,257,694-95-3314
bank_0,1,258,899-70-2976
bank_0,1,259,476-72-3242
bank_0,1,260,374-87-4334
bank_0,1,261,006-98-3160
bank_0,1,262,128-09-9965
bank_0,1,263,550-72-4177
bank_0,1,264,136-42-0448
bank_0,1,265,477-22-3253
bank_0,1,266,784-56-8961
bank_0,1,267,384-60-4279
bank_0,1,268,236-07-1456
bank_0,1,269,061-70-5724
bank_0,1,270,395-67-1871
bank_0,1,271,834-02-3482
bank_0,1,272,704-18-9605
bank_0,1,273,321-39-5358
bank_0,1,274,223-42-5133
bank_0,1,275,088-81-0195
bank_0,1,276,272-86-3342
bank_0,1,277,187-20-4884
bank_0,1,278,023-28-0095
bank_0,1,279,082-99-5992
bank_0,1,280,876-61-0600
bank_0,1,281,213-16-7275
bank_0,1,282,164-59-4927
bank_0,1,283,180-44-8203
bank_0,1,284,386-40-2564
bank_0,1,285,639-67-6368
bank_0,1,286,261-10-6814
bank_0,1,287,188-45-0512
bank_0,1,288,858-85-6646
bank_0,1,289,163-06-6090
bank_0,1,290,182-11-6516
bank_0,1,291,480-78-8301
bank_0,1,292,168-93-3037
bank_0,1,293,088-87-7779
bank_0,1,294,471-65-0012
bank_0,1,295,115-60-0413
bank_0,1,296,626-14-4294
bank_0,1,297,549-11-8393
bank_0,1,298,812-24-8516
bank_0,1,299,503-09-1946
bank_0,1,300,461-17-1447
bank_0,1,301,856-90-9316
bank_0,1,302,608-01-8278
bank_0,1,303,694-87-2973
bank_0,1,304,428-16-4437
bank_0,1,305,485-81-1822
bank_0,1,306,211-58-4754
bank_0,1,307,127-08-2337
bank_0,1,308,111-40-1839
bank_0,1,309,821-77-0456
bank_0,1,310,290-47-5799
bank_0,1,311,655-71-9795
bank_0,1,312,354-95-2569
bank_0,1,313,415-08-6427
bank_0,1,314,008-74-9176
bank_0,1,315,424-03-3233
bank_0,1,316,729-60-8460
bank_0,1,317,377-70-3876
bank_0,1,318,130-01-0272
bank_0,1,319,257-56-7367
bank_0,1,320,676-03-5492
bank_0,1,321,162-98-7416
bank_0,1,322,433-98-1057
bank_0,1,323,356-70-3168
bank_0,1,324,628-22-9673
bank_0,1,325,318-86-4930
bank_0,1,326,722-33-9032
bank_0,1,327,614-09-7135
bank_0,1,328,036-33-5710
bank_0,1,329,670-63-4173
bank_0,1,330,331-48-9601
bank_0,1,331,601-98-3960
bank_0,1,332,340-45-9882
bank_0,1,333,337-59-6476
bank_0,1,334,243-15-5212
bank_0,1,335,440-33-5408
bank_0,1,336,368-58-9842
bank_0,1,337,440-01-6695
bank_0,1,338,620-85-1596
bank_0,1,339,771-76-6791
bank_0,1,340,174-02-6213
bank_0,1,341,206-41-2308
bank_0,1,342,568-51-6688
bank_0,1,343,829-40-1570
bank_0,1,344,430-71-5747
bank_0,1,345,492-72-1119
bank_0,1,346,133-58-5687
bank_0,1,347,587-95-1860
bank_0,1,348,085-45-0266
bank_0,1,349,175-12-9014
bank_0,1,350,603-36-4435
bank_0,1,351,338-27-0152
bank_0,1,352,355-07-3669
bank_0,1,353,555-47-1576
bank_0,1,354,368-78-2699
bank_0,1,355,212-42-1058
bank_0,1,356,005-98-8905
bank_0,1,357,647-17-5833
bank_0,1,358,538-37-1183
bank_0,1,359,356-14-5349
bank_0,1,360,545-90-8016
bank_0,1,361,340-09-7690
bank_0,1,362,733-75-1433
bank_0,1,363,078-80-7979
bank_0,1,364,473-09-4976
bank_0,1,365,250-88-8241
bank_0,1,366,198-61-7342
bank_0,1,367,563-55-4567
bank_0,1,368,662-76-8682
bank_0,1,369,108-53-3130
bank_0,1,370,104-18-7516
bank_0,1,371,304-11-0207
bank_0,1,372,867-24-2168
bank_0,1,373,521-31-8220
bank_0,1,374,786-20-7479
bank_0,1,375,874-73-2399
bank_0,1,376,769-77-0051
bank_0,1,377,271-24-5341
bank_0,1,378,655-83-5625
bank_0,1,379,667-88-1737
bank_0,1,380,070-96-9632
bank_0,1,381,251-38-5239
bank_0,1,382,740-28-4070
bank_0,1,383,374-05-9458
bank_0,1,384,556-62-0577
bank_0,1,385,061-29-9087
bank_0,1,386,312-60-0052
bank_0,1,387,840-61-1814
bank_0,1,388,019-08-0126
bank_0,1,389,012-91-0234
bank_0,1,390,429-58-9145
bank_0,1,391,707-88-6397
bank_0,1,392,420-90-2235
bank_0,1,393,473-21-7380
bank_0,1,394,706-15-6528
bank_0,1,395,048-10-7520
bank_0,1,396,471-20-6386
bank_0,1,397,881-99-5457
bank_0,1,398,252-25-4553
bank_0,1,399,431-62-4090
bank_0,1,400,434-70-1992
bank_0,1,401,020-52-2099
bank_0,1,402,849-49-9460
bank_0,1,403,517-49-3362
bank_0,1,404,239-28-3161
bank_0,1,405,291-03-0271
bank_0,1,406,589-40-5806
bank_0,1,407,113-73-5703
bank_0,1,408,652-10-2143
bank_0,1,409,344-36-1942
bank_0,1,410,336-45-8689
bank_0,1,411,143-81-9117
bank_0,1,412,856-18-1790
bank_0,1,413,513-98-3574
bank_0,1,414,838-37-8848
bank_0,1,415,634-84-5146
bank_0,1,416,537-87-2249
bank_0,1,417,799-09-5836
bank_0,1,418,827-47-3071
bank_0,1,419,504-53-3732
bank_0,1,420,330-21-7865
bank_0,1,421,761-50-3532
bank_0,1,422,781-50-1936
bank_0,1,423,522-01-5605
bank_0,1,424,385-97-3428
bank_0,1,425,595-27-0616
bank_0,1,426,549-88-2213
bank_0,1,427,705-51-7655
bank_0,1,428,408-26-3805
bank_0,1,429,151-21-9136
bank_0,1,430,645-25-4444
bank_0,1,431,161-59-7462
bank_0,1,432,894-41-5605
bank_0,1,433,018-53-7628
bank_0,1,434,106-67-7365
bank_0,1,435,330-81-5961
bank_0,1,436,472-80-6910
bank_0,1,437,297-30-9986
bank_0,1,438,499-52-4073
bank_0,1,439,369-08-8400
bank_0,1,440,701-28-9884
bank_0,1,441,667-21-4359
bank_0,1,442,366-69-4062
bank_0,1,443,238-77-4121
bank_0,1,444,829-96-5164
bank_0,1,445,877-29-9531
bank_0,1,446,219-37-1649
bank_0,1,447,465-72-1597
bank_0,1,448,778-30-4337
bank_0,1,449,128-95-4782
bank_0,1,450,135-90-2324
bank_0,1,451,499-23-6792
bank_0,1,452,047-80-2976
bank_0,1,453,887-03-7369
bank_0,1,454,551-68-9086
bank_0,1,455,828-73-5257
bank_0,1,456,872-32-5730
bank_0,1,457,191-27-3580
bank_0,1,458,829-62-2166
bank_0,1,459,236-83-9210
bank_0,1,460,547-09-1399
bank_0,1,461,244-77-5534
bank_0,1,462,531-63-8665
bank_0,1,463,173-65-0827
bank_0,1,464,186-89-1060
bank_0,1,465,471-33-5459
bank_0,1,466,565-92-8972
bank_0,1,467,261-11-7184
bank_0,1,468,402-75-3227
bank_0,1,469,533-37-9648
bank_0,1,470,866-25-3982
bank_0,1,471,323-35-0723
bank_0,1,472,365-67-3373
bank_0,1,473,859-63-6954
bank_0,1,474,120-76-6090
bank_0,1,475,046-59-2929
bank_0,1,476,747-57-1577
bank_0,1,477,176-93-8785
bank_0,1,478,520-58-1330
bank_0,1,479,892-76-0642
bank_0,1,480,220-70-3590
bank_0,1,481,321-90-9950
bank_0,1,482,518-63-1577
bank_0,1,483,672-71-7752
bank_0,1,484,866-98-0311
bank_0,1,485,339-58-3824
bank_0,1,486,074-82-5039
bank_0,1,487,644-57-9918
bank_0,1,488,843-54-7350
bank_0,1,489,670-54-6153
bank_0,1,490,865-71-4129
bank_0,1,491,494-70-1104
bank_0,1,492,401-04-9029
bank_0,1,493,727-07-0126
bank_0,1,494,505-84-5456
bank_0,1,495,508-39-3797
bank_0,1,496,629-20-6511
bank_0,1,497,133-59-2378
bank_0,1,498,317-70-4943
bank_0,1,499,825-63-7779
bank_0,1,500,871-57-6704
bank_0,1,501,495-07-7225
bank_0,1,502,581-50-4493
bank_0,1,503,271-80-0433
bank_0,1,504,795-14-0716
bank_0,1,505,496-11-1143
bank_0,1,506,131-62-3014
bank_0,1,507,276-53-0890
bank_0,1,508,515-19-6991
bank_0,1,509,379-42-1156
bank_0,1,510,428-38-3387
bank_0,1,511,842-96-6989
bank_0,1,512,693-98-0505
bank_0,1,513,861-51-9102
bank_0,1,514,761-52-0210
bank_0,1,515,296-87-7949
bank_0,1,516,540-23-2629
bank_0,1,517,153-28-5232
bank_0,1,518,869-18-2622
bank_0,1,519,452-08-3648
bank_0,1,520,354-61-7911
bank_0,1,521,758-30-4345
bank_0,1,522,722-11-2729
bank_0,1,523,250-71-5424
bank_0,1,524,720-99-2531
bank_0,1,525,090-16-6945
bank_0,1,526,742-49-5373
bank_0,1,527,554-62-6834
bank_0,1,528,718-05-9367
bank_0,1,529,455-59-1847
bank_0,1,530,205-06-3953
bank_0,1,531,860-39-5425
bank_0,1,532,180-56-0169
bank_0,1,533,593-89-5864
bank_0,1,534,348-88-6382
bank_0,1,535,211-75-0761
bank_0,1,536,884-14-0075
bank_0,1,537,193-83-3445
bank_0,1,538,160-48-2033
bank_0,1,539,332-44-0117
bank_0,1,540,108-62-5014
bank_0,1,541,467-07-2153
bank_0,1,542,544-88-9168
bank_0,1,543,774-24-4314
bank_0,1,544,341-91-5441
bank_0,1,545,744-31-2646
bank_0,1,546,672-77-9848
bank_0,1,547,486-84-2409
bank_0,1,548,665-59-4314
bank_0,1,549,874-40-5017
bank_0,1,550,294-68-2340
bank_0,1,551,340-30-6173
bank_0,1,552,032-35-6449
bank_0,1,553,182-51-9494
bank_0,1,554,769-25-5391
bank_0,1,555,891-36-3279
bank_0,1,556,153-03-1336
bank_0,1,557,597-03-1042
bank_0,1,558,746-24-0408
bank_0,1,559,885-95-9603
bank_0,1,560,537-14-7161
bank_0,1,561,258-73-4232
bank_0,1,562,492-45-8936
bank_0,1,563,378-22-2116
bank_0,1,564,176-52-1360
bank_0,1,565,206-99-4314
bank_0,1,566,322-91-7870
bank_0,1,567,423-32-7913
bank_0,1,568,880-57-4386
bank_0,1,569,817-75-7121
bank_0,1,570,719-33-8376
bank_0,1,571,667-84-6720
bank_0,1,572,364-31-6108
bank_0,1,573,812-97-3454
bank_0,1,574,012-82-9602
bank_0,1,575,458-73-3478
bank_0,1,576,397-67-8652
bank_0,1,577,467-05-7954
bank_0,1,578,042-10-9844
bank_0,1,579,107-63-0040
bank_0,1,580,725-45-5159
bank_0,1,581,692-01-8682
bank_0,1,582,079-35-0671
bank_0,1,583,865-85-9324
bank_0,1,584,191-40-2239
bank_0,1,585,217-91-9853
bank_0,1,586,267-34-3569
bank_0,1,587,409-14-2731
bank_0,1,588,096-53-1555
bank_0,1,589,704-55-2904
bank_0,1,590,189-43-3139
bank_0,1,591,515-52-2191
bank_0,1,592,842-05-2120
bank_0,1,593,559-42-1073
bank_0,1,594,571-85-1528
bank_0,1,595,340-94-3293
bank_0,1,596,338-99-8124
bank_0,1,597,600-32-2815
bank_0,1,598,087-05-8413
bank_0,1,599,298-30-3446
bank_0,1,600,510-46-8574
bank_0,1,601,084-59-1857
bank_0,1,602,813-47-2965
bank_0,1,603,041-81-4701
bank_0,1,604,598-74-6030
bank_0,1,605,225-09-7987
bank_0,1,606,818-15-1991
bank_0,1,607,601-41-4478
bank_0,1,608,249-71-1892
bank_0,1,609,093-14-1938
bank_0,1,610,724-63-9954
bank_0,1,611,188-64-7472
bank_0,1,612,445-04-6977
bank_0,1,613,652-86-1082
bank_0,1,614,589-18-0648
bank_0,1,615,647-48-1067
bank_0,1,616,610-47-1653
bank_0,1,617,818-72-7211
bank_0,1,618,045-84-9741
bank_0,1,619,276-89-0781
bank_0,1,620,249-62-1889
bank_0,1,621,708-81-3699
bank_0,1,622,047-16-2155
bank_0,1,623,645-53-9653
bank_0,1,624,805-50-1178
bank_0,1,625,538-30-0194
bank_0,1,626,433-91-5150
bank_0,1,627,708-98-5931
bank_0,1,628,448-48-2915
bank_0,1,629,171-14-2380
bank_0,1,630,748-94-9208
bank_0,1,631,184-02-7582
bank_0,1,632,710-19-0629
bank_0,1,633,546-92-4179
bank_0,1,634,706-75-7817
bank_0,1,635,579-44-0476
bank_0,1,636,581-96-5414
bank_0,1,637,502-72-5946
bank_0,1,638,064-90-3049
bank_0,1,639,357-29-5577
bank_0,1,640,253-18-9678
bank_0,1,641,439-07-8753
bank_0,1,642,890-82-2074
bank_0,1,643,349-73-3179
bank_0,1,644,227-55-1050
bank_0,1,645,295-82-7642
bank_0,1,646,738-99-5713
bank_0,1,647,491-51-7866
bank_0,1,648,108-45-0559
bank_0,1,649,762-95-0356
bank_0,1,650,641-91-2933
bank_0,1,651,118-59-2712
bank_0,1,652,395-91-8457
bank_0,1,653,208-51-2019
bank_0,1,654,722-57-2801
bank_0,1,655,162-42-1371
bank_0,1,656,232-84-9460
bank_0,1,657,708-16-4441
bank_0,1,658,588-34-3092
bank_0,1,659,466-51-7553
bank_0,1,660,299-21-4781
bank_0,1,661,564-79-3519
bank_0,1,662,740-60-1334
bank_0,1,663,140-43-7158
bank_0,1,664,663-70-1346
bank_0,1,665,440-81-8349
bank_0,1,666,106-05-1111
bank_0,1,667,284-99-0997
bank_0,1,668,297-24-5211
bank_0,1,669,671-81-2539
bank_0,1,670,721-91-3983
bank_0,1,671,489-62-5871
bank_0,1,672,146-32-4803
bank_0,1,673,562-09-2854
bank_0,1,674,609-07-0625
bank_0,1,675,270-19-8944
bank_0,1,676,831-52-3268
bank_0,1,677,304-74-7317
bank_0,1,678,364-49-7277
bank_0,1,679,357-74-3113
bank_0,1,680,070-65-3128
bank_0,1,681,778-54-9655
bank_0,1,682,345-76-5116
bank_0,1,683,328-26-6901
bank_0,1,684,398-18-9641
bank_0,1,685,529-59-2728
bank_0,1,686,317-82-1048
bank_0,1,687,425-96-9822
bank_0,1,688,108-85-8186
bank_0,1,689,152-74-2483
bank_0,1,690,413-92-9850
bank_0,1,691,703-67-5013
bank_0,1,692,801-22-7700
bank_0,1,693,847-28-9524
bank_0,1,694,702-02-7145
bank_0,1,695,284-07-9021
bank_0,1,696,137-29-7038
bank_0,1,697,760-97-2643
bank_0,1,698,102-31-3585
bank_0,1,699,125-27-3280
bank_0,1,700,672-73-4715
bank_0,1,701,737-26-0775
bank_0,1,702,785-17-0165
bank_0,1,703,537-28-5751
bank_0,1,704,573-96-7646
bank_0,1,705,357-69-3967
bank_0,1,706,734-70-7841
bank_0,1,707,097-32-2390
bank_0,1,708,502-91-0738
bank_0,1,709,299-61-3453
bank_0,1,710,123-76-1138
bank_0,1,711,302-96-0869
bank_0,1,712,748-63-7538
bank_0,1,713,694-32-0527
bank_0,1,714,377-16-4149
bank_0,1,715,698-92-0074
bank_0,1,716,135-67-2324
bank_0,1,717,171-07-0940
bank_0,1,718,485-05-5000
bank_0,1,719,089-25-7831
bank_0,1,720,532-34-6527
bank_0,1,721,288-52-0886
bank_0,1,722,034-09-8359
bank_0,1,723,561-97-7015
bank_0,1,724,499-31-6407
bank_0,1,725,526-92-0958
bank_0,1,726,637-02-3488
bank_0,1,727,115-30-9621
bank_0,1,728,497-88-3485
bank_0,1,729,855-96-5797
bank_0,1,730,794-77-9334
bank_0,1,731,007-18-3722
bank_0,1,732,845-42-5810
bank_0,1,733,468-91-6867
bank_0,1,734,549-83-3870
bank_0,1,735,741-17-4643
bank_0,1,736,636-67-7336
bank_0,1,737,807-71-5419
bank_0,1,738,071-85-9113
bank_0,1,739,792-07-1999
bank_0,1,740,529-91-6422
bank_0,1,741,593-71-8060
bank_0,1,742,186-28-0652
bank_0,1,743,124-57-6238
bank_0,1,744,526-44-8793
bank_0,1,745,132-65-5220
bank_0,1,746,326-80-2137
bank_0,1,747,218-29-3783
bank_0,1,748,559-71-3960
bank_0,1,749,849-33-1542
bank_0,1,750,229-61-3985
bank_0,1,751,188-33-6004
bank_0,1,752,449-46-7707
bank_0,1,753,146-75-2746
bank_0,1,754,251-63-0712
bank_0,1,755,296-67-0374
bank_0,1,756,468-23-5310
bank_0,1,757,164-77-1746
bank_0,1,758,837-85-2914
bank_0,1,759,039-97-4984
bank_0,1,760,837-88-4058
bank_0,1,761,372-63-2269
bank_0,1,762,357-76-1424
bank_0,1,763,254-52-5204
bank_0,1,764,627-54-4631
bank_0,1,765,668-90-7357
bank_0,1,766,451-55-7344
bank_0,1,767,497-12-3722
bank_0,1,768,733-13-9551
bank_0,1,769,877-08-8515
bank_0,1,770,523-42-1505
bank_0,1,771,256-39-8931
bank_0,1,772,229-16-9027
bank_0,1,773,326-82-8174
bank_0,1,774,707-95-1214
bank_0,1,775,318-34-3580
bank_0,1,776,230-55-9664
bank_0,1,777,266-17-9705
bank_0,1,778,507-58-0354
bank_0,1,779,585-28-1586
bank_0,1,780,663-67-3915
bank_0,1,781,697-05-0213
bank_0,1,782,633-99-2163
bank_0,1,783,384-61-8453
bank_0,1,784,784-53-1486
bank_0,1,785,042-56-6275
bank_0,1,786,316-50-7549
bank_0,1,787,226-39-2630
bank_0,1,788,435-87-8024
bank_0,1,789,047-90-6447
bank_0,1,790,316-91-5830
bank_0,1,791,183-53-6530
bank_0,1,792,860-85-3332
bank_0,1,793,303-89-0659
bank_0,1,794,587-60-4850
bank_0,1,795,630-88-8909
bank_0,1,796,794-97-2703
bank_0,1,797,084-51-3858
bank_0,1,798,748-33-7479
bank_0,1,799,358-78-4400
bank_0,1,800,626-10-7905
bank_0,1,801,393-30-1246
bank_0,1,802,180-60-9079
bank_0,1,803,235-73-8199
bank_0,1,804,428-10-4499
bank_0,1,805,758-34-6462
bank_0,1,806,284-41-1721
bank_0,1,807,839-97-6594
bank_0,1,808,795-15-5546
bank_0,1,809,889-72-6776
bank_0,1,810,541-21-4347
bank_0,1,811,574-91-3963
bank_0,1,812,728-48-2815
bank_0,1,813,132-07-3541
bank_0,1,814,662-99-0673
bank_0,1,815,200-25-9348
bank_0,1,816,017-08-4408
bank_0,1,817,598-17-2891
bank_0,1,818,530-13-6495
bank_0,1,819,262-64-7763
bank_0,1,820,745-80-7758
bank_0,1,821,049-45-8690
bank_0,1,822,359-27-9190
bank_0,1,823,781-27-8672
bank_0,1,824,799-12-8582
bank_0,1,825,703-79-4990
bank_0,1,826,292-41-8242
bank_0,1,827,119-80-5528
bank_0,1,828,230-09-5689
bank_0,1,829,487-01-7141
bank_0,1,830,018-59-3799
bank_0,1,831,737-47-9550
bank_0,1,832,183-74-0242
bank_0,1,833,581-21-4913
bank_0,1,834,259-15-5391
bank_0,1,835,670-55-2615
bank_0,1,836,307-52-0538
bank_0,1,837,172-66-7350
bank_0,1,838,823-68-3602
bank_0,1,839,342-14-0097
bank_0,1,840,261-88-6767
bank_0,1,841,590-70-7494
bank_0,1,842,446-14-8675
bank_0,1,843,832-22-9973
bank_0,1,844,444-79-7857
bank_0,1,845,758-18-5368
bank_0,1,846,812-96-6015
bank_0,1,847,665-37-4742
bank_0,1,848,801-67-9596
bank_0,1,849,890-08-4031
bank_0,1,850,742-12-3130
bank_0,1,851,699-87-2564
bank_0,1,852,742-94-5807
bank_0,1,853,864-96-1018
bank_0,1,854,425-70-4690
bank_0,1,855,082-62-0808
bank_0,1,856,739-52-3644
bank_0,1,857,303-73-4659
bank_0,1,858,530-58-2371
bank_0,1,859,519-79-4346
bank_0,1,860,415-79-9507
bank_0,1,861,009-03-3290
bank_0,1,862,148-03-0202
bank_0,1,863,871-83-4739
bank_0,1,864,268-77-4696
bank_0,1,865,308-35-7471
bank_0,1,866,465-28-2352
bank_0,1,867,518-95-6964
bank_0,1,868,808-30-3800
bank_0,1,869,008-43-6966
bank_0,1,870,347-46-8375
bank_0,1,871,263-66-1863
bank_0,1,872,478-33-0379
bank_0,1,873,590-91-5204
bank_0,1,874,870-80-6249
bank_0,1,875,305-63-9624
bank_0,1,876,234-67-9304
bank_0,1,877,285-69-1982
bank_0,1,878,679-66-0171
bank_0,1,879,104-62-7647
bank_0,1,880,410-78-3241
bank_0,1,881,472-08-2096
bank_0,1,882,436-33-7910
bank_0,1,883,274-96-8751
bank_0,1,884,839-45-9282
bank_0,1,885,372-82-5456
bank_0,1,886,839-43-6956
bank_0,1,887,434-44-8660
bank_0,1,888,460-20-2725
bank_0,1,889,573-27-9021
bank_0,1,890,498-52-3434
bank_0,1,891,185-28-1775
bank_0,1,892,754-68-9657
bank_0,1,893,754-91-8676
bank_0,1,894,781-38-4344
bank_0,1,895,643-07-7137
bank_0,1,896,325-92-3500
bank_0,1,897,838-83-8433
bank_0,1,898,604-48-8113
bank_0,1,899,590-32-3823
bank_0,1,900,655-38-0889
bank_0,1,901,731-94-8604
bank_0,1,902,316-46-4402
bank_0,1,903,095-13-6877
bank_0,1,904,086-29-7493
bank_0,1,905,241-04-3910
bank_0,1,906,312-08-4865
bank_0,1,907,590-11-9419
bank_0,1,908,700-95-8311
bank_0,1,909,653-52-2379
bank_0,1,910,026-93-4396
bank_0,1,911,801-58-8757
bank_0,1,912,188-52-2788
bank_0,1,913,361-16-6730
bank_0,1,914,095-48-3019
bank_0,1,915,122-11-1306
bank_0,1,916,702-09-7491
bank_0,1,917,826-17-4054
bank_0,1,918,782-52-9184
bank_0,1,919,268-05-0677
bank_0,1,920,509-78-4733
bank_0,1,921,448-18-1125
bank_0,1,922,684-74-7685
bank_0,1,923,219-39-2486
bank_0,1,924,119-82-5219
bank_0,1,925,269-89-0467
bank_0,1,926,380-80-7714
bank_0,1,927,749-60-0570
bank_0,1,928,194-87-6573
bank_0,1,929,395-68-6244
bank_0,1,930,726-41-1599
bank_0,1,931,452-39-5322
bank_0,1,932,263-33-8069
bank_0,1,933,446-36-4502
bank_0,1,934,006-25-4815
bank_0,1,935,132-28-5070
bank_0,1,936,234-73-3058
bank_0,1,937,356-72-0400
bank_0,1,938,295-32-2068
bank_0,1,939,841-52-4214
bank_0,1,940,182-53-2887
bank_0,1,941,436-49-2884
bank_0,1,942,316-66-2062
bank_0,1,943,497-50-4392
bank_0,1,944,651-07-1283
bank_0,1,945,187-33-7127
bank_0,1,946,701-63-2368
bank_0,1,947,631-86-1633
bank_0,1,948,601-89-8464
bank_0,1,949,064-11-0257
bank_0,1,950,201-27-9869
bank_0,1,951,051-34-0627
bank_0,1,952,586-16-6211
bank_0,1,953,820-95-3525
bank_0,1,954,673-53-2286
bank_0,1,955,441-53-7584
bank_0,1,956,039-31-4472
bank_0,1,957,472-74-6091
bank_0,1,958,847-71-9751
bank_0,1,959,429-39-2533
bank_0,1,960,065-66-7546
bank_0,1,961,606-80-7665
bank_0,1,962,473-03-9462
bank_0,1,963,477-40-2472
bank_0,1,964,286-37-3805
bank_0,1,965,611-80-9071
bank_0,1,966,397-27-4510
bank_0,1,967,237-92-6323
bank_0,1,968,762-53-0615
bank_0,1,969,698-31-1841
bank_0,1,970,107-79-7885
bank_0,1,971,817-08-2751
bank_0,1,972,084-47-6682
bank_0,1,973,654-48-0736
bank_0,1,974,617-90-0289
bank_0,1,975,048-22-7297
bank_0,1,976,577-16-8449
bank_0,1,977,131-47-4324
bank_0,1,978,675-60-3128
bank_0,1,979,580-61-7568
bank_0,1,980,719-94-5441
bank_0,1,981,238-28-2716
bank_0,1,982,191-01-5317
bank_0,1,983,733-13-0710
bank_0,1,984,473-68-0027
bank_0,1,985,608-44-9366
bank_0,1,986,349-38-8081
bank_0,1,987,850-56-6227
bank_0,1,988,679-29-2582
bank_0,1,989,520-13-6684
bank_0,1,990,696-47-2070
bank_0,1,991,768-50-1679
bank_0,1,992,307-29-3694
bank_0,1,993,789-99-4503
bank_0,1,994,371-16-0087
bank_0,1,995,523-79-6458
bank_0,1,996,523-52-2199
bank_0,1,997,018-09-3026
bank_0,1,998,795-11-8541
bank_0,1,999,491-46-8707
bank_0,1,1000,355-88-2406
bank_0,1,1001,113-64-1618
bank_0,1,1002,174-70-7568
bank_0,1,1003,568-27-8127
bank_0,1,1004,321-31-4944
bank_0,1,1005,386-09-5945
bank_0,1,1006,105-20-5815
bank_0,1,1007,457-15-3419
bank_0,1,1008,250-25-3392
bank_0,1,1009,222-86-7256
bank_0,1,1010,811-27-8925
bank_0,1,1011,293-22-2731
bank_0,1,1012,787-68-3341
bank_0,1,1013,016-22-7199
bank_0,1,1014,477-97-7552
bank_0,1,1015,381-86-5894
bank_0,1,1016,343-40-4658
bank_0,1,1017,079-92-1139
bank_0,1,1018,429-77-7234
bank_0,1,1019,729-27-5995
bank_0,1,1020,093-67-4583
bank_0,1,1021,028-40-9974
bank_0,1,1022,526-56-3026
bank_0,1,1023,757-44-4531
bank_0,1,1024,767-14-1534
bank_0,1,1025,376-90-7558
bank_0,1,1026,809-98-1882
bank_0,1,1027,885-98-9716
bank_0,1,1028,321-19-1610
bank_0,1,1029,077-82-7462
bank_0,1,1030,874-92-2599
bank_0,1,1031,319-77-7998
bank_0,1,1032,898-83-9949
bank_0,1,1033,398-53-2921
bank_0,1,1034,496-84-3013
bank_0,1,1035,260-24-4140
bank_0,1,1036,510-62-6627
bank_0,1,1037,490-05-7396
bank_0,1,1038,650-88-4208
bank_0,1,1039,872-62-4919
bank_0,1,1040,134-98-9798
bank_0,1,1041,291-83-9463
bank_0,1,1042,082-49-4697
bank_0,1,1043,785-97-6438
bank_0,1,1044,182-53-3013
bank_0,1,1045,443-32-9373
bank_0,1,1046,033-72-0256
bank_0,1,1047,518-73-5189
bank_0,1,1048,822-23-8087
bank_0,1,1049,054-60-4059
bank_0,1,1050,372-70-0948
bank_0,1,1051,051-42-5124
bank_0,1,1052,866-45-3184
bank_0,1,1053,254-98-9876
bank_0,1,1054,524-76-2036
bank_0,1,1055,584-58-0483
bank_0,1,1056,389-80-8575
bank_0,1,1057,403-35-9162
bank_0,1,1058,725-66-4327
bank_0,1,1059,032-89-5772
bank_0,1,1060,862-10-6192
bank_0,1,1061,863-62-1658
bank_0,1,1062,228-31-6483
bank_0,1,1063,247-60-7655
bank_0,1,1064,184-48-8809
bank_0,1,1065,111-91-0145
bank_0,1,1066,227-33-2311
bank_0,1,1067,069-07-3750
bank_0,1,1068,351-90-4013
bank_0,1,1069,601-17-6595
bank_0,1,1070,235-18-9066
bank_0,1,1071,595-97-2546
bank_0,1,1072,093-11-8147
bank_0,1,1073,809-90-5297
bank_0,1,1074,047-80-0758
bank_0,1,1075,844-69-1284
bank_0,1,1076,215-86-7083
bank_0,1,1077,516-08-2364
bank_0,1,1078,163-31-0981
bank_0,1,1079,651-57-1040
bank_0,1,1080,701-09-1050
bank_0,1,1081,083-15-4393
bank_0,1,1082,813-29-4882
bank_0,1,1083,165-09-0428
bank_0,1,1084,571-07-9155
bank_0,1,1085,774-76-8345
bank_0,1,1086,534-01-2961
bank_0,1,1087,843-61-5410
bank_0,1,1088,462-49-9425
bank_0,1,1089,363-03-9698
bank_0,1,1090,649-72-0636
bank_0,1,1091,715-04-5756
bank_0,1,1092,682-52-3532
bank_0,1,1093,396-42-9583
bank_0,1,1094,224-74-9386
bank_0,1,1095,506-91-1865
bank_0,1,1096,139-95-5359
bank_0,1,1097,168-11-1302
bank_0,1,1098,002-79-1198
bank_0,1,1099,657-16-7852
bank_0,1,1100,315-13-6661
bank_0,1,1101,779-75-2374
bank_0,1,1102,201-70-6949
bank_0,1,1103,435-46-3449
bank_0,1,1104,381-05-1916
bank_0,1,1105,683-62-3937
bank_0,1,1106,077-72-0239
bank_0,1,1107,055-43-6865
bank_0,1,1108,171-82-8431
bank_0,1,1109,805-81-9275
bank_0,1,1110,263-53-6213
bank_0,1,1111,887-57-0424
bank_0,1,1112,847-85-8694
bank_0,1,1113,290-98-5245
bank_0,1,1114,463-89-5007
bank_0,1,1115,397-61-4403
bank_0,1,1116,299-34-4065
bank_0,1,1117,120-44-4202
bank_0,1,1118,734-97-3892
bank_0,1,1119,341-70-3330
bank_0,1,1120,023-62-3775
bank_0,1,1121,753-88-1752
bank_0,1,1122,071-18-7262
bank_0,1,1123,856-77-6145
bank_0,1,1124,519-24-3016
bank_0,1,1125,541-37-7247
bank_0,1,1126,391-54-8410
bank_0,1,1127,071-32-2868
bank_0,1,1128,320-99-9937
bank_0,1,1129,595-95-3084
bank_0,1,1130,714-41-3764
bank_0,1,1131,661-41-8243
bank_0,1,1132,107-13-6099
bank_0,1,1133,302-20-1634
bank_0,1,1134,805-93-5775
bank_0,1,1135,373-21-8312
bank_0,1,1136,528-58-8509
bank_0,1,1137,665-35-6268
bank_0,1,1138,238-62-6113
bank_0,1,1139,670-34-9067
bank_0,1,1140,813-43-0628
bank_0,1,1141,800-15-5291
bank_0,1,1142,274-82-9581
bank_0,1,1143,115-12-8982
bank_0,1,1144,033-78-2613
bank_0,1,1145,032-96-6237
bank_0,1,1146,340-18-9614
bank_0,1,1147,168-28-9048
bank_0,1,1148,665-61-4291
bank_0,1,1149,332-05-4764
bank_0,1,1150,693-94-9678
bank_0,1,1151,266-80-5905
bank_0,1,1152,785-20-4384
bank_0,1,1153,222-79-1989
bank_0,1,1154,848-99-6746
bank_0,1,1155,208-74-8236
bank_0,1,1156,340-79-5841
bank_0,1,1157,681-13-9627
bank_0,1,1158,345-63-2710
bank_0,1,1159,472-07-5382
bank_0,1,1160,533-08-6348
bank_0,1,1161,770-75-7920
bank_0,1,1162,659-53-6319
bank_0,1,1163,411-36-8984
bank_0,1,1164,817-96-6590
bank_0,1,1165,830-62-0713
bank_0,1,1166,386-08-3046
bank_0,1,1167,073-19-2555
bank_0,1,1168,203-96-6591
bank_0,1,1169,801-51-7284
bank_0,1,1170,457-47-7281
bank_0,1,1171,455-92-7597
bank_0,1,1172,528-51-7090
bank_0,1,1173,785-45-1377
bank_0,1,1174,672-44-4153
bank_0,1,1175,322-25-9694
bank_0,1,1176,854-14-7743
bank_0,1,1177,755-12-7447
bank_0,1,1178,573-96-6744
bank_0,1,1179,466-66-3834
bank_0,1,1180,300-55-4419
bank_0,1,1181,576-14-5677
bank_0,1,1182,262-20-4004
bank_0,1,1183,595-48-7603
bank_0,1,1184,426-20-2725
bank_0,1,1185,213-74-9556
bank_0,1,1186,279-42-4460
bank_0,1,1187,449-30-5125
bank_0,1,1188,045-04-2666
bank_0,1,1189,401-12-1599
bank_0,1,1190,371-42-0265
bank_0,1,1191,678-10-2651
bank_0,1,1192,318-32-1561
bank_0,1,1193,360-65-7669
bank_0,1,1194,824-23-6188
bank_0,1,1195,604-25-6323
bank_0,1,1196,777-30-5219
bank_0,1,1197,102-38-3114
bank_0,1,1198,437-46-1750
bank_0,1,1199,277-70-4214
bank_0,1,1200,297-56-1678
bank_0,1,1201,502-43-9927
bank_0,1,1202,890-25-8513
bank_0,1,1203,453-81-1792
bank_0,1,1204,021-99-2270
bank_0,1,1205,517-06-4263
bank_0,1,1206,742-80-2720
bank_0,1,1207,779-49-4303
bank_0,1,1208,034-31-9678
bank_0,1,1209,596-71-2294
bank_0,1,1210,851-97-8978
bank_0,1,1211,346-10-4806
bank_0,1,1212,494-97-7889
bank_0,1,1213,072-18-0172
bank_0,1,1214,833-38-5390
bank_0,1,1215,383-99-0233
bank_0,1,1216,527-79-1648
bank_0,1,1217,214-71-9413
bank_0,1,1218,761-81-1213
bank_0,1,1219,089-40-2667
bank_0,1,1220,144-57-6830
bank_0,1,1221,267-85-0749
bank_0,1,1222,665-27-7865
bank_0,1,1223,729-98-8838
bank_0,1,1224,379-72-8324
bank_0,1,1225,479-80-4413
bank_0,1,1226,619-34-4113
bank_0,1,1227,211-06-9680
bank_0,1,1228,051-54-5832
bank_0,1,1229,358-19-7382
bank_0,1,1230,570-22-5025
bank_0,1,1231,697-64-2862
bank_0,1,1232,898-75-0234
bank_0,1,1233,767-14-8068
bank_0,1,1234,727-21-8277
bank_0,1,1235,412-14-3959
bank_0,1,1236,824-74-8314
bank_0,1,1237,276-70-1143
bank_0,1,1238,728-81-1047
bank_0,1,1239,829-09-9403
bank_0,1,1240,830-75-1028
bank_0,1,1241,492-79-9085
bank_0,1,1242,166-75-8005
bank_0,1,1243,649-48-2386
bank_0,1,1244,083-71-4715
bank_0,1,1245,633-19-2595
bank_0,1,1246,043-96-0412
bank_0,1,1247,195-33-1310
bank_0,1,1248,454-40-7760
bank_0,1,1249,159-44-0602
bank_0,1,1250,061-36-7820
bank_0,1,1251,390-93-4720
bank_0,1,1252,846-70-3302
bank_0,1,1253,164-06-8124
bank_0,1,1254,513-30-3359
bank_0,1,1255,529-37-8490
bank_0,1,1256,422-27-5545
bank_0,1,1257,653-12-7919
bank_0,1,1258,894-12-3420
bank_0,1,1259,861-83-8826
bank_0,1,1260,300-73-7357
bank_0,1,1261,367-02-4752
bank_0,1,1262,524-80-2908
bank_0,1,1263,400-85-3827
bank_0,1,1264,324-83-6725
bank_0,1,1265,307-56-6810
bank_0,1,1266,379-24-5120
bank_0,1,1267,223-27-2269
bank_0,1,1268,078-46-2411
bank_0,1,1269,331-64-6614
bank_0,1,1270,602-62-1254
bank_0,1,1271,322-09-7366
bank_0,1,1272,728-49-2007
bank_0,1,1273,369-74-5297
bank_0,1,1274,592-92-8017
bank_0,1,1275,281-82-7647
bank_0,1,1276,851-77-7601
bank_0,1,1277,460-95-8885
bank_0,1,1278,145-11-3272
bank_0,1,1279,658-37-9232
bank_0,1,1280,124-04-9739
bank_0,1,1281,038-01-2194
bank_0,1,1282,251-10-6317
bank_0,1,1283,889-63-2448
bank_0,1,1284,576-96-7142
bank_0,1,1285,264-03-0951
bank_0,1,1286,363-86-7347
bank_0,1,1287,461-74-4260
bank_0,1,1288,093-47-5942
bank_0,1,1289,489-31-3765
bank_0,1,1290,113-98-2930
bank_0,1,1291,003-47-2240
bank_0,1,1292,482-43-0460
bank_0,1,1293,468-92-2305
bank_0,1,1294,805-78-4276
bank_0,1,1295,583-19-8443
bank_0,1,1296,082-40-7930
bank_0,1,1297,227-59-9569
bank_0,1,1298,760-18-1288
bank_0,1,1299,633-30-8325
bank_0,1,1300,036-42-6617
bank_0,1,1301,848-52-4921
bank_0,1,1302,667-75-5331
bank_0,1,1303,653-41-9928
bank_0,1,1304,820-20-3487
bank_0,1,1305,277-33-7034
bank_0,1,1306,218-90-6871
bank_0,1,1307,742-82-2144
bank_0,1,1308,044-07-1222
bank_0,1,1309,416-31-2522
bank_0,1,1310,104-13-9135
bank_0,1,1311,470-22-4810
bank_0,1,1312,253-36-7573
bank_0,1,1313,813-78-8376
bank_0,1,1314,106-14-1484
bank_0,1,1315,239-35-5941
bank_0,1,1316,493-47-9225
bank_0,1,1317,030-09-0271
bank_0,1,1318,677-19-7890
bank_0,1,1319,320-73-3713
bank_0,1,1320,443-22-0095
bank_0,1,1321,819-49-1099
bank_0,1,1322,055-57-4622
bank_0,1,1323,728-41-7463
bank_0,1,1324,490-53-7707
bank_0,1,1325,110-85-1913
bank_0,1,1326,722-15-6435
bank_0,1,1327,380-13-3132
bank_0,1,1328,697-66-1950
bank_0,1,1329,723-26-7096
bank_0,1,1330,524-27-9201
bank_0,1,1331,247-18-5427
bank_0,1,1332,633-64-2259
bank_0,1,1333,221-17-7238
bank_0,1,1334,728-37-7559
bank_0,1,1335,782-74-5433
bank_0,1,1336,576-05-8354
bank_0,1,1337,653-71-8452
bank_0,1,1338,280-57-2057
bank_0,1,1339,606-06-4587
bank_0,1,1340,740-55-4194
bank_0,1,1341,123-94-9150
bank_0,1,1342,891-29-1204
bank_0,1,1343,782-26-2058
bank_0,1,1344,581-06-1872
bank_0,1,1345,132-32-9319
bank_0,1,1346,420-07-1023
bank_0,1,1347,025-19-2994
bank_0,1,1348,013-99-5425
bank_0,1,1349,003-48-3807
bank_0,1,1350,204-53-2242
bank_0,1,1351,232-16-2594
bank_0,1,1352,078-67-4230
bank_0,1,1353,869-05-2308
bank_0,1,1354,564-21-1763
bank_0,1,1355,089-24-6404
bank_0,1,1356,619-53-0248
bank_0,1,1357,860-31-8376
bank_0,1,1358,206-67-2025
bank_0,1,1359,847-09-4407
bank_0,1,1360,476-78-3048
bank_0,1,1361,737-57-6694
bank_0,1,1362,012-91-9865
bank_0,1,1363,430-40-4435
bank_0,1,1364,866-68-8487
bank_0,1,1365,699-83-4412
bank_0,1,1366,426-97-9472
bank_0,1,1367,545-23-6409
bank_0,1,1368,680-70-9718
bank_0,1,1369,047-64-3335
bank_0,1,1370,834-09-1349
bank_0,1,1371,388-27-3725
bank_0,1,1372,863-72-2729
bank_0,1,1373,389-51-6589
bank_0,1,1374,796-60-9849
bank_0,1,1375,755-67-3160
bank_0,1,1376,459-71-2817
bank_0,1,1377,560-03-4082
bank_0,1,1378,430-35-6914
bank_0,1,1379,575-54-4434
bank_0,1,1380,736-84-1986
bank_0,1,1381,436-03-6413
bank_0,1,1382,197-93-9465
bank_0,1,1383,840-65-1752
bank_0,1,1384,834-34-6411
bank_0,1,1385,605-22-1640
bank_0,1,1386,388-53-8750
bank_0,1,1387,056-35-2427
bank_0,1,1388,344-68-5093
bank_0,1,1389,014-94-6144
bank_0,1,1390,014-42-7479
bank_0,1,1391,300-42-6694
bank_0,1,1392,603-31-5639
bank_0,1,1393,890-39-8805
bank_0,1,1394,635-28-7252
bank_0,1,1395,543-98-4041
bank_0,1,1396,248-84-9663
bank_0,1,1397,482-17-5489
bank_0,1,1398,789-54-8450
bank_0,1,1399,293-74-1068
bank_0,1,1400,079-66-7471
bank_0,1,1401,538-26-8412
bank_0,1,1402,372-78-8571
bank_0,1,1403,294-99-9402
bank_0,1,1404,076-70-2527
bank_0,1,1405,782-63-8322
bank_0,1,1406,614-33-5659
bank_0,1,1407,648-72-5273
bank_0,1,1408,651-59-7602
bank_0,1,1409,370-74-1715
bank_0,1,1410,078-70-1738
bank_0,1,1411,464-24-1978
bank_0,1,1412,648-57-1714
bank_0,1,1413,617-05-2990
bank_0,1,1414,677-21-8016
bank_0,1,1415,370-02-0566
bank_0,1,1416,405-44-0684
bank_0,1,1417,315-19-9264
bank_0,1,1418,887-17-8044
bank_0,1,1419,025-64-2345
bank_0,1,1420,805-64-8533
bank_0,1,1421,273-64-7355
bank_0,1,1422,896-90-2226
bank_0,1,1423,423-71-4377
bank_0,1,1424,607-34-8612
bank_0,1,1425,866-94-5284
bank_0,1,1426,562-75-5689
bank_0,1,1427,068-50-4770
bank_0,1,1428,687-71-4966
bank_0,1,1429,818-31-2583
bank_0,1,1430,800-49-0561
bank_0,1,1431,110-51-6882
bank_0,1,1432,683-04-4015
bank_0,1,1433,192-90-4616
bank_0,1,1434,569-82-9894
bank_0,1,1435,506-47-6405
bank_0,1,1436,559-74-5874
bank_0,1,1437,476-13-6572
bank_0,1,1438,268-82-3396
bank_0,1,1439,890-69-1894
bank_0,1,1440,741-39-2455
bank_0,1,1441,390-51-1980
bank_0,1,1442,866-53-4228
bank_0,1,1443,031-56-7112
bank_0,1,1444,570-54-0462
bank_0,1,1445,168-25-5991
bank_0,1,1446,099-89-2840
bank_0,1,1447,426-07-8812
bank_0,1,1448,830-92-8993
bank_0,1,1449,187-18-5229
bank_0,1,1450,551-21-5217
bank_0,1,1451,039-42-5632
bank_0,1,1452,158-27-5379
bank_0,1,1453,772-32-2100
bank_0,1,1454,852-32-5608
bank_0,1,1455,793-42-1463
bank_0,1,1456,798-57-1952
bank_0,1,1457,585-88-1567
bank_0,1,1458,467-41-1149
bank_0,1,1459,387-25-2740
bank_0,1,1460,626-44-3438
bank_0,1,1461,455-02-8698
bank_0,1,1462,056-63-5423
bank_0,1,1463,468-44-6940
bank_0,1,1464,330-18-0073
bank_0,1,1465,222-85-2152
bank_0,1,1466,701-32-6931
bank_0,1,1467,758-10-0487
bank_0,1,1468,834-69-1917
bank_0,1,1469,554-74-7369
bank_0,1,1470,058-26-6176
bank_0,1,1471,590-59-9065
bank_0,1,1472,197-67-4386
bank_0,1,1473,365-65-5096
bank_0,1,1474,489-46-5649
bank_0,1,1475,463-88-2448
bank_0,1,1476,726-55-2587
bank_0,1,1477,719-14-9854
bank_0,1,1478,884-59-3139
bank_0,1,1479,086-81-3969
bank_0,1,1480,681-82-5995
bank_0,1,1481,608-56-3273
bank_0,1,1482,861-24-3755
bank_0,1,1483,832-71-5644
bank_0,1,1484,495-63-6207
bank_0,1,1485,562-13-3588
bank_0,1,1486,302-09-9532
bank_0,1,1487,507-29-6796
bank_0,1,1488,451-54-4032
bank_0,1,1489,887-90-2663
bank_0,1,1490,563-60-8824
bank_0,1,1491,409-65-5099
bank_0,1,1492,825-45-1148
bank_0,1,1493,829-54-8606
bank_0,1,1494,265-39-4938
bank_0,1,1495,605-69-1519
bank_0,1,1496,486-88-2628
bank_0,1,1497,072-95-3581
bank_0,1,1498,533-82-8844
bank_0,1,1499,794-53-0392
bank_0,1,1500,143-31-5855
bank_0,1,1501,786-46-4598
bank_0,1,1502,042-89-6141
bank_0,1,1503,596-50-0455
bank_0,1,1504,417-32-7470
bank_0,1,1505,326-70-3819
bank_0,1,1506,367-89-4755
bank_0,1,1507,291-64-8230
bank_0,1,1508,383-93-0585
bank_0,1,1509,471-91-0485
bank_0,1,1510,711-08-2261
bank_0,1,1511,056-41-2083
bank_0,1,1512,295-09-2823
bank_0,1,1513,460-01-9717
bank_0,1,1514,267-45-4156
bank_0,1,1515,418-66-2241
bank_0,1,1516,517-27-5191
bank_0,1,1517,531-27-7012
bank_0,1,1518,682-06-0342
bank_0,1,1519,201-25-5883
bank_0,1,1520,691-20-7722
bank_0,1,1521,643-20-5945
bank_0,1,1522,775-75-5336
bank_0,1,1523,808-49-3648
bank_0,1,1524,423-27-4058
bank_0,1,1525,836-19-8274
bank_0,1,1526,784-81-1003
bank_0,1,1527,054-02-7801
bank_0,1,1528,251-08-7805
bank_0,1,1529,555-55-3371
bank_0,1,1530,085-56-8570
bank_0,1,1531,105-33-4039
bank_0,1,1532,613-57-4532
bank_0,1,1533,601-07-8149
bank_0,1,1534,558-61-0414
bank_0,1,1535,041-84-5176
bank_0,1,1536,634-02-8318
bank_0,1,1537,482-87-4259
bank_0,1,1538,788-11-0642
bank_0,1,1539,217-20-0048
bank_0,1,1540,544-06-8977
bank_0,1,1541,267-41-0377
bank_0,1,1542,481-99-7223
bank_0,1,1543,248-28-1461
bank_0,1,1544,377-87-2816
bank_0,1,1545,026-80-3900
bank_0,1,1546,214-08-2653
bank_0,1,1547,106-68-8954
bank_0,1,1548,197-44-8795
bank_0,1,1549,050-82-7189
bank_0,1,1550,539-03-8600
bank_0,1,1551,235-55-0964
bank_0,1,1552,479-85-3395
bank_0,1,1553,880-59-0836
bank_0,1,1554,080-33-8574
bank_0,1,1555,454-28-6417
bank_0,1,1556,169-63-5906
bank_0,1,1557,141-84-7331
bank_0,1,1558,568-12-7761
bank_0,1,1559,392-26-8756
bank_0,1,1560,200-22-1714
bank_0,1,1561,723-65-5869
bank_0,1,1562,221-27-7466
bank_0,1,1563,065-96-1050
bank_0,1,1564,248-88-5878
bank_0,1,1565,676-53-1764
bank_0,1,1566,403-98-6156
bank_0,1,1567,148-09-0333
bank_0,1,1568,444-94-1128
bank_0,1,1569,046-66-1276
bank_0,1,1570,631-69-4995
bank_0,1,1571,396-74-5460
bank_0,1,1572,579-36-3670
bank_0,1,1573,329-44-5503
bank_0,1,1574,302-34-6126
bank_0,1,1575,750-67-8347
bank_0,1,1576,435-01-0566
bank_0,1,1577,864-89-7441
bank_0,1,1578,730-39-5858
bank_0,1,1579,322-89-4079
bank_0,1,1580,513-74-5986
bank_0,1,1581,500-54-5872
bank_0,1,1582,517-49-4078
bank_0,1,1583,431-98-6023
bank_0,1,1584,618-19-9906
bank_0,1,1585,657-11-7210
bank_0,1,1586,229-20-1359
bank_0,1,1587,671-10-9854
bank_0,1,1588,589-89-5281
bank_0,1,1589,606-75-1730
bank_0,1,1590,576-15-1050
bank_0,1,1591,857-80-5110
bank_0,1,1592,424-66-5434
bank_0,1,1593,225-03-2375
bank_0,1,1594,300-18-3764
bank_0,1,1595,508-34-8480
bank_0,1,1596,737-43-9741
bank_0,1,1597,727-20-3498
bank_0,1,1598,118-15-3310
bank_0,1,1599,378-08-8038
bank_0,1,1600,252-52-5500
bank_0,1,1601,778-74-2225
bank_0,1,1602,588-17-3153
bank_0,1,1603,150-82-4526
bank_0,1,1604,342-81-3699
bank_0,1,1605,263-96-4067
bank_0,1,1606,688-86-6305
bank_0,1,1607,422-53-8180
bank_0,1,1608,809-89-3750
bank_0,1,1609,819-86-5207
bank_0,1,1610,077-65-5591
bank_0,1,1611,797-58-6433
bank_0,1,1612,107-28-0447
bank_0,1,1613,085-20-1965
bank_0,1,1614,067-09-7936
bank_0,1,1615,895-70-7649
bank_0,1,1616,422-47-2776
bank_0,1,1617,543-06-4366
bank_0,1,1618,756-26-0178
bank_0,1,1619,420-92-7703
bank_0,1,1620,001-03-6001
bank_0,1,1621,383-45-4877
bank_0,1,1622,738-91-3855
bank_0,1,1623,755-25-9873
bank_0,1,1624,688-28-9460
bank_0,1,1625,022-02-4498
bank_0,1,1626,624-82-4469
bank_0,1,1627,102-03-8242
bank_0,1,1628,699-44-8721
bank_0,1,1629,331-55-2349
bank_0,1,1630,528-94-9185
bank_0,1,1631,507-13-8653
bank_0,1,1632,466-04-6362
bank_0,1,1633,824-50-6814
bank_0,1,1634,206-63-1409
bank_0,1,1635,682-45-7772
bank_0,1,1636,090-61-3670
bank_0,1,1637,009-04-1586
bank_0,1,1638,018-39-3438
bank_0,1,1639,360-78-8320
bank_0,1,1640,398-22-7225
bank_0,1,1641,528-04-5072
bank_0,1,1642,827-28-3179
bank_0,1,1643,884-37-4514
bank_0,1,1644,759-99-9123
bank_0,1,1645,797-70-5949
bank_0,1,1646,438-86-4427
bank_0,1,1647,616-93-7167
bank_0,1,1648,687-03-5606
bank_0,1,1649,356-99-8129
bank_0,1,1650,349-56-7679
bank_0,1,1651,751-72-6257
bank_0,1,1652,890-36-9558
bank_0,1,1653,519-87-7177
bank_0,1,1654,299-84-5138
bank_0,1,1655,070-74-3871
bank_0,1,1656,076-09-1776
bank_0,1,1657,466-56-4418
bank_0,1,1658,374-95-6219
bank_0,1,1659,613-54-3220
bank_0,1,1660,867-49-4713
bank_0,1,1661,231-83-4310
bank_0,1,1662,881-22-0968
bank_0,1,1663,034-14-2424
bank_0,1,1664,743-85-5404
bank_0,1,1665,109-94-0268
bank_0,1,1666,238-85-7964
bank_0,1,1667,867-41-5361
bank_0,1,1668,710-05-0386
bank_0,1,1669,595-13-3807
bank_0,1,1670,181-07-4847
bank_0,1,1671,896-71-7279
bank_0,1,1672,155-56-4461
bank_0,1,1673,267-58-3278
bank_0,1,1674,084-66-6350
bank_0,1,1675,230-19-3132
bank_0,1,1676,613-60-7646
bank_0,1,1677,446-44-3910
bank_0,1,1678,317-52-4870
bank_0,1,1679,599-91-3062
bank_0,1,1680,690-11-2926
bank_0,1,1681,433-43-4364
bank_0,1,1682,152-24-4492
bank_0,1,1683,713-05-3761
bank_0,1,1684,421-41-3229
bank_0,1,1685,561-40-6787
bank_0,1,1686,678-20-8630
bank_0,1,1687,198-44-1721
bank_0,1,1688,402-13-7568
bank_0,1,1689,185-96-2255
bank_0,1,1690,220-11-6152
bank_0,1,1691,468-69-0424
bank_0,1,1692,667-37-7292
bank_0,1,1693,027-86-5422
bank_0,1,1694,708-98-9201
bank_0,1,1695,134-26-2970
bank_0,1,1696,811-94-3937
bank_0,1,1697,439-87-0753
bank_0,1,1698,577-88-8237
bank_0,1,1699,530-07-5735
bank_0,1,1700,022-20-0411
bank_0,1,1701,449-34-9317
bank_0,1,1702,605-93-6250
bank_0,1,1703,882-54-5397
bank_0,1,1704,514-77-3445
bank_0,1,1705,560-66-2477
bank_0,1,1706,880-26-5149
bank_0,1,1707,375-91-1032
bank_0,1,1708,245-73-2081
bank_0,1,1709,705-74-2387
bank_0,1,1710,645-28-1772
bank_0,1,1711,108-40-2302
bank_0,1,1712,641-60-0162
bank_0,1,1713,823-06-4660
bank_0,1,1714,632-03-9323
bank_0,1,1715,200-89-8834
bank_0,1,1716,732-63-4980
bank_0,1,1717,446-99-4280
bank_0,1,1718,821-21-2901
bank_0,1,1719,743-35-6511
bank_0,1,1720,667-31-8916
bank_0,1,1721,464-50-1109
bank_0,1,1722,321-91-4734
bank_0,1,1723,594-19-3350
bank_0,1,1724,403-56-8373
bank_0,1,1725,482-75-6469
bank_0,1,1726,176-22-6401
bank_0,1,1727,312-98-1189
bank_0,1,1728,413-99-1880
bank_0,1,1729,073-84-7476
bank_0,1,1730,548-46-8320
bank_0,1,1731,377-84-5932
bank_0,1,1732,240-75-9662
bank_0,1,1733,577-51-6080
bank_0,1,1734,207-04-3915
bank_0,1,1735,558-41-6527
bank_0,1,1736,483-74-1117
bank_0,1,1737,586-48-0263
bank_0,1,1738,571-17-4948
bank_0,1,1739,436-01-2345
bank_0,1,1740,181-84-4902
bank_0,1,1741,089-04-2262
bank_0,1,1742,198-82-8712
bank_0,1,1743,600-57-1374
bank_0,1,1744,096-52-8218
bank_0,1,1745,147-48-6684
bank_0,1,1746,382-55-1033
bank_0,1,1747,404-05-2241
bank_0,1,1748,087-55-0320
bank_0,1,1749,718-58-9373
bank_0,1,1750,454-08-6714
bank_0,1,1751,499-23-8478
bank_0,1,1752,768-49-2263
bank_0,1,1753,051-70-4582
bank_0,1,1754,207-34-5471
bank_0,1,1755,373-54-3462
bank_0,1,1756,143-87-4884
bank_0,1,1757,655-78-8839
bank_0,1,1758,242-03-9644
bank_0,1,1759,884-87-3247
bank_0,1,1760,196-75-8474
bank_0,1,1761,892-65-8187
bank_0,1,1762,681-49-0106
bank_0,1,1763,775-19-9789
bank_0,1,1764,185-44-4412
bank_0,1,1765,401-01-2243
bank_0,1,1766,477-56-8401
bank_0,1,1767,849-34-8628
bank_0,1,1768,101-18-2251
bank_0,1,1769,495-91-4185
bank_0,1,1770,257-37-0185
bank_0,1,1771,623-96-3539
bank_0,1,1772,525-87-4745
bank_0,1,1773,249-22-3066
bank_0,1,1774,665-46-7941
bank_0,1,1775,852-66-0773
bank_0,1,1776,315-02-2865
bank_0,1,1777,747-20-9726
bank_0,1,1778,360-52-1705
bank_0,1,1779,128-16-2871
bank_0,1,1780,009-17-6779
bank_0,1,1781,886-93-7847
bank_0,1,1782,186-68-9333
bank_0,1,1783,810-55-3711
bank_0,1,1784,430-58-1935
bank_0,1,1785,161-77-9042
bank_0,1,1786,103-64-3090
bank_0,1,1787,587-06-0244
bank_0,1,1788,343-10-0392
bank_0,1,1789,817-74-5019
bank_0,1,1790,303-92-8868
bank_0,1,1791,747-74-3757
bank_0,1,1792,596-36-1549
bank_0,1,1793,593-11-4826
bank_0,1,1794,562-44-3946
bank_0,1,1795,048-40-0960
bank_0,1,1796,357-61-0065
bank_0,1,1797,298-80-2375
bank_0,1,1798,066-14-7368
bank_0,1,1799,653-35-7610
bank_0,1,1800,373-91-7437
bank_0,1,1801,113-40-5052
bank_0,1,1802,374-50-4317
bank_0,1,1803,841-41-9394
bank_0,1,1804,271-04-1688
bank_0,1,1805,210-47-5916
bank_0,1,1806,828-85-2135
bank_0,1,1807,368-03-4111
bank_0,1,1808,317-51-3405
bank_0,1,1809,847-22-3733
bank_0,1,1810,024-47-8041
bank_0,1,1811,455-38-7763
bank_0,1,1812,874-46-7033
bank_0,1,1813,591-92-1950
bank_0,1,1814,111-02-8251
bank_0,1,1815,703-21-9732
bank_0,1,1816,465-64-2144
bank_0,1,1817,642-79-4451
bank_0,1,1818,748-83-9802
bank_0,1,1819,428-88-8715
bank_0,1,1820,601-06-0647
bank_0,1,1821,582-07-7687
bank_0,1,1822,324-48-8764
bank_0,1,1823,192-27-9126
bank_0,1,1824,401-10-1423
bank_0,1,1825,169-60-9452
bank_0,1,1826,317-98-0341
bank_0,1,1827,887-37-7931
bank_0,1,1828,037-32-8830
bank_0,1,1829,894-71-9554
bank_0,1,1830,343-47-1713
bank_0,1,1831,598-46-7860
bank_0,1,1832,153-25-5808
bank_0,1,1833,369-16-7182
bank_0,1,1834,635-43-8711
bank_0,1,1835,661-07-1990
bank_0,1,1836,755-38-7291
bank_0,1,1837,442-61-0957
bank_0,1,1838,390-67-6076
bank_0,1,1839,270-78-6751
bank_0,1,1840,778-28-2016
bank_0,1,1841,021-92-5352
bank_0,1,1842,052-23-7316
bank_0,1,1843,790-11-3040
bank_0,1,1844,379-46-3842
bank_0,1,1845,698-38-8720
bank_0,1,1846,121-70-3322
bank_0,1,1847,800-21-3622
bank_0,1,1848,218-91-6667
bank_0,1,1849,621-42-2043
bank_0,1,1850,556-60-1439
bank_0,1,1851,343-48-0128
bank_0,1,1852,347-51-2761
bank_0,1,1853,648-88-1742
bank_0,1,1854,434-54-0692
bank_0,1,1855,302-23-7964
bank_0,1,1856,454-70-5616
bank_0,1,1857,407-15-0972
bank_0,1,1858,493-46-6371
bank_0,1,1859,202-99-0984
bank_0,1,1860,161-79-1859
bank_0,1,1861,006-77-1245
bank_0,1,1862,514-12-3009
bank_0,1,1863,078-22-4020
bank_0,1,1864,409-98-7450
bank_0,1,1865,254-56-6382
bank_0,1,1866,308-89-2577
bank_0,1,1867,408-18-4777
bank_0,1,1868,187-50-6696
bank_0,1,1869,602-13-3741
bank_0,1,1870,540-75-2570
bank_0,1,1871,176-73-3220
bank_0,1,1872,534-30-4216
bank_0,1,1873,356-89-1541
bank_0,1,1874,798-78-7084
bank_0,1,1875,355-80-0841
bank_0,1,1876,722-74-8496
bank_0,1,1877,006-23-7193
bank_0,1,1878,256-10-4005
bank_0,1,1879,127-10-4025
bank_0,1,1880,374-78-7141
bank_0,1,1881,110-54-0968
bank_0,1,1882,692-43-5816
bank_0,1,1883,682-22-6940
bank_0,1,1884,432-38-9144
bank_0,1,1885,337-23-7599
bank_0,1,1886,800-25-6937
bank_0,1,1887,265-68-2337
bank_0,1,1888,364-13-4712
bank_0,1,1889,508-56-1697
bank_0,1,1890,610-65-2869
bank_0,1,1891,686-62-8305
bank_0,1,1892,823-96-2544
bank_0,1,1893,353-77-7792
bank_0,1,1894,107-95-1525
bank_0,1,1895,219-60-2735
bank_0,1,1896,333-66-8200
bank_0,1,1897,246-10-3942
bank_0,1,1898,236-62-5217
bank_0,1,1899,532-20-8450
bank_0,1,1900,358-56-5255
bank_0,1,1901,058-29-9798
bank_0,1,1902,196-38-1174
bank_0,1,1903,600-79-2836
bank_0,1,1904,578-90-9253
bank_0,1,1905,621-19-0633
bank_0,1,1906,767-39-5981
bank_0,1,1907,050-36-5492
bank_0,1,1908,872-17-1671
bank_0,1,1909,243-35-6055
bank_0,1,1910,638-02-9471
bank_0,1,1911,049-19-2237
bank_0,1,1912,030-39-7947
bank_0,1,1913,134-72-8509
bank_0,1,1914,527-65-7460
bank_0,1,1915,379-52-9996
bank_0,1,1916,786-47-4251
bank_0,1,1917,518-77-6321
bank_0,1,1918,549-68-1714
bank_0,1,1919,678-41-5193
bank_0,1,1920,425-53-0892
bank_0,1,1921,707-84-3501
bank_0,1,1922,585-45-8501
bank_0,1,1923,787-16-5205
bank_0,1,1924,095-35-9819
bank_0,1,1925,262-35-0821
bank_0,1,1926,836-41-5504
bank_0,1,1927,107-81-5875
bank_0,1,1928,510-04-4080
bank_0,1,1929,359-76-0559
bank_0,1,1930,377-35-1447
bank_0,1,1931,188-10-0560
bank_0,1,1932,597-19-3532
bank_0,1,1933,386-63-2059
bank_0,1,1934,834-80-4241
bank_0,1,1935,670-23-7370
bank_0,1,1936,896-17-9525
bank_0,1,1937,574-61-4208
bank_0,1,1938,410-92-1995
bank_0,1,1939,067-43-5911
bank_0,1,1940,118-91-3499
bank_0,1,1941,182-74-1920
bank_0,1,1942,426-24-3128
bank_0,1,1943,670-26-8059
bank_0,1,1944,775-60-8461
bank_0,1,1945,812-22-2927
bank_0,1,1946,892-11-1147
bank_0,1,1947,680-52-3803
bank_0,1,1948,648-94-8954
bank_0,1,1949,864-56-1216
bank_0,1,1950,867-10-8958
bank_0,1,1951,600-52-2097
bank_0,1,1952,044-95-5767
bank_0,1,1953,535-11-2905
bank_0,1,1954,121-22-3222
bank_0,1,1955,276-48-4933
bank_0,1,1956,538-21-0881
bank_0,1,1957,127-68-3236
bank_0,1,1958,144-18-0723
bank_0,1,1959,251-99-8232
bank_0,1,1960,464-30-4659
bank_0,1,1961,870-30-2611
bank_0,1,1962,002-40-0362
bank_0,1,1963,870-29-5181
bank_0,1,1964,859-90-3066
bank_0,1,1965,425-80-0732
bank_0,1,1966,023-88-8901
bank_0,1,1967,345-14-8670
bank_0,1,1968,051-32-6730
bank_0,1,1969,677-93-8748
bank_0,1,1970,715-97-4189
bank_0,1,1971,841-48-4987
bank_0,1,1972,636-90-0908
bank_0,1,1973,101-27-7184
bank_0,1,1974,623-40-8769
bank_0,1,1975,097-80-2723
bank_0,1,1976,835-25-0190
bank_0,1,1977,332-56-3800
bank_0,1,1978,184-69-4836
bank_0,1,1979,604-72-4520
bank_0,1,1980,587-13-8237
bank_0,1,1981,235-36-2180
bank_0,1,1982,091-93-8270
bank_0,1,1983,205-53-2063
bank_0,1,1984,706-33-3846
bank_0,1,1985,744-16-2269
bank_0,1,1986,318-07-7411
bank_0,1,1987,837-18-0669
bank_0,1,1988,783-67-5186
bank_0,1,1989,511-19-2004
bank_0,1,1990,252-94-1166
bank_0,1,1991,259-29-4647
bank_0,1,1992,727-93-8666
bank_0,1,1993,311-86-9628
bank_0,1,1994,837-35-1234
bank_0,1,1995,258-58-5372
bank_0,1,1996,654-98-7581
bank_0,1,1997,606-82-0976
bank_0,1,1998,496-69-4498
bank_0,1,1999,161-95-5948
