bank_id,branch_id,acct_id,initial_deposit
bank_1,1,0,60430.74
bank_1,1,1,96042.59
bank_1,1,2,59840.4
bank_1,1,3,59223.75
bank_1,1,4,58940.7
bank_1,1,5,82904.75
bank_1,1,6,80587.0
bank_1,1,7,75281.67
bank_1,1,8,79340.09
bank_1,1,9,97028.82
bank_1,1,10,93060.5
bank_1,1,11,95296.73
bank_1,1,12,52707.89
bank_1,1,13,94870.64
bank_1,1,14,51567.53
bank_1,1,15,82382.15
bank_1,1,16,96541.61
bank_1,1,17,75123.17
bank_1,1,18,70966.03
bank_1,1,19,66587.15
bank_1,1,20,95806.18
bank_1,1,21,96298.46
bank_1,1,22,80956.28
bank_1,1,23,85721.45
bank_1,1,24,66956.35
bank_1,1,25,56908.74
bank_1,1,26,98950.05
bank_1,1,27,82851.11
bank_1,1,28,63719.38
bank_1,1,29,98854.18
bank_1,1,30,80448.5
bank_1,1,31,66529.25
bank_1,1,32,94790.65
bank_1,1,33,53895.02
bank_1,1,34,90207.68
bank_1,1,35,57978.95
bank_1,1,36,55383.72
bank_1,1,37,62947.2
bank_1,1,38,85741.28
bank_1,1,39,80400.41
bank_1,1,40,71063.92
bank_1,1,41,57952.31
bank_1,1,42,96187.59
bank_1,1,43,88314.26
bank_1,1,44,84313.33
bank_1,1,45,90645.45
bank_1,1,46,88712.26
bank_1,1,47,55621.25
bank_1,1,48,88667.71
bank_1,1,49,91936.27
bank_1,1,50,87337.79
bank_1,1,51,74113.86
bank_1,1,52,84322.28
bank_1,1,53,55000.38
bank_1,1,54,88217.27
bank_1,1,55,63111.39
bank_1,1,56,89256.32
bank_1,1,57,81764.2
bank_1,1,58,75453.92
bank_1,1,59,76800.86
bank_1,1,60,53736.54
bank_1,1,61,52044.9
bank_1,1,62,50741.24
bank_1,1,63,88777.12
bank_1,1,64,56924.77
bank_1,1,65,56143.33
bank_1,1,66,69253.14
bank_1,1,67,98885.15
bank_1,1,68,94296.21
bank_1,1,69,65664.45
bank_1,1,70,90989.92
bank_1,1,71,54253.89
bank_1,1,72,69602.02
bank_1,1,73,78960.29
bank_1,1,74,99312.35
bank_1,1,75,52435.35
bank_1,1,76,70621.05
bank_1,1,77,95980.52
bank_1,1,78,51380.53
bank_1,1,79,79954.12
bank_1,1,80,69969.69
bank_1,1,81,78013.42
bank_1,1,82,85167.47
bank_1,1,83,70334.77
bank_1,1,84,94602.61
bank_1,1,85,97785.73
bank_1,1,86,99252.96
bank_1,1,87,52738.92
bank_1,1,88,91841.47
bank_1,1,89,93918.63
bank_1,1,90,57270.26
bank_1,1,91,97071.47
bank_1,1,92,56355.69
bank_1,1,93,60365.7
bank_1,1,94,97777.34
bank_1,1,95,91539.16
bank_1,1,96,78827.56
bank_1,1,97,64390.42
bank_1,1,98,62635.77
bank_1,1,99,70156.93
bank_1,1,100,50449.67
bank_1,1,101,81817.96
bank_1,1,102,52577.51
bank_1,1,103,88692.61
bank_1,1,104,53508.18
bank_1,1,105,50512.72
bank_1,1,106,64232.85
bank_1,1,107,88634.6
bank_1,1,108,91631.85
bank_1,1,109,75365.14
bank_1,1,110,96914.86
bank_1,1,111,55725.85
bank_1,1,112,66610.97
bank_1,1,113,87017.26
bank_1,1,114,66166.0
bank_1,1,115,57268.04
bank_1,1,116,78918.04
bank_1,1,117,53128.7
bank_1,1,118,68650.84
bank_1,1,119,62693.44
bank_1,1,120,66590.62
bank_1,1,121,74259.11
bank_1,1,122,76785.12
bank_1,1,123,54217.87
bank_1,1,124,65776.41
bank_1,1,125,69184.84
bank_1,1,126,70165.22
bank_1,1,127,74001.77
bank_1,1,128,71293.6
bank_1,1,129,53701.38
bank_1,1,130,60966.23
bank_1,1,131,82214.3
bank_1,1,132,91438.2
bank_1,1,133,75572.03
bank_1,1,134,57409.49
bank_1,1,135,53523.35
bank_1,1,136,57794.71
bank_1,1,137,69202.36
bank_1,1,138,78260.32
bank_1,1,139,83212.86
bank_1,1,140,76217.97
bank_1,1,141,78264.53
bank_1,1,142,67611.67
bank_1,1,143,83279.85
bank_1,1,144,86343.01
bank_1,1,145,70106.27
bank_1,1,146,90745.62
bank_1,1,147,87196.6
bank_1,1,148,95237.2
bank_1,1,149,73337.42
bank_1,1,150,67261.1
bank_1,1,151,88860.18
bank_1,1,152,51879.67
bank_1,1,153,69193.81
bank_1,1,154,98859.66
bank_1,1,155,67113.19
bank_1,1,156,75616.12
bank_1,1,157,62488.48
bank_1,1,158,53847.35
bank_1,1,159,55547.59
bank_1,1,160,71760.5
bank_1,1,161,80950.12
bank_1,1,162,77287.42
bank_1,1,163,75934.11
bank_1,1,164,55582.55
bank_1,1,165,52012.96
bank_1,1,166,67934.81
bank_1,1,167,97124.24
bank_1,1,168,58990.88
bank_1,1,169,63463.07
bank_1,1,170,74157.05
bank_1,1,171,95710.36
bank_1,1,172,97348.72
bank_1,1,173,50065.18
bank_1,1,174,82394.78
bank_1,1,175,61807.91
bank_1,1,176,82724.08
bank_1,1,177,87142.33
bank_1,1,178,94356.97
bank_1,1,179,84170.87
bank_1,1,180,92360.48
bank_1,1,181,89224.0
bank_1,1,182,58035.81
bank_1,1,183,52184.64
bank_1,1,184,86938.93
bank_1,1,185,76295.94
bank_1,1,186,99893.28
bank_1,1,187,58244.53
bank_1,1,188,69263.5
bank_1,1,189,64389.18
bank_1,1,190,93934.87
bank_1,1,191,74184.79
bank_1,1,192,95682.48
bank_1,1,193,85359.5
bank_1,1,194,99940.31
bank_1,1,195,79988.95
bank_1,1,196,98807.96
bank_1,1,197,58670.32
bank_1,1,198,72084.0
bank_1,1,199,78919.56
bank_1,1,200,98914.8
bank_1,1,201,78393.99
bank_1,1,202,93263.25
bank_1,1,203,81425.28
bank_1,1,204,75620.05
bank_1,1,205,69572.07
bank_1,1,206,68431.7
bank_1,1,207,64760.9
bank_1,1,208,60568.5
bank_1,1,209,98128.85
bank_1,1,210,76823.06
bank_1,1,211,93293.48
bank_1,1,212,94248.19
bank_1,1,213,97114.99
bank_1,1,214,61908.34
bank_1,1,215,66886.44
bank_1,1,216,81656.99
bank_1,1,217,66102.7
bank_1,1,218,57196.4
bank_1,1,219,87992.96
bank_1,1,220,77519.59
bank_1,1,221,76826.15
bank_1,1,222,85523.55
bank_1,1,223,55737.01
bank_1,1,224,96095.45
bank_1,1,225,73991.15
bank_1,1,226,84591.44
bank_1,1,227,80016.21
bank_1,1,228,80261.65
bank_1,1,229,85495.58
bank_1,1,230,54439.78
bank_1,1,231,74836.66
bank_1,1,232,60514.47
bank_1,1,233,69484.19
bank_1,1,234,75587.29
bank_1,1,235,67697.43
bank_1,1,236,70335.65
bank_1,1,237,86543.49
bank_1,1,238,52166.36
bank_1,1,239,97829.68
bank_1,1,240,80195.88
bank_1,1,241,58177.73
bank_1,1,242,77860.94
bank_1,1,243,54046.78
bank_1,1,244,75073.69
bank_1,1,245,84431.57
bank_1,1,246,70988.9
bank_1,1,247,65709.07
bank_1,1,248,83685.71
bank_1,1,249,96764.26
bank_1,1,250,93681.79
bank_1,1,251,69268.41
bank_1,1,252,93170.11
bank_1,1,253,55751.71
bank_1,1,254,52936.03
bank_1,1,255,99159.35
bank_1,1,256,88145.44
bank_1,1,257,80749.42
bank_1,1,258,77939.04
bank_1,1,259,65443.95
bank_1,1,260,94954.11
bank_1,1,261,92637.52
bank_1,1,262,74085.75
bank_1,1,263,61019.14
bank_1,1,264,83819.76
bank_1,1,265,86309.46
bank_1,1,266,99775.31
bank_1,1,267,89518.91
bank_1,1,268,54562.34
bank_1,1,269,99497.04
bank_1,1,270,92725.64
bank_1,1,271,79126.2
bank_1,1,272,66546.56
bank_1,1,273,86646.39
bank_1,1,274,79831.07
bank_1,1,275,54788.28
bank_1,1,276,78175.63
bank_1,1,277,51009.85
bank_1,1,278,89434.83
bank_1,1,279,91179.29
bank_1,1,280,86505.78
bank_1,1,281,54573.92
bank_1,1,282,79404.69
bank_1,1,283,69569.78
bank_1,1,284,56419.65
bank_1,1,285,94604.52
bank_1,1,286,97114.71
bank_1,1,287,96114.18
bank_1,1,288,76560.89
bank_1,1,289,93221.42
bank_1,1,290,59891.81
bank_1,1,291,64774.2
bank_1,1,292,95435.56
bank_1,1,293,79518.7
bank_1,1,294,61300.79
bank_1,1,295,56504.87
bank_1,1,296,61415.6
bank_1,1,297,74800.34
bank_1,1,298,65174.45
bank_1,1,299,86721.09
bank_1,1,300,63565.55
bank_1,1,301,53921.88
bank_1,1,302,94910.63
bank_1,1,303,83191.97
bank_1,1,304,98703.21
bank_1,1,305,59099.85
bank_1,1,306,93519.38
bank_1,1,307,50859.78
bank_1,1,308,76891.11
bank_1,1,309,73987.12
bank_1,1,310,56309.82
bank_1,1,311,90755.94
bank_1,1,312,63542.6
bank_1,1,313,94921.71
bank_1,1,314,84970.67
bank_1,1,315,92618.03
bank_1,1,316,93324.05
bank_1,1,317,89589.15
bank_1,1,318,86824.42
bank_1,1,319,50203.53
bank_1,1,320,57171.5
bank_1,1,321,60356.6
bank_1,1,322,78874.12
bank_1,1,323,50168.73
bank_1,1,324,56357.83
bank_1,1,325,74248.34
bank_1,1,326,52053.21
bank_1,1,327,65937.32
bank_1,1,328,60999.42
bank_1,1,329,58720.35
bank_1,1,330,65830.28
bank_1,1,331,94060.84
bank_1,1,332,61572.13
bank_1,1,333,82457.94
bank_1,1,334,86699.91
bank_1,1,335,83764.03
bank_1,1,336,59437.27
bank_1,1,337,67490.04
bank_1,1,338,63607.85
bank_1,1,339,76932.32
bank_1,1,340,98451.76
bank_1,1,341,60893.63
bank_1,1,342,77618.53
bank_1,1,343,53273.83
bank_1,1,344,68778.36
bank_1,1,345,97708.65
bank_1,1,346,95423.87
bank_1,1,347,54760.31
bank_1,1,348,92626.29
bank_1,1,349,85785.32
bank_1,1,350,95896.17
bank_1,1,351,73040.77
bank_1,1,352,71127.75
bank_1,1,353,94807.65
bank_1,1,354,76807.87
bank_1,1,355,88068.37
bank_1,1,356,58882.11
bank_1,1,357,53421.67
bank_1,1,358,72024.69
bank_1,1,359,66352.58
bank_1,1,360,75593.67
bank_1,1,361,67216.17
bank_1,1,362,93129.4
bank_1,1,363,86780.25
bank_1,1,364,69197.84
bank_1,1,365,56293.32
bank_1,1,366,85492.23
bank_1,1,367,77054.28
bank_1,1,368,57597.26
bank_1,1,369,51739.24
bank_1,1,370,80835.01
bank_1,1,371,75812.4
bank_1,1,372,78772.76
bank_1,1,373,70793.06
bank_1,1,374,73435.59
bank_1,1,375,69571.31
bank_1,1,376,54386.27
bank_1,1,377,76765.26
bank_1,1,378,56080.21
bank_1,1,379,83674.43
bank_1,1,380,87470.91
bank_1,1,381,58396.45
bank_1,1,382,60075.58
bank_1,1,383,62035.56
bank_1,1,384,79925.51
bank_1,1,385,70324.63
bank_1,1,386,94376.52
bank_1,1,387,77398.36
bank_1,1,388,76281.81
bank_1,1,389,60924.69
bank_1,1,390,54542.86
bank_1,1,391,96235.5
bank_1,1,392,54981.95
bank_1,1,393,56511.25
bank_1,1,394,59765.42
bank_1,1,395,78841.32
bank_1,1,396,81951.67
bank_1,1,397,71581.83
bank_1,1,398,69744.88
bank_1,1,399,82051.36
bank_1,1,400,63104.72
bank_1,1,401,90022.52
bank_1,1,402,82002.49
bank_1,1,403,80143.13
bank_1,1,404,51443.83
bank_1,1,405,67268.71
bank_1,1,406,88442.99
bank_1,1,407,60295.38
bank_1,1,408,82224.71
bank_1,1,409,98735.99
bank_1,1,410,72027.02
bank_1,1,411,75897.36
bank_1,1,412,60602.01
bank_1,1,413,50350.84
bank_1,1,414,61830.06
bank_1,1,415,73592.0
bank_1,1,416,80213.57
bank_1,1,417,91796.47
bank_1,1,418,64500.94
bank_1,1,419,66452.22
bank_1,1,420,86032.43
bank_1,1,421,83214.06
bank_1,1,422,85726.12
bank_1,1,423,93864.24
bank_1,1,424,54434.07
bank_1,1,425,56224.32
bank_1,1,426,74817.13
bank_1,1,427,80630.23
bank_1,1,428,82703.58
bank_1,1,429,61504.87
bank_1,1,430,56804.8
bank_1,1,431,96071.79
bank_1,1,432,62003.54
bank_1,1,433,50891.41
bank_1,1,434,64145.63
bank_1,1,435,75860.0
bank_1,1,436,81667.7
bank_1,1,437,86960.45
bank_1,1,438,57279.44
bank_1,1,439,75393.81
bank_1,1,440,66009.71
bank_1,1,441,86234.18
bank_1,1,442,67974.71
bank_1,1,443,90557.17
bank_1,1,444,59580.98
bank_1,1,445,99735.1
bank_1,1,446,76071.98
bank_1,1,447,71192.26
bank_1,1,448,86282.86
bank_1,1,449,68942.27
bank_1,1,450,51773.94
bank_1,1,451,72043.82
bank_1,1,452,64389.71
bank_1,1,453,83060.58
bank_1,1,454,76335.73
bank_1,1,455,91504.91
bank_1,1,456,74463.96
bank_1,1,457,57767.29
bank_1,1,458,57430.22
bank_1,1,459,78631.16
bank_1,1,460,63243.7
bank_1,1,461,60579.96
bank_1,1,462,97089.14
bank_1,1,463,56964.81
bank_1,1,464,95803.52
bank_1,1,465,76811.38
bank_1,1,466,96845.41
bank_1,1,467,91951.65
bank_1,1,468,64943.91
bank_1,1,469,73509.83
bank_1,1,470,54264.15
bank_1,1,471,68333.57
bank_1,1,472,96336.36
bank_1,1,473,55049.98
bank_1,1,474,62281.86
bank_1,1,475,52136.32
bank_1,1,476,93041.41
bank_1,1,477,84179.38
bank_1,1,478,79467.26
bank_1,1,479,73282.64
bank_1,1,480,63002.18
bank_1,1,481,79292.18
bank_1,1,482,85135.78
bank_1,1,483,89649.98
bank_1,1,484,58123.71
bank_1,1,485,81265.18
bank_1,1,486,83941.29
bank_1,1,487,79058.69
bank_1,1,488,86387.71
bank_1,1,489,75889.18
bank_1,1,490,97732.0
bank_1,1,491,82509.27
bank_1,1,492,81402.38
bank_1,1,493,50657.89
bank_1,1,494,57177.09
bank_1,1,495,80053.58
bank_1,1,496,88345.58
bank_1,1,497,57212.91
bank_1,1,498,81841.43
bank_1,1,499,57717.32
bank_1,1,500,88160.2
bank_1,1,501,91060.26
bank_1,1,502,81030.7
bank_1,1,503,53395.69
bank_1,1,504,63971.92
bank_1,1,505,63476.56
bank_1,1,506,73391.68
bank_1,1,507,89003.26
bank_1,1,508,78915.89
bank_1,1,509,99597.81
bank_1,1,510,85412.36
bank_1,1,511,57067.95
bank_1,1,512,98956.46
bank_1,1,513,52930.64
bank_1,1,514,66642.86
bank_1,1,515,81862.56
bank_1,1,516,69524.33
bank_1,1,517,51108.62
bank_1,1,518,64824.23
bank_1,1,519,62093.33
bank_1,1,520,88807.45
bank_1,1,521,79627.7
bank_1,1,522,57199.79
bank_1,1,523,93630.29
bank_1,1,524,60649.93
bank_1,1,525,65983.92
bank_1,1,526,93736.17
bank_1,1,527,88260.82
bank_1,1,528,71041.55
bank_1,1,529,75963.59
bank_1,1,530,98958.45
bank_1,1,531,85540.32
bank_1,1,532,85786.46
bank_1,1,533,82789.11
bank_1,1,534,99411.92
bank_1,1,535,96200.45
bank_1,1,536,64911.97
bank_1,1,537,72257.9
bank_1,1,538,81784.31
bank_1,1,539,61845.02
bank_1,1,540,82364.2
bank_1,1,541,95163.64
bank_1,1,542,65313.78
bank_1,1,543,68396.13
bank_1,1,544,72496.98
bank_1,1,545,69315.88
bank_1,1,546,82166.12
bank_1,1,547,52598.46
bank_1,1,548,88836.8
bank_1,1,549,64267.11
bank_1,1,550,81100.3
bank_1,1,551,71193.41
bank_1,1,552,80564.45
bank_1,1,553,78447.43
bank_1,1,554,75877.89
bank_1,1,555,58016.16
bank_1,1,556,50376.14
bank_1,1,557,55348.84
bank_1,1,558,69244.67
bank_1,1,559,62854.87
bank_1,1,560,74239.85
bank_1,1,561,73541.57
bank_1,1,562,75769.42
bank_1,1,563,56635.49
bank_1,1,564,74870.44
bank_1,1,565,97524.34
bank_1,1,566,58599.37
bank_1,1,567,50777.17
bank_1,1,568,66944.42
bank_1,1,569,85424.97
bank_1,1,570,93037.54
bank_1,1,571,55463.4
bank_1,1,572,51560.14
bank_1,1,573,65506.84
bank_1,1,574,81101.72
bank_1,1,575,96020.34
bank_1,1,576,66521.18
bank_1,1,577,88968.11
bank_1,1,578,56375.83
bank_1,1,579,82048.63
bank_1,1,580,62498.18
bank_1,1,581,88058.91
bank_1,1,582,95606.29
bank_1,1,583,72070.33
bank_1,1,584,84360.92
bank_1,1,585,67701.88
bank_1,1,586,92453.63
bank_1,1,587,70506.69
bank_1,1,588,79203.89
bank_1,1,589,99322.72
bank_1,1,590,77881.86
bank_1,1,591,72641.51
bank_1,1,592,54803.01
bank_1,1,593,97481.04
bank_1,1,594,76244.99
bank_1,1,595,85039.57
bank_1,1,596,82729.11
bank_1,1,597,61872.18
bank_1,1,598,81853.53
bank_1,1,599,54831.44
bank_1,1,600,52864.42
bank_1,1,601,92045.67
bank_1,1,602,80039.1
bank_1,1,603,65068.63
bank_1,1,604,76341.98
bank_1,1,605,77895.12
bank_1,1,606,83888.91
bank_1,1,607,50006.71
bank_1,1,608,57222.42
bank_1,1,609,54658.49
bank_1,1,610,87654.3
bank_1,1,611,72616.74
bank_1,1,612,59919.83
bank_1,1,613,68724.3
bank_1,1,614,83472.73
bank_1,1,615,73061.2
bank_1,1,616,77292.95
bank_1,1,617,96876.66
bank_1,1,618,70016.16
bank_1,1,619,55162.7
bank_1,1,620,55356.92
bank_1,1,621,86235.87
bank_1,1,622,65623.48
bank_1,1,623,55751.9
bank_1,1,624,88909.06
bank_1,1,625,94440.98
bank_1,1,626,55117.84
bank_1,1,627,80825.69
bank_1,1,628,87024.42
bank_1,1,629,62291.73
bank_1,1,630,91833.44
bank_1,1,631,84200.62
bank_1,1,632,72228.49
bank_1,1,633,58285.78
bank_1,1,634,62891.64
bank_1,1,635,91473.41
bank_1,1,636,58390.39
bank_1,1,637,85231.67
bank_1,1,638,78547.13
bank_1,1,639,78035.9
bank_1,1,640,50816.58
bank_1,1,641,56135.06
bank_1,1,642,65490.23
bank_1,1,643,81516.46
bank_1,1,644,69071.77
bank_1,1,645,62824.59
bank_1,1,646,69192.04
bank_1,1,647,73155.79
bank_1,1,648,79729.16
bank_1,1,649,77987.37
bank_1,1,650,68400.9
bank_1,1,651,71273.11
bank_1,1,652,90311.96
bank_1,1,653,79450.77
bank_1,1,654,98524.23
bank_1,1,655,80123.69
bank_1,1,656,64164.53
bank_1,1,657,75655.78
bank_1,1,658,73645.09
bank_1,1,659,92646.3
bank_1,1,660,86874.98
bank_1,1,661,94029.39
bank_1,1,662,85891.47
bank_1,1,663,62663.79
bank_1,1,664,63640.77
bank_1,1,665,58190.42
bank_1,1,666,93952.1
bank_1,1,667,95004.14
bank_1,1,668,66178.22
bank_1,1,669,51161.18
bank_1,1,670,73713.38
bank_1,1,671,89418.97
bank_1,1,672,85147.83
bank_1,1,673,83780.19
bank_1,1,674,51050.74
bank_1,1,675,55095.78
bank_1,1,676,86460.8
bank_1,1,677,90927.56
bank_1,1,678,59110.88
bank_1,1,679,90819.01
bank_1,1,680,97564.02
bank_1,1,681,80081.74
bank_1,1,682,77586.01
bank_1,1,683,51646.12
bank_1,1,684,70697.15
bank_1,1,685,73349.77
bank_1,1,686,97672.7
bank_1,1,687,72043.06
bank_1,1,688,50595.55
bank_1,1,689,78355.01
bank_1,1,690,53406.04
bank_1,1,691,99600.98
bank_1,1,692,82984.62
bank_1,1,693,85954.47
bank_1,1,694,84674.36
bank_1,1,695,97049.81
bank_1,1,696,70247.37
bank_1,1,697,63947.03
bank_1,1,698,53935.74
bank_1,1,699,51141.05
bank_1,1,700,73858.78
bank_1,1,701,87185.09
bank_1,1,702,86962.06
bank_1,1,703,50143.75
bank_1,1,704,80833.0
bank_1,1,705,91589.11
bank_1,1,706,93347.49
bank_1,1,707,88481.24
bank_1,1,708,70944.04
bank_1,1,709,85197.88
bank_1,1,710,85076.68
bank_1,1,711,53210.17
bank_1,1,712,51944.42
bank_1,1,713,67306.63
bank_1,1,714,82167.79
bank_1,1,715,69048.32
bank_1,1,716,82249.49
bank_1,1,717,88075.64
bank_1,1,718,88568.88
bank_1,1,719,64159.17
bank_1,1,720,98586.86
bank_1,1,721,77689.73
bank_1,1,722,81395.18
bank_1,1,723,81760.43
bank_1,1,724,83667.31
bank_1,1,725,57700.4
bank_1,1,726,83728.99
bank_1,1,727,71576.87
bank_1,1,728,98434.48
bank_1,1,729,85707.51
bank_1,1,730,98699.51
bank_1,1,731,99553.01
bank_1,1,732,91700.0
bank_1,1,733,79309.66
bank_1,1,734,80033.8
bank_1,1,735,73484.26
bank_1,1,736,68483.73
bank_1,1,737,70937.04
bank_1,1,738,95674.64
bank_1,1,739,82315.24
bank_1,1,740,58496.36
bank_1,1,741,51863.03
bank_1,1,742,71957.56
bank_1,1,743,72043.31
bank_1,1,744,53291.24
bank_1,1,745,61337.86
bank_1,1,746,66570.03
bank_1,1,747,68836.64
bank_1,1,748,81245.19
bank_1,1,749,57799.56
bank_1,1,750,91089.35
bank_1,1,751,74855.56
bank_1,1,752,53456.27
bank_1,1,753,54979.34
bank_1,1,754,97158.68
bank_1,1,755,51599.26
bank_1,1,756,82449.16
bank_1,1,757,58949.35
bank_1,1,758,82710.26
bank_1,1,759,99379.68
bank_1,1,760,95910.2
bank_1,1,761,71862.82
bank_1,1,762,71575.18
bank_1,1,763,64471.99
bank_1,1,764,72020.7
bank_1,1,765,97896.19
bank_1,1,766,51892.98
bank_1,1,767,73941.77
bank_1,1,768,94786.29
bank_1,1,769,55330.56
bank_1,1,770,55836.03
bank_1,1,771,90738.54
bank_1,1,772,64141.31
bank_1,1,773,89896.8
bank_1,1,774,65090.36
bank_1,1,775,51615.33
bank_1,1,776,90991.7
bank_1,1,777,66590.98
bank_1,1,778,73065.28
bank_1,1,779,52992.58
bank_1,1,780,82541.65
bank_1,1,781,91447.64
bank_1,1,782,60987.8
bank_1,1,783,96660.32
bank_1,1,784,81679.75
bank_1,1,785,77409.87
bank_1,1,786,60292.55
bank_1,1,787,93803.42
bank_1,1,788,71197.45
bank_1,1,789,52133.09
bank_1,1,790,96288.92
bank_1,1,791,68442.37
bank_1,1,792,64729.5
bank_1,1,793,52900.01
bank_1,1,794,51654.79
bank_1,1,795,52155.19
bank_1,1,796,93748.04
bank_1,1,797,93394.01
bank_1,1,798,73486.6
bank_1,1,799,54062.37
bank_1,1,800,56962.65
bank_1,1,801,97376.13
bank_1,1,802,78035.56
bank_1,1,803,89779.58
bank_1,1,804,53841.6
bank_1,1,805,53265.95
bank_1,1,806,88856.33
bank_1,1,807,55790.44
bank_1,1,808,91035.07
bank_1,1,809,96722.47
bank_1,1,810,71641.55
bank_1,1,811,55756.54
bank_1,1,812,85881.11
bank_1,1,813,72284.31
bank_1,1,814,75070.56
bank_1,1,815,94399.33
bank_1,1,816,76992.82
bank_1,1,817,56909.83
bank_1,1,818,68625.57
bank_1,1,819,92483.07
bank_1,1,820,75572.29
bank_1,1,821,54037.35
bank_1,1,822,75327.17
bank_1,1,823,51754.76
bank_1,1,824,93965.34
bank_1,1,825,62405.74
bank_1,1,826,86458.9
bank_1,1,827,99732.15
bank_1,1,828,94818.24
bank_1,1,829,76431.46
bank_1,1,830,66207.36
bank_1,1,831,84937.38
bank_1,1,832,77330.57
bank_1,1,833,95440.11
bank_1,1,834,62108.76
bank_1,1,835,84672.76
bank_1,1,836,57624.27
bank_1,1,837,70254.61
bank_1,1,838,88869.53
bank_1,1,839,68217.5
bank_1,1,840,64181.21
bank_1,1,841,67645.11
bank_1,1,842,68682.7
bank_1,1,843,50398.86
bank_1,1,844,57156.15
bank_1,1,845,87028.81
bank_1,1,846,84639.36
bank_1,1,847,82624.12
bank_1,1,848,56842.68
bank_1,1,849,55791.6
bank_1,1,850,74477.6
bank_1,1,851,74195.21
bank_1,1,852,56289.98
bank_1,1,853,98291.15
bank_1,1,854,90867.21
bank_1,1,855,93610.85
bank_1,1,856,58609.6
bank_1,1,857,82826.82
bank_1,1,858,90661.54
bank_1,1,859,66175.74
bank_1,1,860,99267.34
bank_1,1,861,54753.74
bank_1,1,862,89661.45
bank_1,1,863,57230.56
bank_1,1,864,62565.67
bank_1,1,865,59475.92
bank_1,1,866,55786.98
bank_1,1,867,83544.63
bank_1,1,868,62147.96
bank_1,1,869,89962.65
bank_1,1,870,88472.24
bank_1,1,871,97871.08
bank_1,1,872,88734.59
bank_1,1,873,99501.54
bank_1,1,874,77866.29
bank_1,1,875,51599.53
bank_1,1,876,66600.42
bank_1,1,877,69704.0
bank_1,1,878,98315.79
bank_1,1,879,71056.49
bank_1,1,880,63508.56
bank_1,1,881,89987.32
bank_1,1,882,95989.12
bank_1,1,883,52333.74
bank_1,1,884,99048.6
bank_1,1,885,86134.04
bank_1,1,886,99787.6
bank_1,1,887,82427.87
bank_1,1,888,50389.24
bank_1,1,889,83916.24
bank_1,1,890,61336.52
bank_1,1,891,99423.21
bank_1,1,892,96604.2
bank_1,1,893,93037.91
bank_1,1,894,85433.03
bank_1,1,895,62669.68
bank_1,1,896,96332.03
bank_1,1,897,91130.75
bank_1,1,898,81696.42
bank_1,1,899,58547.63
bank_1,1,900,59962.36
bank_1,1,901,78345.96
bank_1,1,902,79664.99
bank_1,1,903,70400.56
bank_1,1,904,90675.93
bank_1,1,905,83918.86
bank_1,1,906,62902.78
bank_1,1,907,51502.21
bank_1,1,908,80339.38
bank_1,1,909,66469.9
bank_1,1,910,94491.8
bank_1,1,911,61710.23
bank_1,1,912,77431.67
bank_1,1,913,59896.44
bank_1,1,914,98336.45
bank_1,1,915,82146.98
bank_1,1,916,87654.17
bank_1,1,917,94542.82
bank_1,1,918,72694.09
bank_1,1,919,77337.02
bank_1,1,920,72481.96
bank_1,1,921,80953.91
bank_1,1,922,66737.69
bank_1,1,923,91098.18
bank_1,1,924,68260.88
bank_1,1,925,88569.15
bank_1,1,926,50834.94
bank_1,1,927,68184.25
bank_1,1,928,73994.72
bank_1,1,929,95052.58
bank_1,1,930,86118.31
bank_1,1,931,86690.21
bank_1,1,932,81832.22
bank_1,1,933,95037.42
bank_1,1,934,86245.99
bank_1,1,935,81573.73
bank_1,1,936,96042.8
bank_1,1,937,88209.76
bank_1,1,938,50739.43
bank_1,1,939,93430.97
bank_1,1,940,59409.62
bank_1,1,941,87418.76
bank_1,1,942,70669.11
bank_1,1,943,69615.25
bank_1,1,944,57692.71
bank_1,1,945,71443.22
bank_1,1,946,99972.2
bank_1,1,947,91364.53
bank_1,1,948,86837.07
bank_1,1,949,82146.87
bank_1,1,950,60733.78
bank_1,1,951,53158.42
bank_1,1,952,96636.04
bank_1,1,953,95427.35
bank_1,1,954,50110.95
bank_1,1,955,95554.3
bank_1,1,956,87443.03
bank_1,1,957,54937.27
bank_1,1,958,57711.13
bank_1,1,959,58818.48
bank_1,1,960,62830.41
bank_1,1,961,95141.19
bank_1,1,962,71059.0
bank_1,1,963,76923.86
bank_1,1,964,71217.18
bank_1,1,965,73204.86
bank_1,1,966,62540.33
bank_1,1,967,65756.05
bank_1,1,968,62622.47
bank_1,1,969,64244.87
bank_1,1,970,80396.04
bank_1,1,971,51165.68
bank_1,1,972,96864.35
bank_1,1,973,75687.04
bank_1,1,974,75106.15
bank_1,1,975,71093.89
bank_1,1,976,86550.29
bank_1,1,977,88065.23
bank_1,1,978,86118.49
bank_1,1,979,98269.83
bank_1,1,980,70724.85
bank_1,1,981,54282.17
bank_1,1,982,89916.8
bank_1,1,983,85623.64
bank_1,1,984,51272.51
bank_1,1,985,74641.01
bank_1,1,986,90488.71
bank_1,1,987,97413.47
bank_1,1,988,67484.04
bank_1,1,989,73587.49
bank_1,1,990,72245.22
bank_1,1,991,87204.55
bank_1,1,992,85172.71
bank_1,1,993,73745.12
bank_1,1,994,59250.92
bank_1,1,995,79357.05
bank_1,1,996,51249.5
bank_1,1,997,67787.34
bank_1,1,998,65393.09
bank_1,1,999,53334.25
bank_1,1,1000,54869.68
bank_1,1,1001,89415.81
bank_1,1,1002,72657.82
bank_1,1,1003,56435.77
bank_1,1,1004,96699.53
bank_1,1,1005,65782.37
bank_1,1,1006,72011.35
bank_1,1,1007,84740.72
bank_1,1,1008,57726.55
bank_1,1,1009,89124.88
bank_1,1,1010,92266.01
bank_1,1,1011,74562.6
bank_1,1,1012,85472.81
bank_1,1,1013,86168.95
bank_1,1,1014,99593.47
bank_1,1,1015,88762.39
bank_1,1,1016,68038.5
bank_1,1,1017,75534.56
bank_1,1,1018,69691.95
bank_1,1,1019,76755.27
bank_1,1,1020,94788.26
bank_1,1,1021,54809.74
bank_1,1,1022,94710.65
bank_1,1,1023,75195.39
bank_1,1,1024,57270.06
bank_1,1,1025,96694.55
bank_1,1,1026,59728.21
bank_1,1,1027,51348.88
bank_1,1,1028,73543.53
bank_1,1,1029,78683.47
bank_1,1,1030,52527.05
bank_1,1,1031,81443.67
bank_1,1,1032,78156.03
bank_1,1,1033,78157.49
bank_1,1,1034,54047.53
bank_1,1,1035,67837.37
bank_1,1,1036,56528.93
bank_1,1,1037,73395.83
bank_1,1,1038,68531.05
bank_1,1,1039,66491.72
bank_1,1,1040,94089.92
bank_1,1,1041,81212.24
bank_1,1,1042,55502.81
bank_1,1,1043,82868.42
bank_1,1,1044,99812.31
bank_1,1,1045,68264.6
bank_1,1,1046,88526.16
bank_1,1,1047,82857.42
bank_1,1,1048,73752.6
bank_1,1,1049,70230.07
bank_1,1,1050,60697.45
bank_1,1,1051,70888.06
bank_1,1,1052,63340.64
bank_1,1,1053,74315.3
bank_1,1,1054,83468.77
bank_1,1,1055,94343.35
bank_1,1,1056,57271.26
bank_1,1,1057,90488.91
bank_1,1,1058,88098.05
bank_1,1,1059,81403.47
bank_1,1,1060,59603.73
bank_1,1,1061,53585.36
bank_1,1,1062,56842.58
bank_1,1,1063,66092.52
bank_1,1,1064,64568.64
bank_1,1,1065,90519.85
bank_1,1,1066,67179.57
bank_1,1,1067,58113.47
bank_1,1,1068,98786.04
bank_1,1,1069,85244.67
bank_1,1,1070,90165.43
bank_1,1,1071,74861.04
bank_1,1,1072,54844.95
bank_1,1,1073,79312.96
bank_1,1,1074,72237.15
bank_1,1,1075,65902.49
bank_1,1,1076,54374.09
bank_1,1,1077,65805.6
bank_1,1,1078,63615.52
bank_1,1,1079,67813.11
bank_1,1,1080,85666.7
bank_1,1,1081,55831.67
bank_1,1,1082,68942.05
bank_1,1,1083,87943.29
bank_1,1,1084,65484.42
bank_1,1,1085,92798.62
bank_1,1,1086,93203.0
bank_1,1,1087,59461.12
bank_1,1,1088,82479.39
bank_1,1,1089,81970.82
bank_1,1,1090,58487.76
bank_1,1,1091,77888.84
bank_1,1,1092,73762.1
bank_1,1,1093,62036.91
bank_1,1,1094,85649.91
bank_1,1,1095,94768.98
bank_1,1,1096,94824.22
bank_1,1,1097,55288.42
bank_1,1,1098,68942.61
bank_1,1,1099,54462.53
bank_1,1,1100,73193.1
bank_1,1,1101,83159.03
bank_1,1,1102,85344.29
bank_1,1,1103,52885.26
bank_1,1,1104,55652.12
bank_1,1,1105,81608.18
bank_1,1,1106,91746.57
bank_1,1,1107,80375.63
bank_1,1,1108,54695.63
bank_1,1,1109,54091.91
bank_1,1,1110,79030.54
bank_1,1,1111,60845.23
bank_1,1,1112,87381.58
bank_1,1,1113,65106.51
bank_1,1,1114,91296.95
bank_1,1,1115,95104.97
bank_1,1,1116,76553.09
bank_1,1,1117,85133.25
bank_1,1,1118,88203.32
bank_1,1,1119,81333.56
bank_1,1,1120,82339.78
bank_1,1,1121,70184.09
bank_1,1,1122,94640.62
bank_1,1,1123,58860.12
bank_1,1,1124,58092.09
bank_1,1,1125,86219.28
bank_1,1,1126,60571.08
bank_1,1,1127,76006.06
bank_1,1,1128,95073.19
bank_1,1,1129,67879.08
bank_1,1,1130,86780.61
bank_1,1,1131,93453.35
bank_1,1,1132,82932.67
bank_1,1,1133,54539.75
bank_1,1,1134,75817.57
bank_1,1,1135,89852.13
bank_1,1,1136,99888.44
bank_1,1,1137,72932.98
bank_1,1,1138,52813.08
bank_1,1,1139,67457.12
bank_1,1,1140,74974.92
bank_1,1,1141,96470.13
bank_1,1,1142,53259.02
bank_1,1,1143,95790.47
bank_1,1,1144,71998.73
bank_1,1,1145,54976.61
bank_1,1,1146,87580.84
bank_1,1,1147,56053.97
bank_1,1,1148,56699.01
bank_1,1,1149,61843.18
bank_1,1,1150,77362.01
bank_1,1,1151,83015.92
bank_1,1,1152,93018.49
bank_1,1,1153,79486.85
bank_1,1,1154,81874.47
bank_1,1,1155,74059.69
bank_1,1,1156,75215.23
bank_1,1,1157,83148.29
bank_1,1,1158,63497.25
bank_1,1,1159,64799.59
bank_1,1,1160,81148.94
bank_1,1,1161,81086.99
bank_1,1,1162,59009.8
bank_1,1,1163,59785.51
bank_1,1,1164,77421.69
bank_1,1,1165,91662.1
bank_1,1,1166,65589.13
bank_1,1,1167,58699.75
bank_1,1,1168,52427.35
bank_1,1,1169,76508.26
bank_1,1,1170,76422.74
bank_1,1,1171,80633.2
bank_1,1,1172,77328.3
bank_1,1,1173,82947.67
bank_1,1,1174,93506.57
bank_1,1,1175,65874.97
bank_1,1,1176,89802.1
bank_1,1,1177,61336.96
bank_1,1,1178,66543.55
bank_1,1,1179,74719.18
bank_1,1,1180,75981.67
bank_1,1,1181,86884.18
bank_1,1,1182,51302.61
bank_1,1,1183,86920.69
bank_1,1,1184,90306.44
bank_1,1,1185,50069.92
bank_1,1,1186,78099.57
bank_1,1,1187,50936.36
bank_1,1,1188,56915.94
bank_1,1,1189,93559.47
bank_1,1,1190,52748.08
bank_1,1,1191,95370.01
bank_1,1,1192,83374.52
bank_1,1,1193,88296.3
bank_1,1,1194,83761.3
bank_1,1,1195,87919.06
bank_1,1,1196,86598.16
bank_1,1,1197,94742.98
bank_1,1,1198,67992.26
bank_1,1,1199,69140.68
bank_1,1,1200,82471.31
bank_1,1,1201,76508.21
bank_1,1,1202,83926.13
bank_1,1,1203,68407.96
bank_1,1,1204,70936.25
bank_1,1,1205,69606.84
bank_1,1,1206,51981.74
bank_1,1,1207,86842.27
bank_1,1,1208,78448.12
bank_1,1,1209,94297.41
bank_1,1,1210,86895.34
bank_1,1,1211,70745.21
bank_1,1,1212,88772.29
bank_1,1,1213,53170.52
bank_1,1,1214,81806.3
bank_1,1,1215,96559.56
bank_1,1,1216,94580.59
bank_1,1,1217,65820.41
bank_1,1,1218,64028.42
bank_1,1,1219,64742.91
bank_1,1,1220,94332.55
bank_1,1,1221,67112.55
bank_1,1,1222,70667.47
bank_1,1,1223,66484.58
bank_1,1,1224,63311.3
bank_1,1,1225,93504.93
bank_1,1,1226,72183.34
bank_1,1,1227,76710.74
bank_1,1,1228,70066.89
bank_1,1,1229,66767.03
bank_1,1,1230,70179.61
bank_1,1,1231,94744.29
bank_1,1,1232,64015.88
bank_1,1,1233,84836.42
bank_1,1,1234,60702.82
bank_1,1,1235,95460.61
bank_1,1,1236,73346.29
bank_1,1,1237,64938.82
bank_1,1,1238,71428.53
bank_1,1,1239,86987.86
bank_1,1,1240,92820.43
bank_1,1,1241,90629.78
bank_1,1,1242,56490.49
bank_1,1,1243,98365.3
bank_1,1,1244,73866.16
bank_1,1,1245,97555.23
bank_1,1,1246,58540.63
bank_1,1,1247,97045.69
bank_1,1,1248,59648.18
bank_1,1,1249,93469.54
bank_1,1,1250,63534.04
bank_1,1,1251,92047.53
bank_1,1,1252,58190.77
bank_1,1,1253,92737.9
bank_1,1,1254,83068.23
bank_1,1,1255,56069.94
bank_1,1,1256,96843.06
bank_1,1,1257,71701.15
bank_1,1,1258,59184.62
bank_1,1,1259,92183.46
bank_1,1,1260,52719.93
bank_1,1,1261,51911.67
bank_1,1,1262,86862.14
bank_1,1,1263,54493.56
bank_1,1,1264,87320.57
bank_1,1,1265,54723.37
bank_1,1,1266,96983.31
bank_1,1,1267,56867.1
bank_1,1,1268,78147.19
bank_1,1,1269,82304.43
bank_1,1,1270,68310.36
bank_1,1,1271,54790.11
bank_1,1,1272,74414.59
bank_1,1,1273,66782.67
bank_1,1,1274,94546.81
bank_1,1,1275,60158.27
bank_1,1,1276,61188.95
bank_1,1,1277,79859.63
bank_1,1,1278,72199.5
bank_1,1,1279,64348.98
bank_1,1,1280,57017.08
bank_1,1,1281,91990.63
bank_1,1,1282,54777.42
bank_1,1,1283,95198.27
bank_1,1,1284,97022.14
bank_1,1,1285,56512.61
bank_1,1,1286,96231.85
bank_1,1,1287,63285.51
bank_1,1,1288,89623.49
bank_1,1,1289,66233.09
bank_1,1,1290,72279.72
bank_1,1,1291,85524.64
bank_1,1,1292,77311.97
bank_1,1,1293,87729.35
bank_1,1,1294,69815.41
bank_1,1,1295,53115.31
bank_1,1,1296,67173.04
bank_1,1,1297,94231.75
bank_1,1,1298,90116.44
bank_1,1,1299,96309.11
bank_1,1,1300,79459.57
bank_1,1,1301,66410.53
bank_1,1,1302,74085.72
bank_1,1,1303,74659.52
bank_1,1,1304,62250.58
bank_1,1,1305,93563.37
bank_1,1,1306,52953.54
bank_1,1,1307,66578.46
bank_1,1,1308,98907.17
bank_1,1,1309,78017.19
bank_1,1,1310,97191.33
bank_1,1,1311,50310.79
bank_1,1,1312,90582.31
bank_1,1,1313,81276.19
bank_1,1,1314,92820.28
bank_1,1,1315,86730.63
bank_1,1,1316,99993.15
bank_1,1,1317,66887.3
bank_1,1,1318,87199.74
bank_1,1,1319,92230.95
bank_1,1,1320,84664.18
bank_1,1,1321,89563.36
bank_1,1,1322,90958.13
bank_1,1,1323,63589.24
bank_1,1,1324,64161.65
bank_1,1,1325,70223.84
bank_1,1,1326,51188.72
bank_1,1,1327,95252.5
bank_1,1,1328,90553.49
bank_1,1,1329,56591.26
bank_1,1,1330,90930.54
bank_1,1,1331,66477.96
bank_1,1,1332,80340.64
bank_1,1,1333,74459.89
bank_1,1,1334,72234.28
bank_1,1,1335,80450.57
bank_1,1,1336,95368.57
bank_1,1,1337,70705.21
bank_1,1,1338,51333.05
bank_1,1,1339,92569.03
bank_1,1,1340,97595.03
bank_1,1,1341,90358.84
bank_1,1,1342,57833.63
bank_1,1,1343,71058.95
bank_1,1,1344,87844.12
bank_1,1,1345,93180.55
bank_1,1,1346,93493.13
bank_1,1,1347,96181.83
bank_1,1,1348,82080.69
bank_1,1,1349,56933.21
bank_1,1,1350,71007.89
bank_1,1,1351,97974.79
bank_1,1,1352,56611.29
bank_1,1,1353,96647.46
bank_1,1,1354,67978.91
bank_1,1,1355,79543.96
bank_1,1,1356,90672.63
bank_1,1,1357,54645.96
bank_1,1,1358,55617.99
bank_1,1,1359,73918.39
bank_1,1,1360,95216.2
bank_1,1,1361,98513.79
bank_1,1,1362,82715.15
bank_1,1,1363,59574.1
bank_1,1,1364,89671.08
bank_1,1,1365,68811.0
bank_1,1,1366,63215.52
bank_1,1,1367,79495.57
bank_1,1,1368,72146.27
bank_1,1,1369,75959.56
bank_1,1,1370,98522.27
bank_1,1,1371,51918.86
bank_1,1,1372,93677.55
bank_1,1,1373,71674.51
bank_1,1,1374,92286.75
bank_1,1,1375,93803.77
bank_1,1,1376,86842.73
bank_1,1,1377,73687.85
bank_1,1,1378,76086.91
bank_1,1,1379,79803.93
bank_1,1,1380,69775.74
bank_1,1,1381,85677.07
bank_1,1,1382,92737.6
bank_1,1,1383,66847.33
bank_1,1,1384,97725.23
bank_1,1,1385,78136.04
bank_1,1,1386,64681.76
bank_1,1,1387,58136.96
bank_1,1,1388,86316.95
bank_1,1,1389,64054.38
bank_1,1,1390,90444.23
bank_1,1,1391,97347.56
bank_1,1,1392,67624.9
bank_1,1,1393,68899.12
bank_1,1,1394,65089.99
bank_1,1,1395,62783.32
bank_1,1,1396,99933.12
bank_1,1,1397,91385.55
bank_1,1,1398,93254.17
bank_1,1,1399,51384.65
bank_1,1,1400,97619.58
bank_1,1,1401,91193.49
bank_1,1,1402,91163.5
bank_1,1,1403,96330.71
bank_1,1,1404,70585.83
bank_1,1,1405,53843.59
bank_1,1,1406,78472.32
bank_1,1,1407,76784.62
bank_1,1,1408,60796.55
bank_1,1,1409,87119.7
bank_1,1,1410,99259.13
bank_1,1,1411,85813.59
bank_1,1,1412,89707.13
bank_1,1,1413,88636.84
bank_1,1,1414,90525.3
bank_1,1,1415,57979.82
bank_1,1,1416,80279.76
bank_1,1,1417,80415.88
bank_1,1,1418,93701.63
bank_1,1,1419,71895.05
bank_1,1,1420,63008.55
bank_1,1,1421,76831.08
bank_1,1,1422,74680.02
bank_1,1,1423,50841.36
bank_1,1,1424,52438.81
bank_1,1,1425,59405.32
bank_1,1,1426,74628.58
bank_1,1,1427,82927.17
bank_1,1,1428,76049.16
bank_1,1,1429,78744.2
bank_1,1,1430,99599.98
bank_1,1,1431,54382.16
bank_1,1,1432,68635.07
bank_1,1,1433,77268.35
bank_1,1,1434,89532.64
bank_1,1,1435,94185.68
bank_1,1,1436,81012.0
bank_1,1,1437,82778.47
bank_1,1,1438,94717.6
bank_1,1,1439,89599.46
bank_1,1,1440,79038.54
bank_1,1,1441,50609.01
bank_1,1,1442,70630.44
bank_1,1,1443,53544.3
bank_1,1,1444,98148.88
bank_1,1,1445,91331.71
bank_1,1,1446,67298.62
bank_1,1,1447,55022.38
bank_1,1,1448,78204.32
bank_1,1,1449,67605.41
bank_1,1,1450,86163.28
bank_1,1,1451,91864.85
bank_1,1,1452,79848.89
bank_1,1,1453,90915.91
bank_1,1,1454,50423.73
bank_1,1,1455,61672.93
bank_1,1,1456,71532.59
bank_1,1,1457,73251.23
bank_1,1,1458,90636.97
bank_1,1,1459,58775.23
bank_1,1,1460,78644.61
bank_1,1,1461,76896.33
bank_1,1,1462,82394.51
bank_1,1,1463,50684.59
bank_1,1,1464,52186.53
bank_1,1,1465,54544.64
bank_1,1,1466,69669.72
bank_1,1,1467,79887.58
bank_1,1,1468,86700.34
bank_1,1,1469,82545.4
bank_1,1,1470,55375.6
bank_1,1,1471,93291.34
bank_1,1,1472,69725.4
bank_1,1,1473,90817.93
bank_1,1,1474,58557.97
bank_1,1,1475,69014.59
bank_1,1,1476,83521.76
bank_1,1,1477,81504.39
bank_1,1,1478,75939.52
bank_1,1,1479,96156.93
bank_1,1,1480,90577.94
bank_1,1,1481,79792.63
bank_1,1,1482,83883.26
bank_1,1,1483,70759.96
bank_1,1,1484,75645.09
bank_1,1,1485,81512.9
bank_1,1,1486,91870.4
bank_1,1,1487,59998.9
bank_1,1,1488,72886.2
bank_1,1,1489,59202.04
bank_1,1,1490,59860.01
bank_1,1,1491,51783.99
bank_1,1,1492,55959.1
bank_1,1,1493,87867.52
bank_1,1,1494,66497.56
bank_1,1,1495,65237.53
bank_1,1,1496,57194.19
bank_1,1,1497,78819.09
bank_1,1,1498,70754.29
bank_1,1,1499,52763.24
bank_1,1,1500,69129.33
bank_1,1,1501,90380.44
bank_1,1,1502,87838.63
bank_1,1,1503,98736.96
bank_1,1,1504,92873.78
bank_1,1,1505,74884.53
bank_1,1,1506,89618.8
bank_1,1,1507,89269.44
bank_1,1,1508,70501.28
bank_1,1,1509,69357.45
bank_1,1,1510,78004.75
bank_1,1,1511,72128.09
bank_1,1,1512,81146.92
bank_1,1,1513,90688.63
bank_1,1,1514,95948.47
bank_1,1,1515,82166.32
bank_1,1,1516,76240.39
bank_1,1,1517,60791.24
bank_1,1,1518,69978.84
bank_1,1,1519,61212.32
bank_1,1,1520,86442.34
bank_1,1,1521,77014.55
bank_1,1,1522,57664.24
bank_1,1,1523,58261.03
bank_1,1,1524,51408.69
bank_1,1,1525,55689.49
bank_1,1,1526,80958.42
bank_1,1,1527,81882.14
bank_1,1,1528,76413.29
bank_1,1,1529,89471.77
bank_1,1,1530,77324.43
bank_1,1,1531,62820.65
bank_1,1,1532,88277.6
bank_1,1,1533,68321.62
bank_1,1,1534,52224.42
bank_1,1,1535,60808.32
bank_1,1,1536,72237.42
bank_1,1,1537,80655.78
bank_1,1,1538,88975.57
bank_1,1,1539,93072.73
bank_1,1,1540,88714.43
bank_1,1,1541,87572.93
bank_1,1,1542,79467.24
bank_1,1,1543,59659.98
bank_1,1,1544,83307.1
bank_1,1,1545,84719.03
bank_1,1,1546,63404.72
bank_1,1,1547,68555.14
bank_1,1,1548,64691.41
bank_1,1,1549,99782.53
bank_1,1,1550,84855.85
bank_1,1,1551,67958.61
bank_1,1,1552,59738.02
bank_1,1,1553,67027.2
bank_1,1,1554,62059.06
bank_1,1,1555,91539.02
bank_1,1,1556,59400.78
bank_1,1,1557,68922.64
bank_1,1,1558,76746.62
bank_1,1,1559,62571.87
bank_1,1,1560,58444.28
bank_1,1,1561,98069.05
bank_1,1,1562,95183.62
bank_1,1,1563,51343.21
bank_1,1,1564,76678.96
bank_1,1,1565,52186.6
bank_1,1,1566,71686.12
bank_1,1,1567,55476.03
bank_1,1,1568,90226.17
bank_1,1,1569,60049.67
bank_1,1,1570,65030.2
bank_1,1,1571,54290.9
bank_1,1,1572,98410.98
bank_1,1,1573,75006.21
bank_1,1,1574,71109.56
bank_1,1,1575,77642.61
bank_1,1,1576,58973.4
bank_1,1,1577,89875.24
bank_1,1,1578,64355.73
bank_1,1,1579,92346.32
bank_1,1,1580,86958.77
bank_1,1,1581,64734.72
bank_1,1,1582,74301.93
bank_1,1,1583,64723.45
bank_1,1,1584,97009.85
bank_1,1,1585,92448.75
bank_1,1,1586,76949.52
bank_1,1,1587,84486.88
bank_1,1,1588,53884.35
bank_1,1,1589,90036.65
bank_1,1,1590,67914.84
bank_1,1,1591,63428.23
bank_1,1,1592,66385.45
bank_1,1,1593,94460.11
bank_1,1,1594,55164.82
bank_1,1,1595,99325.28
bank_1,1,1596,73179.0
bank_1,1,1597,81369.46
bank_1,1,1598,75332.24
bank_1,1,1599,53134.91
bank_1,1,1600,88286.74
bank_1,1,1601,70052.45
bank_1,1,1602,74105.87
bank_1,1,1603,91076.32
bank_1,1,1604,65578.68
bank_1,1,1605,57047.99
bank_1,1,1606,52281.21
bank_1,1,1607,84498.39
bank_1,1,1608,53316.75
bank_1,1,1609,79672.32
bank_1,1,1610,53407.1
bank_1,1,1611,55645.31
bank_1,1,1612,69694.71
bank_1,1,1613,64593.87
bank_1,1,1614,55362.04
bank_1,1,1615,97093.54
bank_1,1,1616,97323.6
bank_1,1,1617,98133.32
bank_1,1,1618,99021.16
bank_1,1,1619,95476.54
bank_1,1,1620,78301.7
bank_1,1,1621,70213.33
bank_1,1,1622,87091.17
bank_1,1,1623,76188.41
bank_1,1,1624,61366.56
bank_1,1,1625,88785.59
bank_1,1,1626,58152.74
bank_1,1,1627,82589.31
bank_1,1,1628,97488.32
bank_1,1,1629,76765.03
bank_1,1,1630,57270.76
bank_1,1,1631,67916.74
bank_1,1,1632,75538.15
bank_1,1,1633,71604.1
bank_1,1,1634,57454.6
bank_1,1,1635,79909.02
bank_1,1,1636,94000.63
bank_1,1,1637,98584.17
bank_1,1,1638,59069.13
bank_1,1,1639,82915.42
bank_1,1,1640,51088.2
bank_1,1,1641,57490.97
bank_1,1,1642,75668.97
bank_1,1,1643,80321.04
bank_1,1,1644,62393.85
bank_1,1,1645,86736.14
bank_1,1,1646,94602.57
bank_1,1,1647,98503.59
bank_1,1,1648,55196.34
bank_1,1,1649,84166.94
bank_1,1,1650,76149.51
bank_1,1,1651,84903.98
bank_1,1,1652,96670.64
bank_1,1,1653,64322.96
bank_1,1,1654,94065.61
bank_1,1,1655,54530.49
bank_1,1,1656,52066.45
bank_1,1,1657,96254.31
bank_1,1,1658,62946.47
bank_1,1,1659,85532.41
bank_1,1,1660,60988.27
bank_1,1,1661,79414.48
bank_1,1,1662,67014.27
bank_1,1,1663,86149.95
bank_1,1,1664,87240.5
bank_1,1,1665,95116.77
bank_1,1,1666,90168.62
bank_1,1,1667,72508.02
bank_1,1,1668,56365.66
bank_1,1,1669,83569.56
bank_1,1,1670,71962.48
bank_1,1,1671,85440.21
bank_1,1,1672,99409.66
bank_1,1,1673,66738.66
bank_1,1,1674,72183.73
bank_1,1,1675,67163.38
bank_1,1,1676,66064.64
bank_1,1,1677,62125.11
bank_1,1,1678,67643.36
bank_1,1,1679,68101.56
bank_1,1,1680,67921.28
bank_1,1,1681,97395.83
bank_1,1,1682,68759.85
bank_1,1,1683,50870.96
bank_1,1,1684,98242.35
bank_1,1,1685,79051.44
bank_1,1,1686,65410.05
bank_1,1,1687,89688.39
bank_1,1,1688,51100.5
bank_1,1,1689,92730.42
bank_1,1,1690,55940.89
bank_1,1,1691,51209.91
bank_1,1,1692,57168.77
bank_1,1,1693,91760.73
bank_1,1,1694,52536.58
bank_1,1,1695,95689.22
bank_1,1,1696,64591.24
bank_1,1,1697,59849.62
bank_1,1,1698,82751.97
bank_1,1,1699,62121.17
bank_1,1,1700,78261.83
bank_1,1,1701,88195.02
bank_1,1,1702,83384.36
bank_1,1,1703,65869.17
bank_1,1,1704,81666.4
bank_1,1,1705,81440.43
bank_1,1,1706,51036.82
bank_1,1,1707,73041.96
bank_1,1,1708,81636.26
bank_1,1,1709,69079.04
bank_1,1,1710,58021.4
bank_1,1,1711,95631.84
bank_1,1,1712,50543.3
bank_1,1,1713,93263.75
bank_1,1,1714,58335.13
bank_1,1,1715,99569.35
bank_1,1,1716,95534.31
bank_1,1,1717,54591.53
bank_1,1,1718,88382.03
bank_1,1,1719,83390.65
bank_1,1,1720,93232.04
bank_1,1,1721,74819.55
bank_1,1,1722,65604.72
bank_1,1,1723,89539.17
bank_1,1,1724,86820.45
bank_1,1,1725,76819.14
bank_1,1,1726,99270.13
bank_1,1,1727,88473.74
bank_1,1,1728,74857.04
bank_1,1,1729,96290.46
bank_1,1,1730,75290.99
bank_1,1,1731,92155.44
bank_1,1,1732,52497.64
bank_1,1,1733,56495.44
bank_1,1,1734,60647.04
bank_1,1,1735,61605.46
bank_1,1,1736,57021.51
bank_1,1,1737,52076.67
bank_1,1,1738,77980.97
bank_1,1,1739,79498.54
bank_1,1,1740,86326.49
bank_1,1,1741,80742.77
bank_1,1,1742,72657.84
bank_1,1,1743,72495.59
bank_1,1,1744,50703.16
bank_1,1,1745,80819.97
bank_1,1,1746,81795.55
bank_1,1,1747,81286.75
bank_1,1,1748,98084.91
bank_1,1,1749,85163.8
bank_1,1,1750,60536.64
bank_1,1,1751,80530.78
bank_1,1,1752,77696.21
bank_1,1,1753,83640.3
bank_1,1,1754,79741.31
bank_1,1,1755,87871.82
bank_1,1,1756,72901.4
bank_1,1,1757,78343.04
bank_1,1,1758,96282.48
bank_1,1,1759,63195.53
bank_1,1,1760,83124.2
bank_1,1,1761,86897.27
bank_1,1,1762,91058.63
bank_1,1,1763,78665.53
bank_1,1,1764,98709.43
bank_1,1,1765,98146.4
bank_1,1,1766,75686.27
bank_1,1,1767,72610.66
bank_1,1,1768,55162.62
bank_1,1,1769,79358.21
bank_1,1,1770,65552.23
bank_1,1,1771,84399.96
bank_1,1,1772,85810.82
bank_1,1,1773,93301.28
bank_1,1,1774,87155.0
bank_1,1,1775,90469.92
bank_1,1,1776,92054.93
bank_1,1,1777,99793.57
bank_1,1,1778,66453.96
bank_1,1,1779,79442.35
bank_1,1,1780,77861.82
bank_1,1,1781,78543.77
bank_1,1,1782,83388.79
bank_1,1,1783,96846.28
bank_1,1,1784,50914.58
bank_1,1,1785,65506.3
bank_1,1,1786,73129.65
bank_1,1,1787,75841.26
bank_1,1,1788,95343.98
bank_1,1,1789,74982.11
bank_1,1,1790,61825.93
bank_1,1,1791,92863.53
bank_1,1,1792,75735.17
bank_1,1,1793,89215.02
bank_1,1,1794,63205.24
bank_1,1,1795,97248.09
bank_1,1,1796,70069.13
bank_1,1,1797,72342.68
bank_1,1,1798,73837.91
bank_1,1,1799,66549.18
bank_1,1,1800,87929.0
bank_1,1,1801,78811.45
bank_1,1,1802,80174.52
bank_1,1,1803,80047.65
bank_1,1,1804,64720.41
bank_1,1,1805,67086.12
bank_1,1,1806,54558.47
bank_1,1,1807,69249.85
bank_1,1,1808,63113.02
bank_1,1,1809,67433.68
bank_1,1,1810,81236.62
bank_1,1,1811,84249.91
bank_1,1,1812,87424.62
bank_1,1,1813,61075.25
bank_1,1,1814,59153.21
bank_1,1,1815,98408.41
bank_1,1,1816,73323.71
bank_1,1,1817,73787.8
bank_1,1,1818,54151.7
bank_1,1,1819,84353.57
bank_1,1,1820,58623.72
bank_1,1,1821,52610.86
bank_1,1,1822,62548.88
bank_1,1,1823,98307.58
bank_1,1,1824,66621.87
bank_1,1,1825,52851.2
bank_1,1,1826,83514.75
bank_1,1,1827,58701.1
bank_1,1,1828,64236.55
bank_1,1,1829,73806.13
bank_1,1,1830,77029.72
bank_1,1,1831,65142.01
bank_1,1,1832,96238.47
bank_1,1,1833,87891.91
bank_1,1,1834,81340.35
bank_1,1,1835,53755.32
bank_1,1,1836,90901.28
bank_1,1,1837,91458.31
bank_1,1,1838,90419.13
bank_1,1,1839,91552.87
bank_1,1,1840,58689.67
bank_1,1,1841,94947.52
bank_1,1,1842,64729.1
bank_1,1,1843,63221.49
bank_1,1,1844,50091.38
bank_1,1,1845,57888.19
bank_1,1,1846,67379.19
bank_1,1,1847,61665.82
bank_1,1,1848,93706.76
bank_1,1,1849,52383.28
bank_1,1,1850,72258.78
bank_1,1,1851,68942.99
bank_1,1,1852,93237.47
bank_1,1,1853,91772.02
bank_1,1,1854,66221.33
bank_1,1,1855,83909.23
bank_1,1,1856,72960.66
bank_1,1,1857,62502.26
bank_1,1,1858,84829.44
bank_1,1,1859,73260.67
bank_1,1,1860,84777.74
bank_1,1,1861,86897.38
bank_1,1,1862,78098.4
bank_1,1,1863,63216.63
bank_1,1,1864,56859.09
bank_1,1,1865,50524.54
bank_1,1,1866,71155.4
bank_1,1,1867,83029.42
bank_1,1,1868,91333.82
bank_1,1,1869,64244.84
bank_1,1,1870,53411.85
bank_1,1,1871,74080.92
bank_1,1,1872,66923.65
bank_1,1,1873,66719.34
bank_1,1,1874,52364.09
bank_1,1,1875,75996.58
bank_1,1,1876,72110.36
bank_1,1,1877,85370.78
bank_1,1,1878,83913.77
bank_1,1,1879,69130.96
bank_1,1,1880,52131.83
bank_1,1,1881,98578.43
bank_1,1,1882,60147.73
bank_1,1,1883,86951.83
bank_1,1,1884,78070.92
bank_1,1,1885,51505.9
bank_1,1,1886,86659.02
bank_1,1,1887,98622.33
bank_1,1,1888,57484.64
bank_1,1,1889,85767.35
bank_1,1,1890,78602.43
bank_1,1,1891,77033.67
bank_1,1,1892,71675.57
bank_1,1,1893,72335.25
bank_1,1,1894,58598.32
bank_1,1,1895,68034.73
bank_1,1,1896,83773.31
bank_1,1,1897,92454.61
bank_1,1,1898,86806.49
bank_1,1,1899,81312.58
bank_1,1,1900,61450.6
bank_1,1,1901,50273.63
bank_1,1,1902,92914.09
bank_1,1,1903,88318.32
bank_1,1,1904,97339.31
bank_1,1,1905,56787.83
bank_1,1,1906,98696.25
bank_1,1,1907,66505.2
bank_1,1,1908,78189.58
bank_1,1,1909,50968.48
bank_1,1,1910,89721.93
bank_1,1,1911,96748.13
bank_1,1,1912,97312.6
bank_1,1,1913,57746.19
bank_1,1,1914,56977.47
bank_1,1,1915,77387.85
bank_1,1,1916,70372.43
bank_1,1,1917,50936.41
bank_1,1,1918,64410.65
bank_1,1,1919,88935.03
bank_1,1,1920,88212.18
bank_1,1,1921,61862.33
bank_1,1,1922,95966.97
bank_1,1,1923,68379.08
bank_1,1,1924,88481.2
bank_1,1,1925,67117.68
bank_1,1,1926,99315.4
bank_1,1,1927,83810.64
bank_1,1,1928,68547.84
bank_1,1,1929,53235.73
bank_1,1,1930,59386.16
bank_1,1,1931,97356.97
bank_1,1,1932,78757.85
bank_1,1,1933,89990.75
bank_1,1,1934,60640.01
bank_1,1,1935,76218.49
bank_1,1,1936,80014.42
bank_1,1,1937,96949.53
bank_1,1,1938,75279.01
bank_1,1,1939,96195.72
bank_1,1,1940,65935.05
bank_1,1,1941,79136.59
bank_1,1,1942,81263.9
bank_1,1,1943,54803.16
bank_1,1,1944,58274.78
bank_1,1,1945,62770.68
bank_1,1,1946,63113.44
bank_1,1,1947,59246.15
bank_1,1,1948,70929.6
bank_1,1,1949,54870.13
bank_1,1,1950,57485.73
bank_1,1,1951,92782.27
bank_1,1,1952,58966.32
bank_1,1,1953,72380.97
bank_1,1,1954,54045.34
bank_1,1,1955,89830.2
bank_1,1,1956,63403.7
bank_1,1,1957,83123.6
bank_1,1,1958,90966.71
bank_1,1,1959,70701.16
bank_1,1,1960,60346.48
bank_1,1,1961,57885.45
bank_1,1,1962,72986.65
bank_1,1,1963,79730.14
bank_1,1,1964,82944.3
bank_1,1,1965,79331.07
bank_1,1,1966,62211.41
bank_1,1,1967,50078.68
bank_1,1,1968,56824.02
bank_1,1,1969,72054.37
bank_1,1,1970,98445.54
bank_1,1,1971,78380.55
bank_1,1,1972,98988.75
bank_1,1,1973,92054.08
bank_1,1,1974,99799.05
bank_1,1,1975,64469.79
bank_1,1,1976,84493.64
bank_1,1,1977,71543.75
bank_1,1,1978,93550.27
bank_1,1,1979,80666.27
bank_1,1,1980,70197.94
bank_1,1,1981,97161.2
bank_1,1,1982,92058.47
bank_1,1,1983,74685.0
bank_1,1,1984,71258.95
bank_1,1,1985,70163.64
bank_1,1,1986,70252.29
bank_1,1,1987,65498.55
bank_1,1,1988,58367.32
bank_1,1,1989,91518.5
bank_1,1,1990,56092.89
bank_1,1,1991,81144.91
bank_1,1,1992,57957.98
bank_1,1,1993,93392.42
bank_1,1,1994,61390.45
bank_1,1,1995,56287.08
bank_1,1,1996,50888.91
bank_1,1,1997,95236.55
bank_1,1,1998,89433.45
bank_1,1,1999,65680.48
