bank_id,branch_id,acct_id,open_dt
bank_3,1,0,2017-01-01T00:00:00Z
bank_3,1,1,2017-01-01T00:00:00Z
bank_3,1,2,2017-01-01T00:00:00Z
bank_3,1,3,2017-01-01T00:00:00Z
bank_3,1,4,2017-01-01T00:00:00Z
bank_3,1,5,2017-01-01T00:00:00Z
bank_3,1,6,2017-01-01T00:00:00Z
bank_3,1,7,2017-01-01T00:00:00Z
bank_3,1,8,2017-01-01T00:00:00Z
bank_3,1,9,2017-01-01T00:00:00Z
bank_3,1,10,2017-01-01T00:00:00Z
bank_3,1,11,2017-01-01T00:00:00Z
bank_3,1,12,2017-01-01T00:00:00Z
bank_3,1,13,2017-01-01T00:00:00Z
bank_3,1,14,2017-01-01T00:00:00Z
bank_3,1,15,2017-01-01T00:00:00Z
bank_3,1,16,2017-01-01T00:00:00Z
bank_3,1,17,2017-01-01T00:00:00Z
bank_3,1,18,2017-01-01T00:00:00Z
bank_3,1,19,2017-01-01T00:00:00Z
bank_3,1,20,2017-01-01T00:00:00Z
bank_3,1,21,2017-01-01T00:00:00Z
bank_3,1,22,2017-01-01T00:00:00Z
bank_3,1,23,2017-01-01T00:00:00Z
bank_3,1,24,2017-01-01T00:00:00Z
bank_3,1,25,2017-01-01T00:00:00Z
bank_3,1,26,2017-01-01T00:00:00Z
bank_3,1,27,2017-01-01T00:00:00Z
bank_3,1,28,2017-01-01T00:00:00Z
bank_3,1,29,2017-01-01T00:00:00Z
bank_3,1,30,2017-01-01T00:00:00Z
bank_3,1,31,2017-01-01T00:00:00Z
bank_3,1,32,2017-01-01T00:00:00Z
bank_3,1,33,2017-01-01T00:00:00Z
bank_3,1,34,2017-01-01T00:00:00Z
bank_3,1,35,2017-01-01T00:00:00Z
bank_3,1,36,2017-01-01T00:00:00Z
bank_3,1,37,2017-01-01T00:00:00Z
bank_3,1,38,2017-01-01T00:00:00Z
bank_3,1,39,2017-01-01T00:00:00Z
bank_3,1,40,2017-01-01T00:00:00Z
bank_3,1,41,2017-01-01T00:00:00Z
bank_3,1,42,2017-01-01T00:00:00Z
bank_3,1,43,2017-01-01T00:00:00Z
bank_3,1,44,2017-01-01T00:00:00Z
bank_3,1,45,2017-01-01T00:00:00Z
bank_3,1,46,2017-01-01T00:00:00Z
bank_3,1,47,2017-01-01T00:00:00Z
bank_3,1,48,2017-01-01T00:00:00Z
bank_3,1,49,2017-01-01T00:00:00Z
bank_3,1,50,2017-01-01T00:00:00Z
bank_3,1,51,2017-01-01T00:00:00Z
bank_3,1,52,2017-01-01T00:00:00Z
bank_3,1,53,2017-01-01T00:00:00Z
bank_3,1,54,2017-01-01T00:00:00Z
bank_3,1,55,2017-01-01T00:00:00Z
bank_3,1,56,2017-01-01T00:00:00Z
bank_3,1,57,2017-01-01T00:00:00Z
bank_3,1,58,2017-01-01T00:00:00Z
bank_3,1,59,2017-01-01T00:00:00Z
bank_3,1,60,2017-01-01T00:00:00Z
bank_3,1,61,2017-01-01T00:00:00Z
bank_3,1,62,2017-01-01T00:00:00Z
bank_3,1,63,2017-01-01T00:00:00Z
bank_3,1,64,2017-01-01T00:00:00Z
bank_3,1,65,2017-01-01T00:00:00Z
bank_3,1,66,2017-01-01T00:00:00Z
bank_3,1,67,2017-01-01T00:00:00Z
bank_3,1,68,2017-01-01T00:00:00Z
bank_3,1,69,2017-01-01T00:00:00Z
bank_3,1,70,2017-01-01T00:00:00Z
bank_3,1,71,2017-01-01T00:00:00Z
bank_3,1,72,2017-01-01T00:00:00Z
bank_3,1,73,2017-01-01T00:00:00Z
bank_3,1,74,2017-01-01T00:00:00Z
bank_3,1,75,2017-01-01T00:00:00Z
bank_3,1,76,2017-01-01T00:00:00Z
bank_3,1,77,2017-01-01T00:00:00Z
bank_3,1,78,2017-01-01T00:00:00Z
bank_3,1,79,2017-01-01T00:00:00Z
bank_3,1,80,2017-01-01T00:00:00Z
bank_3,1,81,2017-01-01T00:00:00Z
bank_3,1,82,2017-01-01T00:00:00Z
bank_3,1,83,2017-01-01T00:00:00Z
bank_3,1,84,2017-01-01T00:00:00Z
bank_3,1,85,2017-01-01T00:00:00Z
bank_3,1,86,2017-01-01T00:00:00Z
bank_3,1,87,2017-01-01T00:00:00Z
bank_3,1,88,2017-01-01T00:00:00Z
bank_3,1,89,2017-01-01T00:00:00Z
bank_3,1,90,2017-01-01T00:00:00Z
bank_3,1,91,2017-01-01T00:00:00Z
bank_3,1,92,2017-01-01T00:00:00Z
bank_3,1,93,2017-01-01T00:00:00Z
bank_3,1,94,2017-01-01T00:00:00Z
bank_3,1,95,2017-01-01T00:00:00Z
bank_3,1,96,2017-01-01T00:00:00Z
bank_3,1,97,2017-01-01T00:00:00Z
bank_3,1,98,2017-01-01T00:00:00Z
bank_3,1,99,2017-01-01T00:00:00Z
bank_3,1,100,2017-01-01T00:00:00Z
bank_3,1,101,2017-01-01T00:00:00Z
bank_3,1,102,2017-01-01T00:00:00Z
bank_3,1,103,2017-01-01T00:00:00Z
bank_3,1,104,2017-01-01T00:00:00Z
bank_3,1,105,2017-01-01T00:00:00Z
bank_3,1,106,2017-01-01T00:00:00Z
bank_3,1,107,2017-01-01T00:00:00Z
bank_3,1,108,2017-01-01T00:00:00Z
bank_3,1,109,2017-01-01T00:00:00Z
bank_3,1,110,2017-01-01T00:00:00Z
bank_3,1,111,2017-01-01T00:00:00Z
bank_3,1,112,2017-01-01T00:00:00Z
bank_3,1,113,2017-01-01T00:00:00Z
bank_3,1,114,2017-01-01T00:00:00Z
bank_3,1,115,2017-01-01T00:00:00Z
bank_3,1,116,2017-01-01T00:00:00Z
bank_3,1,117,2017-01-01T00:00:00Z
bank_3,1,118,2017-01-01T00:00:00Z
bank_3,1,119,2017-01-01T00:00:00Z
bank_3,1,120,2017-01-01T00:00:00Z
bank_3,1,121,2017-01-01T00:00:00Z
bank_3,1,122,2017-01-01T00:00:00Z
bank_3,1,123,2017-01-01T00:00:00Z
bank_3,1,124,2017-01-01T00:00:00Z
bank_3,1,125,2017-01-01T00:00:00Z
bank_3,1,126,2017-01-01T00:00:00Z
bank_3,1,127,2017-01-01T00:00:00Z
bank_3,1,128,2017-01-01T00:00:00Z
bank_3,1,129,2017-01-01T00:00:00Z
bank_3,1,130,2017-01-01T00:00:00Z
bank_3,1,131,2017-01-01T00:00:00Z
bank_3,1,132,2017-01-01T00:00:00Z
bank_3,1,133,2017-01-01T00:00:00Z
bank_3,1,134,2017-01-01T00:00:00Z
bank_3,1,135,2017-01-01T00:00:00Z
bank_3,1,136,2017-01-01T00:00:00Z
bank_3,1,137,2017-01-01T00:00:00Z
bank_3,1,138,2017-01-01T00:00:00Z
bank_3,1,139,2017-01-01T00:00:00Z
bank_3,1,140,2017-01-01T00:00:00Z
bank_3,1,141,2017-01-01T00:00:00Z
bank_3,1,142,2017-01-01T00:00:00Z
bank_3,1,143,2017-01-01T00:00:00Z
bank_3,1,144,2017-01-01T00:00:00Z
bank_3,1,145,2017-01-01T00:00:00Z
bank_3,1,146,2017-01-01T00:00:00Z
bank_3,1,147,2017-01-01T00:00:00Z
bank_3,1,148,2017-01-01T00:00:00Z
bank_3,1,149,2017-01-01T00:00:00Z
bank_3,1,150,2017-01-01T00:00:00Z
bank_3,1,151,2017-01-01T00:00:00Z
bank_3,1,152,2017-01-01T00:00:00Z
bank_3,1,153,2017-01-01T00:00:00Z
bank_3,1,154,2017-01-01T00:00:00Z
bank_3,1,155,2017-01-01T00:00:00Z
bank_3,1,156,2017-01-01T00:00:00Z
bank_3,1,157,2017-01-01T00:00:00Z
bank_3,1,158,2017-01-01T00:00:00Z
bank_3,1,159,2017-01-01T00:00:00Z
bank_3,1,160,2017-01-01T00:00:00Z
bank_3,1,161,2017-01-01T00:00:00Z
bank_3,1,162,2017-01-01T00:00:00Z
bank_3,1,163,2017-01-01T00:00:00Z
bank_3,1,164,2017-01-01T00:00:00Z
bank_3,1,165,2017-01-01T00:00:00Z
bank_3,1,166,2017-01-01T00:00:00Z
bank_3,1,167,2017-01-01T00:00:00Z
bank_3,1,168,2017-01-01T00:00:00Z
bank_3,1,169,2017-01-01T00:00:00Z
bank_3,1,170,2017-01-01T00:00:00Z
bank_3,1,171,2017-01-01T00:00:00Z
bank_3,1,172,2017-01-01T00:00:00Z
bank_3,1,173,2017-01-01T00:00:00Z
bank_3,1,174,2017-01-01T00:00:00Z
bank_3,1,175,2017-01-01T00:00:00Z
bank_3,1,176,2017-01-01T00:00:00Z
bank_3,1,177,2017-01-01T00:00:00Z
bank_3,1,178,2017-01-01T00:00:00Z
bank_3,1,179,2017-01-01T00:00:00Z
bank_3,1,180,2017-01-01T00:00:00Z
bank_3,1,181,2017-01-01T00:00:00Z
bank_3,1,182,2017-01-01T00:00:00Z
bank_3,1,183,2017-01-01T00:00:00Z
bank_3,1,184,2017-01-01T00:00:00Z
bank_3,1,185,2017-01-01T00:00:00Z
bank_3,1,186,2017-01-01T00:00:00Z
bank_3,1,187,2017-01-01T00:00:00Z
bank_3,1,188,2017-01-01T00:00:00Z
bank_3,1,189,2017-01-01T00:00:00Z
bank_3,1,190,2017-01-01T00:00:00Z
bank_3,1,191,2017-01-01T00:00:00Z
bank_3,1,192,2017-01-01T00:00:00Z
bank_3,1,193,2017-01-01T00:00:00Z
bank_3,1,194,2017-01-01T00:00:00Z
bank_3,1,195,2017-01-01T00:00:00Z
bank_3,1,196,2017-01-01T00:00:00Z
bank_3,1,197,2017-01-01T00:00:00Z
bank_3,1,198,2017-01-01T00:00:00Z
bank_3,1,199,2017-01-01T00:00:00Z
bank_3,1,200,2017-01-01T00:00:00Z
bank_3,1,201,2017-01-01T00:00:00Z
bank_3,1,202,2017-01-01T00:00:00Z
bank_3,1,203,2017-01-01T00:00:00Z
bank_3,1,204,2017-01-01T00:00:00Z
bank_3,1,205,2017-01-01T00:00:00Z
bank_3,1,206,2017-01-01T00:00:00Z
bank_3,1,207,2017-01-01T00:00:00Z
bank_3,1,208,2017-01-01T00:00:00Z
bank_3,1,209,2017-01-01T00:00:00Z
bank_3,1,210,2017-01-01T00:00:00Z
bank_3,1,211,2017-01-01T00:00:00Z
bank_3,1,212,2017-01-01T00:00:00Z
bank_3,1,213,2017-01-01T00:00:00Z
bank_3,1,214,2017-01-01T00:00:00Z
bank_3,1,215,2017-01-01T00:00:00Z
bank_3,1,216,2017-01-01T00:00:00Z
bank_3,1,217,2017-01-01T00:00:00Z
bank_3,1,218,2017-01-01T00:00:00Z
bank_3,1,219,2017-01-01T00:00:00Z
bank_3,1,220,2017-01-01T00:00:00Z
bank_3,1,221,2017-01-01T00:00:00Z
bank_3,1,222,2017-01-01T00:00:00Z
bank_3,1,223,2017-01-01T00:00:00Z
bank_3,1,224,2017-01-01T00:00:00Z
bank_3,1,225,2017-01-01T00:00:00Z
bank_3,1,226,2017-01-01T00:00:00Z
bank_3,1,227,2017-01-01T00:00:00Z
bank_3,1,228,2017-01-01T00:00:00Z
bank_3,1,229,2017-01-01T00:00:00Z
bank_3,1,230,2017-01-01T00:00:00Z
bank_3,1,231,2017-01-01T00:00:00Z
bank_3,1,232,2017-01-01T00:00:00Z
bank_3,1,233,2017-01-01T00:00:00Z
bank_3,1,234,2017-01-01T00:00:00Z
bank_3,1,235,2017-01-01T00:00:00Z
bank_3,1,236,2017-01-01T00:00:00Z
bank_3,1,237,2017-01-01T00:00:00Z
bank_3,1,238,2017-01-01T00:00:00Z
bank_3,1,239,2017-01-01T00:00:00Z
bank_3,1,240,2017-01-01T00:00:00Z
bank_3,1,241,2017-01-01T00:00:00Z
bank_3,1,242,2017-01-01T00:00:00Z
bank_3,1,243,2017-01-01T00:00:00Z
bank_3,1,244,2017-01-01T00:00:00Z
bank_3,1,245,2017-01-01T00:00:00Z
bank_3,1,246,2017-01-01T00:00:00Z
bank_3,1,247,2017-01-01T00:00:00Z
bank_3,1,248,2017-01-01T00:00:00Z
bank_3,1,249,2017-01-01T00:00:00Z
bank_3,1,250,2017-01-01T00:00:00Z
bank_3,1,251,2017-01-01T00:00:00Z
bank_3,1,252,2017-01-01T00:00:00Z
bank_3,1,253,2017-01-01T00:00:00Z
bank_3,1,254,2017-01-01T00:00:00Z
bank_3,1,255,2017-01-01T00:00:00Z
bank_3,1,256,2017-01-01T00:00:00Z
bank_3,1,257,2017-01-01T00:00:00Z
bank_3,1,258,2017-01-01T00:00:00Z
bank_3,1,259,2017-01-01T00:00:00Z
bank_3,1,260,2017-01-01T00:00:00Z
bank_3,1,261,2017-01-01T00:00:00Z
bank_3,1,262,2017-01-01T00:00:00Z
bank_3,1,263,2017-01-01T00:00:00Z
bank_3,1,264,2017-01-01T00:00:00Z
bank_3,1,265,2017-01-01T00:00:00Z
bank_3,1,266,2017-01-01T00:00:00Z
bank_3,1,267,2017-01-01T00:00:00Z
bank_3,1,268,2017-01-01T00:00:00Z
bank_3,1,269,2017-01-01T00:00:00Z
bank_3,1,270,2017-01-01T00:00:00Z
bank_3,1,271,2017-01-01T00:00:00Z
bank_3,1,272,2017-01-01T00:00:00Z
bank_3,1,273,2017-01-01T00:00:00Z
bank_3,1,274,2017-01-01T00:00:00Z
bank_3,1,275,2017-01-01T00:00:00Z
bank_3,1,276,2017-01-01T00:00:00Z
bank_3,1,277,2017-01-01T00:00:00Z
bank_3,1,278,2017-01-01T00:00:00Z
bank_3,1,279,2017-01-01T00:00:00Z
bank_3,1,280,2017-01-01T00:00:00Z
bank_3,1,281,2017-01-01T00:00:00Z
bank_3,1,282,2017-01-01T00:00:00Z
bank_3,1,283,2017-01-01T00:00:00Z
bank_3,1,284,2017-01-01T00:00:00Z
bank_3,1,285,2017-01-01T00:00:00Z
bank_3,1,286,2017-01-01T00:00:00Z
bank_3,1,287,2017-01-01T00:00:00Z
bank_3,1,288,2017-01-01T00:00:00Z
bank_3,1,289,2017-01-01T00:00:00Z
bank_3,1,290,2017-01-01T00:00:00Z
bank_3,1,291,2017-01-01T00:00:00Z
bank_3,1,292,2017-01-01T00:00:00Z
bank_3,1,293,2017-01-01T00:00:00Z
bank_3,1,294,2017-01-01T00:00:00Z
bank_3,1,295,2017-01-01T00:00:00Z
bank_3,1,296,2017-01-01T00:00:00Z
bank_3,1,297,2017-01-01T00:00:00Z
bank_3,1,298,2017-01-01T00:00:00Z
bank_3,1,299,2017-01-01T00:00:00Z
bank_3,1,300,2017-01-01T00:00:00Z
bank_3,1,301,2017-01-01T00:00:00Z
bank_3,1,302,2017-01-01T00:00:00Z
bank_3,1,303,2017-01-01T00:00:00Z
bank_3,1,304,2017-01-01T00:00:00Z
bank_3,1,305,2017-01-01T00:00:00Z
bank_3,1,306,2017-01-01T00:00:00Z
bank_3,1,307,2017-01-01T00:00:00Z
bank_3,1,308,2017-01-01T00:00:00Z
bank_3,1,309,2017-01-01T00:00:00Z
bank_3,1,310,2017-01-01T00:00:00Z
bank_3,1,311,2017-01-01T00:00:00Z
bank_3,1,312,2017-01-01T00:00:00Z
bank_3,1,313,2017-01-01T00:00:00Z
bank_3,1,314,2017-01-01T00:00:00Z
bank_3,1,315,2017-01-01T00:00:00Z
bank_3,1,316,2017-01-01T00:00:00Z
bank_3,1,317,2017-01-01T00:00:00Z
bank_3,1,318,2017-01-01T00:00:00Z
bank_3,1,319,2017-01-01T00:00:00Z
bank_3,1,320,2017-01-01T00:00:00Z
bank_3,1,321,2017-01-01T00:00:00Z
bank_3,1,322,2017-01-01T00:00:00Z
bank_3,1,323,2017-01-01T00:00:00Z
bank_3,1,324,2017-01-01T00:00:00Z
bank_3,1,325,2017-01-01T00:00:00Z
bank_3,1,326,2017-01-01T00:00:00Z
bank_3,1,327,2017-01-01T00:00:00Z
bank_3,1,328,2017-01-01T00:00:00Z
bank_3,1,329,2017-01-01T00:00:00Z
bank_3,1,330,2017-01-01T00:00:00Z
bank_3,1,331,2017-01-01T00:00:00Z
bank_3,1,332,2017-01-01T00:00:00Z
bank_3,1,333,2017-01-01T00:00:00Z
bank_3,1,334,2017-01-01T00:00:00Z
bank_3,1,335,2017-01-01T00:00:00Z
bank_3,1,336,2017-01-01T00:00:00Z
bank_3,1,337,2017-01-01T00:00:00Z
bank_3,1,338,2017-01-01T00:00:00Z
bank_3,1,339,2017-01-01T00:00:00Z
bank_3,1,340,2017-01-01T00:00:00Z
bank_3,1,341,2017-01-01T00:00:00Z
bank_3,1,342,2017-01-01T00:00:00Z
bank_3,1,343,2017-01-01T00:00:00Z
bank_3,1,344,2017-01-01T00:00:00Z
bank_3,1,345,2017-01-01T00:00:00Z
bank_3,1,346,2017-01-01T00:00:00Z
bank_3,1,347,2017-01-01T00:00:00Z
bank_3,1,348,2017-01-01T00:00:00Z
bank_3,1,349,2017-01-01T00:00:00Z
bank_3,1,350,2017-01-01T00:00:00Z
bank_3,1,351,2017-01-01T00:00:00Z
bank_3,1,352,2017-01-01T00:00:00Z
bank_3,1,353,2017-01-01T00:00:00Z
bank_3,1,354,2017-01-01T00:00:00Z
bank_3,1,355,2017-01-01T00:00:00Z
bank_3,1,356,2017-01-01T00:00:00Z
bank_3,1,357,2017-01-01T00:00:00Z
bank_3,1,358,2017-01-01T00:00:00Z
bank_3,1,359,2017-01-01T00:00:00Z
bank_3,1,360,2017-01-01T00:00:00Z
bank_3,1,361,2017-01-01T00:00:00Z
bank_3,1,362,2017-01-01T00:00:00Z
bank_3,1,363,2017-01-01T00:00:00Z
bank_3,1,364,2017-01-01T00:00:00Z
bank_3,1,365,2017-01-01T00:00:00Z
bank_3,1,366,2017-01-01T00:00:00Z
bank_3,1,367,2017-01-01T00:00:00Z
bank_3,1,368,2017-01-01T00:00:00Z
bank_3,1,369,2017-01-01T00:00:00Z
bank_3,1,370,2017-01-01T00:00:00Z
bank_3,1,371,2017-01-01T00:00:00Z
bank_3,1,372,2017-01-01T00:00:00Z
bank_3,1,373,2017-01-01T00:00:00Z
bank_3,1,374,2017-01-01T00:00:00Z
bank_3,1,375,2017-01-01T00:00:00Z
bank_3,1,376,2017-01-01T00:00:00Z
bank_3,1,377,2017-01-01T00:00:00Z
bank_3,1,378,2017-01-01T00:00:00Z
bank_3,1,379,2017-01-01T00:00:00Z
bank_3,1,380,2017-01-01T00:00:00Z
bank_3,1,381,2017-01-01T00:00:00Z
bank_3,1,382,2017-01-01T00:00:00Z
bank_3,1,383,2017-01-01T00:00:00Z
bank_3,1,384,2017-01-01T00:00:00Z
bank_3,1,385,2017-01-01T00:00:00Z
bank_3,1,386,2017-01-01T00:00:00Z
bank_3,1,387,2017-01-01T00:00:00Z
bank_3,1,388,2017-01-01T00:00:00Z
bank_3,1,389,2017-01-01T00:00:00Z
bank_3,1,390,2017-01-01T00:00:00Z
bank_3,1,391,2017-01-01T00:00:00Z
bank_3,1,392,2017-01-01T00:00:00Z
bank_3,1,393,2017-01-01T00:00:00Z
bank_3,1,394,2017-01-01T00:00:00Z
bank_3,1,395,2017-01-01T00:00:00Z
bank_3,1,396,2017-01-01T00:00:00Z
bank_3,1,397,2017-01-01T00:00:00Z
bank_3,1,398,2017-01-01T00:00:00Z
bank_3,1,399,2017-01-01T00:00:00Z
bank_3,1,400,2017-01-01T00:00:00Z
bank_3,1,401,2017-01-01T00:00:00Z
bank_3,1,402,2017-01-01T00:00:00Z
bank_3,1,403,2017-01-01T00:00:00Z
bank_3,1,404,2017-01-01T00:00:00Z
bank_3,1,405,2017-01-01T00:00:00Z
bank_3,1,406,2017-01-01T00:00:00Z
bank_3,1,407,2017-01-01T00:00:00Z
bank_3,1,408,2017-01-01T00:00:00Z
bank_3,1,409,2017-01-01T00:00:00Z
bank_3,1,410,2017-01-01T00:00:00Z
bank_3,1,411,2017-01-01T00:00:00Z
bank_3,1,412,2017-01-01T00:00:00Z
bank_3,1,413,2017-01-01T00:00:00Z
bank_3,1,414,2017-01-01T00:00:00Z
bank_3,1,415,2017-01-01T00:00:00Z
bank_3,1,416,2017-01-01T00:00:00Z
bank_3,1,417,2017-01-01T00:00:00Z
bank_3,1,418,2017-01-01T00:00:00Z
bank_3,1,419,2017-01-01T00:00:00Z
bank_3,1,420,2017-01-01T00:00:00Z
bank_3,1,421,2017-01-01T00:00:00Z
bank_3,1,422,2017-01-01T00:00:00Z
bank_3,1,423,2017-01-01T00:00:00Z
bank_3,1,424,2017-01-01T00:00:00Z
bank_3,1,425,2017-01-01T00:00:00Z
bank_3,1,426,2017-01-01T00:00:00Z
bank_3,1,427,2017-01-01T00:00:00Z
bank_3,1,428,2017-01-01T00:00:00Z
bank_3,1,429,2017-01-01T00:00:00Z
bank_3,1,430,2017-01-01T00:00:00Z
bank_3,1,431,2017-01-01T00:00:00Z
bank_3,1,432,2017-01-01T00:00:00Z
bank_3,1,433,2017-01-01T00:00:00Z
bank_3,1,434,2017-01-01T00:00:00Z
bank_3,1,435,2017-01-01T00:00:00Z
bank_3,1,436,2017-01-01T00:00:00Z
bank_3,1,437,2017-01-01T00:00:00Z
bank_3,1,438,2017-01-01T00:00:00Z
bank_3,1,439,2017-01-01T00:00:00Z
bank_3,1,440,2017-01-01T00:00:00Z
bank_3,1,441,2017-01-01T00:00:00Z
bank_3,1,442,2017-01-01T00:00:00Z
bank_3,1,443,2017-01-01T00:00:00Z
bank_3,1,444,2017-01-01T00:00:00Z
bank_3,1,445,2017-01-01T00:00:00Z
bank_3,1,446,2017-01-01T00:00:00Z
bank_3,1,447,2017-01-01T00:00:00Z
bank_3,1,448,2017-01-01T00:00:00Z
bank_3,1,449,2017-01-01T00:00:00Z
bank_3,1,450,2017-01-01T00:00:00Z
bank_3,1,451,2017-01-01T00:00:00Z
bank_3,1,452,2017-01-01T00:00:00Z
bank_3,1,453,2017-01-01T00:00:00Z
bank_3,1,454,2017-01-01T00:00:00Z
bank_3,1,455,2017-01-01T00:00:00Z
bank_3,1,456,2017-01-01T00:00:00Z
bank_3,1,457,2017-01-01T00:00:00Z
bank_3,1,458,2017-01-01T00:00:00Z
bank_3,1,459,2017-01-01T00:00:00Z
bank_3,1,460,2017-01-01T00:00:00Z
bank_3,1,461,2017-01-01T00:00:00Z
bank_3,1,462,2017-01-01T00:00:00Z
bank_3,1,463,2017-01-01T00:00:00Z
bank_3,1,464,2017-01-01T00:00:00Z
bank_3,1,465,2017-01-01T00:00:00Z
bank_3,1,466,2017-01-01T00:00:00Z
bank_3,1,467,2017-01-01T00:00:00Z
bank_3,1,468,2017-01-01T00:00:00Z
bank_3,1,469,2017-01-01T00:00:00Z
bank_3,1,470,2017-01-01T00:00:00Z
bank_3,1,471,2017-01-01T00:00:00Z
bank_3,1,472,2017-01-01T00:00:00Z
bank_3,1,473,2017-01-01T00:00:00Z
bank_3,1,474,2017-01-01T00:00:00Z
bank_3,1,475,2017-01-01T00:00:00Z
bank_3,1,476,2017-01-01T00:00:00Z
bank_3,1,477,2017-01-01T00:00:00Z
bank_3,1,478,2017-01-01T00:00:00Z
bank_3,1,479,2017-01-01T00:00:00Z
bank_3,1,480,2017-01-01T00:00:00Z
bank_3,1,481,2017-01-01T00:00:00Z
bank_3,1,482,2017-01-01T00:00:00Z
bank_3,1,483,2017-01-01T00:00:00Z
bank_3,1,484,2017-01-01T00:00:00Z
bank_3,1,485,2017-01-01T00:00:00Z
bank_3,1,486,2017-01-01T00:00:00Z
bank_3,1,487,2017-01-01T00:00:00Z
bank_3,1,488,2017-01-01T00:00:00Z
bank_3,1,489,2017-01-01T00:00:00Z
bank_3,1,490,2017-01-01T00:00:00Z
bank_3,1,491,2017-01-01T00:00:00Z
bank_3,1,492,2017-01-01T00:00:00Z
bank_3,1,493,2017-01-01T00:00:00Z
bank_3,1,494,2017-01-01T00:00:00Z
bank_3,1,495,2017-01-01T00:00:00Z
bank_3,1,496,2017-01-01T00:00:00Z
bank_3,1,497,2017-01-01T00:00:00Z
bank_3,1,498,2017-01-01T00:00:00Z
bank_3,1,499,2017-01-01T00:00:00Z
bank_3,1,500,2017-01-01T00:00:00Z
bank_3,1,501,2017-01-01T00:00:00Z
bank_3,1,502,2017-01-01T00:00:00Z
bank_3,1,503,2017-01-01T00:00:00Z
bank_3,1,504,2017-01-01T00:00:00Z
bank_3,1,505,2017-01-01T00:00:00Z
bank_3,1,506,2017-01-01T00:00:00Z
bank_3,1,507,2017-01-01T00:00:00Z
bank_3,1,508,2017-01-01T00:00:00Z
bank_3,1,509,2017-01-01T00:00:00Z
bank_3,1,510,2017-01-01T00:00:00Z
bank_3,1,511,2017-01-01T00:00:00Z
bank_3,1,512,2017-01-01T00:00:00Z
bank_3,1,513,2017-01-01T00:00:00Z
bank_3,1,514,2017-01-01T00:00:00Z
bank_3,1,515,2017-01-01T00:00:00Z
bank_3,1,516,2017-01-01T00:00:00Z
bank_3,1,517,2017-01-01T00:00:00Z
bank_3,1,518,2017-01-01T00:00:00Z
bank_3,1,519,2017-01-01T00:00:00Z
bank_3,1,520,2017-01-01T00:00:00Z
bank_3,1,521,2017-01-01T00:00:00Z
bank_3,1,522,2017-01-01T00:00:00Z
bank_3,1,523,2017-01-01T00:00:00Z
bank_3,1,524,2017-01-01T00:00:00Z
bank_3,1,525,2017-01-01T00:00:00Z
bank_3,1,526,2017-01-01T00:00:00Z
bank_3,1,527,2017-01-01T00:00:00Z
bank_3,1,528,2017-01-01T00:00:00Z
bank_3,1,529,2017-01-01T00:00:00Z
bank_3,1,530,2017-01-01T00:00:00Z
bank_3,1,531,2017-01-01T00:00:00Z
bank_3,1,532,2017-01-01T00:00:00Z
bank_3,1,533,2017-01-01T00:00:00Z
bank_3,1,534,2017-01-01T00:00:00Z
bank_3,1,535,2017-01-01T00:00:00Z
bank_3,1,536,2017-01-01T00:00:00Z
bank_3,1,537,2017-01-01T00:00:00Z
bank_3,1,538,2017-01-01T00:00:00Z
bank_3,1,539,2017-01-01T00:00:00Z
bank_3,1,540,2017-01-01T00:00:00Z
bank_3,1,541,2017-01-01T00:00:00Z
bank_3,1,542,2017-01-01T00:00:00Z
bank_3,1,543,2017-01-01T00:00:00Z
bank_3,1,544,2017-01-01T00:00:00Z
bank_3,1,545,2017-01-01T00:00:00Z
bank_3,1,546,2017-01-01T00:00:00Z
bank_3,1,547,2017-01-01T00:00:00Z
bank_3,1,548,2017-01-01T00:00:00Z
bank_3,1,549,2017-01-01T00:00:00Z
bank_3,1,550,2017-01-01T00:00:00Z
bank_3,1,551,2017-01-01T00:00:00Z
bank_3,1,552,2017-01-01T00:00:00Z
bank_3,1,553,2017-01-01T00:00:00Z
bank_3,1,554,2017-01-01T00:00:00Z
bank_3,1,555,2017-01-01T00:00:00Z
bank_3,1,556,2017-01-01T00:00:00Z
bank_3,1,557,2017-01-01T00:00:00Z
bank_3,1,558,2017-01-01T00:00:00Z
bank_3,1,559,2017-01-01T00:00:00Z
bank_3,1,560,2017-01-01T00:00:00Z
bank_3,1,561,2017-01-01T00:00:00Z
bank_3,1,562,2017-01-01T00:00:00Z
bank_3,1,563,2017-01-01T00:00:00Z
bank_3,1,564,2017-01-01T00:00:00Z
bank_3,1,565,2017-01-01T00:00:00Z
bank_3,1,566,2017-01-01T00:00:00Z
bank_3,1,567,2017-01-01T00:00:00Z
bank_3,1,568,2017-01-01T00:00:00Z
bank_3,1,569,2017-01-01T00:00:00Z
bank_3,1,570,2017-01-01T00:00:00Z
bank_3,1,571,2017-01-01T00:00:00Z
bank_3,1,572,2017-01-01T00:00:00Z
bank_3,1,573,2017-01-01T00:00:00Z
bank_3,1,574,2017-01-01T00:00:00Z
bank_3,1,575,2017-01-01T00:00:00Z
bank_3,1,576,2017-01-01T00:00:00Z
bank_3,1,577,2017-01-01T00:00:00Z
bank_3,1,578,2017-01-01T00:00:00Z
bank_3,1,579,2017-01-01T00:00:00Z
bank_3,1,580,2017-01-01T00:00:00Z
bank_3,1,581,2017-01-01T00:00:00Z
bank_3,1,582,2017-01-01T00:00:00Z
bank_3,1,583,2017-01-01T00:00:00Z
bank_3,1,584,2017-01-01T00:00:00Z
bank_3,1,585,2017-01-01T00:00:00Z
bank_3,1,586,2017-01-01T00:00:00Z
bank_3,1,587,2017-01-01T00:00:00Z
bank_3,1,588,2017-01-01T00:00:00Z
bank_3,1,589,2017-01-01T00:00:00Z
bank_3,1,590,2017-01-01T00:00:00Z
bank_3,1,591,2017-01-01T00:00:00Z
bank_3,1,592,2017-01-01T00:00:00Z
bank_3,1,593,2017-01-01T00:00:00Z
bank_3,1,594,2017-01-01T00:00:00Z
bank_3,1,595,2017-01-01T00:00:00Z
bank_3,1,596,2017-01-01T00:00:00Z
bank_3,1,597,2017-01-01T00:00:00Z
bank_3,1,598,2017-01-01T00:00:00Z
bank_3,1,599,2017-01-01T00:00:00Z
bank_3,1,600,2017-01-01T00:00:00Z
bank_3,1,601,2017-01-01T00:00:00Z
bank_3,1,602,2017-01-01T00:00:00Z
bank_3,1,603,2017-01-01T00:00:00Z
bank_3,1,604,2017-01-01T00:00:00Z
bank_3,1,605,2017-01-01T00:00:00Z
bank_3,1,606,2017-01-01T00:00:00Z
bank_3,1,607,2017-01-01T00:00:00Z
bank_3,1,608,2017-01-01T00:00:00Z
bank_3,1,609,2017-01-01T00:00:00Z
bank_3,1,610,2017-01-01T00:00:00Z
bank_3,1,611,2017-01-01T00:00:00Z
bank_3,1,612,2017-01-01T00:00:00Z
bank_3,1,613,2017-01-01T00:00:00Z
bank_3,1,614,2017-01-01T00:00:00Z
bank_3,1,615,2017-01-01T00:00:00Z
bank_3,1,616,2017-01-01T00:00:00Z
bank_3,1,617,2017-01-01T00:00:00Z
bank_3,1,618,2017-01-01T00:00:00Z
bank_3,1,619,2017-01-01T00:00:00Z
bank_3,1,620,2017-01-01T00:00:00Z
bank_3,1,621,2017-01-01T00:00:00Z
bank_3,1,622,2017-01-01T00:00:00Z
bank_3,1,623,2017-01-01T00:00:00Z
bank_3,1,624,2017-01-01T00:00:00Z
bank_3,1,625,2017-01-01T00:00:00Z
bank_3,1,626,2017-01-01T00:00:00Z
bank_3,1,627,2017-01-01T00:00:00Z
bank_3,1,628,2017-01-01T00:00:00Z
bank_3,1,629,2017-01-01T00:00:00Z
bank_3,1,630,2017-01-01T00:00:00Z
bank_3,1,631,2017-01-01T00:00:00Z
bank_3,1,632,2017-01-01T00:00:00Z
bank_3,1,633,2017-01-01T00:00:00Z
bank_3,1,634,2017-01-01T00:00:00Z
bank_3,1,635,2017-01-01T00:00:00Z
bank_3,1,636,2017-01-01T00:00:00Z
bank_3,1,637,2017-01-01T00:00:00Z
bank_3,1,638,2017-01-01T00:00:00Z
bank_3,1,639,2017-01-01T00:00:00Z
bank_3,1,640,2017-01-01T00:00:00Z
bank_3,1,641,2017-01-01T00:00:00Z
bank_3,1,642,2017-01-01T00:00:00Z
bank_3,1,643,2017-01-01T00:00:00Z
bank_3,1,644,2017-01-01T00:00:00Z
bank_3,1,645,2017-01-01T00:00:00Z
bank_3,1,646,2017-01-01T00:00:00Z
bank_3,1,647,2017-01-01T00:00:00Z
bank_3,1,648,2017-01-01T00:00:00Z
bank_3,1,649,2017-01-01T00:00:00Z
bank_3,1,650,2017-01-01T00:00:00Z
bank_3,1,651,2017-01-01T00:00:00Z
bank_3,1,652,2017-01-01T00:00:00Z
bank_3,1,653,2017-01-01T00:00:00Z
bank_3,1,654,2017-01-01T00:00:00Z
bank_3,1,655,2017-01-01T00:00:00Z
bank_3,1,656,2017-01-01T00:00:00Z
bank_3,1,657,2017-01-01T00:00:00Z
bank_3,1,658,2017-01-01T00:00:00Z
bank_3,1,659,2017-01-01T00:00:00Z
bank_3,1,660,2017-01-01T00:00:00Z
bank_3,1,661,2017-01-01T00:00:00Z
bank_3,1,662,2017-01-01T00:00:00Z
bank_3,1,663,2017-01-01T00:00:00Z
bank_3,1,664,2017-01-01T00:00:00Z
bank_3,1,665,2017-01-01T00:00:00Z
bank_3,1,666,2017-01-01T00:00:00Z
bank_3,1,667,2017-01-01T00:00:00Z
bank_3,1,668,2017-01-01T00:00:00Z
bank_3,1,669,2017-01-01T00:00:00Z
bank_3,1,670,2017-01-01T00:00:00Z
bank_3,1,671,2017-01-01T00:00:00Z
bank_3,1,672,2017-01-01T00:00:00Z
bank_3,1,673,2017-01-01T00:00:00Z
bank_3,1,674,2017-01-01T00:00:00Z
bank_3,1,675,2017-01-01T00:00:00Z
bank_3,1,676,2017-01-01T00:00:00Z
bank_3,1,677,2017-01-01T00:00:00Z
bank_3,1,678,2017-01-01T00:00:00Z
bank_3,1,679,2017-01-01T00:00:00Z
bank_3,1,680,2017-01-01T00:00:00Z
bank_3,1,681,2017-01-01T00:00:00Z
bank_3,1,682,2017-01-01T00:00:00Z
bank_3,1,683,2017-01-01T00:00:00Z
bank_3,1,684,2017-01-01T00:00:00Z
bank_3,1,685,2017-01-01T00:00:00Z
bank_3,1,686,2017-01-01T00:00:00Z
bank_3,1,687,2017-01-01T00:00:00Z
bank_3,1,688,2017-01-01T00:00:00Z
bank_3,1,689,2017-01-01T00:00:00Z
bank_3,1,690,2017-01-01T00:00:00Z
bank_3,1,691,2017-01-01T00:00:00Z
bank_3,1,692,2017-01-01T00:00:00Z
bank_3,1,693,2017-01-01T00:00:00Z
bank_3,1,694,2017-01-01T00:00:00Z
bank_3,1,695,2017-01-01T00:00:00Z
bank_3,1,696,2017-01-01T00:00:00Z
bank_3,1,697,2017-01-01T00:00:00Z
bank_3,1,698,2017-01-01T00:00:00Z
bank_3,1,699,2017-01-01T00:00:00Z
bank_3,1,700,2017-01-01T00:00:00Z
bank_3,1,701,2017-01-01T00:00:00Z
bank_3,1,702,2017-01-01T00:00:00Z
bank_3,1,703,2017-01-01T00:00:00Z
bank_3,1,704,2017-01-01T00:00:00Z
bank_3,1,705,2017-01-01T00:00:00Z
bank_3,1,706,2017-01-01T00:00:00Z
bank_3,1,707,2017-01-01T00:00:00Z
bank_3,1,708,2017-01-01T00:00:00Z
bank_3,1,709,2017-01-01T00:00:00Z
bank_3,1,710,2017-01-01T00:00:00Z
bank_3,1,711,2017-01-01T00:00:00Z
bank_3,1,712,2017-01-01T00:00:00Z
bank_3,1,713,2017-01-01T00:00:00Z
bank_3,1,714,2017-01-01T00:00:00Z
bank_3,1,715,2017-01-01T00:00:00Z
bank_3,1,716,2017-01-01T00:00:00Z
bank_3,1,717,2017-01-01T00:00:00Z
bank_3,1,718,2017-01-01T00:00:00Z
bank_3,1,719,2017-01-01T00:00:00Z
bank_3,1,720,2017-01-01T00:00:00Z
bank_3,1,721,2017-01-01T00:00:00Z
bank_3,1,722,2017-01-01T00:00:00Z
bank_3,1,723,2017-01-01T00:00:00Z
bank_3,1,724,2017-01-01T00:00:00Z
bank_3,1,725,2017-01-01T00:00:00Z
bank_3,1,726,2017-01-01T00:00:00Z
bank_3,1,727,2017-01-01T00:00:00Z
bank_3,1,728,2017-01-01T00:00:00Z
bank_3,1,729,2017-01-01T00:00:00Z
bank_3,1,730,2017-01-01T00:00:00Z
bank_3,1,731,2017-01-01T00:00:00Z
bank_3,1,732,2017-01-01T00:00:00Z
bank_3,1,733,2017-01-01T00:00:00Z
bank_3,1,734,2017-01-01T00:00:00Z
bank_3,1,735,2017-01-01T00:00:00Z
bank_3,1,736,2017-01-01T00:00:00Z
bank_3,1,737,2017-01-01T00:00:00Z
bank_3,1,738,2017-01-01T00:00:00Z
bank_3,1,739,2017-01-01T00:00:00Z
bank_3,1,740,2017-01-01T00:00:00Z
bank_3,1,741,2017-01-01T00:00:00Z
bank_3,1,742,2017-01-01T00:00:00Z
bank_3,1,743,2017-01-01T00:00:00Z
bank_3,1,744,2017-01-01T00:00:00Z
bank_3,1,745,2017-01-01T00:00:00Z
bank_3,1,746,2017-01-01T00:00:00Z
bank_3,1,747,2017-01-01T00:00:00Z
bank_3,1,748,2017-01-01T00:00:00Z
bank_3,1,749,2017-01-01T00:00:00Z
bank_3,1,750,2017-01-01T00:00:00Z
bank_3,1,751,2017-01-01T00:00:00Z
bank_3,1,752,2017-01-01T00:00:00Z
bank_3,1,753,2017-01-01T00:00:00Z
bank_3,1,754,2017-01-01T00:00:00Z
bank_3,1,755,2017-01-01T00:00:00Z
bank_3,1,756,2017-01-01T00:00:00Z
bank_3,1,757,2017-01-01T00:00:00Z
bank_3,1,758,2017-01-01T00:00:00Z
bank_3,1,759,2017-01-01T00:00:00Z
bank_3,1,760,2017-01-01T00:00:00Z
bank_3,1,761,2017-01-01T00:00:00Z
bank_3,1,762,2017-01-01T00:00:00Z
bank_3,1,763,2017-01-01T00:00:00Z
bank_3,1,764,2017-01-01T00:00:00Z
bank_3,1,765,2017-01-01T00:00:00Z
bank_3,1,766,2017-01-01T00:00:00Z
bank_3,1,767,2017-01-01T00:00:00Z
bank_3,1,768,2017-01-01T00:00:00Z
bank_3,1,769,2017-01-01T00:00:00Z
bank_3,1,770,2017-01-01T00:00:00Z
bank_3,1,771,2017-01-01T00:00:00Z
bank_3,1,772,2017-01-01T00:00:00Z
bank_3,1,773,2017-01-01T00:00:00Z
bank_3,1,774,2017-01-01T00:00:00Z
bank_3,1,775,2017-01-01T00:00:00Z
bank_3,1,776,2017-01-01T00:00:00Z
bank_3,1,777,2017-01-01T00:00:00Z
bank_3,1,778,2017-01-01T00:00:00Z
bank_3,1,779,2017-01-01T00:00:00Z
bank_3,1,780,2017-01-01T00:00:00Z
bank_3,1,781,2017-01-01T00:00:00Z
bank_3,1,782,2017-01-01T00:00:00Z
bank_3,1,783,2017-01-01T00:00:00Z
bank_3,1,784,2017-01-01T00:00:00Z
bank_3,1,785,2017-01-01T00:00:00Z
bank_3,1,786,2017-01-01T00:00:00Z
bank_3,1,787,2017-01-01T00:00:00Z
bank_3,1,788,2017-01-01T00:00:00Z
bank_3,1,789,2017-01-01T00:00:00Z
bank_3,1,790,2017-01-01T00:00:00Z
bank_3,1,791,2017-01-01T00:00:00Z
bank_3,1,792,2017-01-01T00:00:00Z
bank_3,1,793,2017-01-01T00:00:00Z
bank_3,1,794,2017-01-01T00:00:00Z
bank_3,1,795,2017-01-01T00:00:00Z
bank_3,1,796,2017-01-01T00:00:00Z
bank_3,1,797,2017-01-01T00:00:00Z
bank_3,1,798,2017-01-01T00:00:00Z
bank_3,1,799,2017-01-01T00:00:00Z
bank_3,1,800,2017-01-01T00:00:00Z
bank_3,1,801,2017-01-01T00:00:00Z
bank_3,1,802,2017-01-01T00:00:00Z
bank_3,1,803,2017-01-01T00:00:00Z
bank_3,1,804,2017-01-01T00:00:00Z
bank_3,1,805,2017-01-01T00:00:00Z
bank_3,1,806,2017-01-01T00:00:00Z
bank_3,1,807,2017-01-01T00:00:00Z
bank_3,1,808,2017-01-01T00:00:00Z
bank_3,1,809,2017-01-01T00:00:00Z
bank_3,1,810,2017-01-01T00:00:00Z
bank_3,1,811,2017-01-01T00:00:00Z
bank_3,1,812,2017-01-01T00:00:00Z
bank_3,1,813,2017-01-01T00:00:00Z
bank_3,1,814,2017-01-01T00:00:00Z
bank_3,1,815,2017-01-01T00:00:00Z
bank_3,1,816,2017-01-01T00:00:00Z
bank_3,1,817,2017-01-01T00:00:00Z
bank_3,1,818,2017-01-01T00:00:00Z
bank_3,1,819,2017-01-01T00:00:00Z
bank_3,1,820,2017-01-01T00:00:00Z
bank_3,1,821,2017-01-01T00:00:00Z
bank_3,1,822,2017-01-01T00:00:00Z
bank_3,1,823,2017-01-01T00:00:00Z
bank_3,1,824,2017-01-01T00:00:00Z
bank_3,1,825,2017-01-01T00:00:00Z
bank_3,1,826,2017-01-01T00:00:00Z
bank_3,1,827,2017-01-01T00:00:00Z
bank_3,1,828,2017-01-01T00:00:00Z
bank_3,1,829,2017-01-01T00:00:00Z
bank_3,1,830,2017-01-01T00:00:00Z
bank_3,1,831,2017-01-01T00:00:00Z
bank_3,1,832,2017-01-01T00:00:00Z
bank_3,1,833,2017-01-01T00:00:00Z
bank_3,1,834,2017-01-01T00:00:00Z
bank_3,1,835,2017-01-01T00:00:00Z
bank_3,1,836,2017-01-01T00:00:00Z
bank_3,1,837,2017-01-01T00:00:00Z
bank_3,1,838,2017-01-01T00:00:00Z
bank_3,1,839,2017-01-01T00:00:00Z
bank_3,1,840,2017-01-01T00:00:00Z
bank_3,1,841,2017-01-01T00:00:00Z
bank_3,1,842,2017-01-01T00:00:00Z
bank_3,1,843,2017-01-01T00:00:00Z
bank_3,1,844,2017-01-01T00:00:00Z
bank_3,1,845,2017-01-01T00:00:00Z
bank_3,1,846,2017-01-01T00:00:00Z
bank_3,1,847,2017-01-01T00:00:00Z
bank_3,1,848,2017-01-01T00:00:00Z
bank_3,1,849,2017-01-01T00:00:00Z
bank_3,1,850,2017-01-01T00:00:00Z
bank_3,1,851,2017-01-01T00:00:00Z
bank_3,1,852,2017-01-01T00:00:00Z
bank_3,1,853,2017-01-01T00:00:00Z
bank_3,1,854,2017-01-01T00:00:00Z
bank_3,1,855,2017-01-01T00:00:00Z
bank_3,1,856,2017-01-01T00:00:00Z
bank_3,1,857,2017-01-01T00:00:00Z
bank_3,1,858,2017-01-01T00:00:00Z
bank_3,1,859,2017-01-01T00:00:00Z
bank_3,1,860,2017-01-01T00:00:00Z
bank_3,1,861,2017-01-01T00:00:00Z
bank_3,1,862,2017-01-01T00:00:00Z
bank_3,1,863,2017-01-01T00:00:00Z
bank_3,1,864,2017-01-01T00:00:00Z
bank_3,1,865,2017-01-01T00:00:00Z
bank_3,1,866,2017-01-01T00:00:00Z
bank_3,1,867,2017-01-01T00:00:00Z
bank_3,1,868,2017-01-01T00:00:00Z
bank_3,1,869,2017-01-01T00:00:00Z
bank_3,1,870,2017-01-01T00:00:00Z
bank_3,1,871,2017-01-01T00:00:00Z
bank_3,1,872,2017-01-01T00:00:00Z
bank_3,1,873,2017-01-01T00:00:00Z
bank_3,1,874,2017-01-01T00:00:00Z
bank_3,1,875,2017-01-01T00:00:00Z
bank_3,1,876,2017-01-01T00:00:00Z
bank_3,1,877,2017-01-01T00:00:00Z
bank_3,1,878,2017-01-01T00:00:00Z
bank_3,1,879,2017-01-01T00:00:00Z
bank_3,1,880,2017-01-01T00:00:00Z
bank_3,1,881,2017-01-01T00:00:00Z
bank_3,1,882,2017-01-01T00:00:00Z
bank_3,1,883,2017-01-01T00:00:00Z
bank_3,1,884,2017-01-01T00:00:00Z
bank_3,1,885,2017-01-01T00:00:00Z
bank_3,1,886,2017-01-01T00:00:00Z
bank_3,1,887,2017-01-01T00:00:00Z
bank_3,1,888,2017-01-01T00:00:00Z
bank_3,1,889,2017-01-01T00:00:00Z
bank_3,1,890,2017-01-01T00:00:00Z
bank_3,1,891,2017-01-01T00:00:00Z
bank_3,1,892,2017-01-01T00:00:00Z
bank_3,1,893,2017-01-01T00:00:00Z
bank_3,1,894,2017-01-01T00:00:00Z
bank_3,1,895,2017-01-01T00:00:00Z
bank_3,1,896,2017-01-01T00:00:00Z
bank_3,1,897,2017-01-01T00:00:00Z
bank_3,1,898,2017-01-01T00:00:00Z
bank_3,1,899,2017-01-01T00:00:00Z
bank_3,1,900,2017-01-01T00:00:00Z
bank_3,1,901,2017-01-01T00:00:00Z
bank_3,1,902,2017-01-01T00:00:00Z
bank_3,1,903,2017-01-01T00:00:00Z
bank_3,1,904,2017-01-01T00:00:00Z
bank_3,1,905,2017-01-01T00:00:00Z
bank_3,1,906,2017-01-01T00:00:00Z
bank_3,1,907,2017-01-01T00:00:00Z
bank_3,1,908,2017-01-01T00:00:00Z
bank_3,1,909,2017-01-01T00:00:00Z
bank_3,1,910,2017-01-01T00:00:00Z
bank_3,1,911,2017-01-01T00:00:00Z
bank_3,1,912,2017-01-01T00:00:00Z
bank_3,1,913,2017-01-01T00:00:00Z
bank_3,1,914,2017-01-01T00:00:00Z
bank_3,1,915,2017-01-01T00:00:00Z
bank_3,1,916,2017-01-01T00:00:00Z
bank_3,1,917,2017-01-01T00:00:00Z
bank_3,1,918,2017-01-01T00:00:00Z
bank_3,1,919,2017-01-01T00:00:00Z
bank_3,1,920,2017-01-01T00:00:00Z
bank_3,1,921,2017-01-01T00:00:00Z
bank_3,1,922,2017-01-01T00:00:00Z
bank_3,1,923,2017-01-01T00:00:00Z
bank_3,1,924,2017-01-01T00:00:00Z
bank_3,1,925,2017-01-01T00:00:00Z
bank_3,1,926,2017-01-01T00:00:00Z
bank_3,1,927,2017-01-01T00:00:00Z
bank_3,1,928,2017-01-01T00:00:00Z
bank_3,1,929,2017-01-01T00:00:00Z
bank_3,1,930,2017-01-01T00:00:00Z
bank_3,1,931,2017-01-01T00:00:00Z
bank_3,1,932,2017-01-01T00:00:00Z
bank_3,1,933,2017-01-01T00:00:00Z
bank_3,1,934,2017-01-01T00:00:00Z
bank_3,1,935,2017-01-01T00:00:00Z
bank_3,1,936,2017-01-01T00:00:00Z
bank_3,1,937,2017-01-01T00:00:00Z
bank_3,1,938,2017-01-01T00:00:00Z
bank_3,1,939,2017-01-01T00:00:00Z
bank_3,1,940,2017-01-01T00:00:00Z
bank_3,1,941,2017-01-01T00:00:00Z
bank_3,1,942,2017-01-01T00:00:00Z
bank_3,1,943,2017-01-01T00:00:00Z
bank_3,1,944,2017-01-01T00:00:00Z
bank_3,1,945,2017-01-01T00:00:00Z
bank_3,1,946,2017-01-01T00:00:00Z
bank_3,1,947,2017-01-01T00:00:00Z
bank_3,1,948,2017-01-01T00:00:00Z
bank_3,1,949,2017-01-01T00:00:00Z
bank_3,1,950,2017-01-01T00:00:00Z
bank_3,1,951,2017-01-01T00:00:00Z
bank_3,1,952,2017-01-01T00:00:00Z
bank_3,1,953,2017-01-01T00:00:00Z
bank_3,1,954,2017-01-01T00:00:00Z
bank_3,1,955,2017-01-01T00:00:00Z
bank_3,1,956,2017-01-01T00:00:00Z
bank_3,1,957,2017-01-01T00:00:00Z
bank_3,1,958,2017-01-01T00:00:00Z
bank_3,1,959,2017-01-01T00:00:00Z
bank_3,1,960,2017-01-01T00:00:00Z
bank_3,1,961,2017-01-01T00:00:00Z
bank_3,1,962,2017-01-01T00:00:00Z
bank_3,1,963,2017-01-01T00:00:00Z
bank_3,1,964,2017-01-01T00:00:00Z
bank_3,1,965,2017-01-01T00:00:00Z
bank_3,1,966,2017-01-01T00:00:00Z
bank_3,1,967,2017-01-01T00:00:00Z
bank_3,1,968,2017-01-01T00:00:00Z
bank_3,1,969,2017-01-01T00:00:00Z
bank_3,1,970,2017-01-01T00:00:00Z
bank_3,1,971,2017-01-01T00:00:00Z
bank_3,1,972,2017-01-01T00:00:00Z
bank_3,1,973,2017-01-01T00:00:00Z
bank_3,1,974,2017-01-01T00:00:00Z
bank_3,1,975,2017-01-01T00:00:00Z
bank_3,1,976,2017-01-01T00:00:00Z
bank_3,1,977,2017-01-01T00:00:00Z
bank_3,1,978,2017-01-01T00:00:00Z
bank_3,1,979,2017-01-01T00:00:00Z
bank_3,1,980,2017-01-01T00:00:00Z
bank_3,1,981,2017-01-01T00:00:00Z
bank_3,1,982,2017-01-01T00:00:00Z
bank_3,1,983,2017-01-01T00:00:00Z
bank_3,1,984,2017-01-01T00:00:00Z
bank_3,1,985,2017-01-01T00:00:00Z
bank_3,1,986,2017-01-01T00:00:00Z
bank_3,1,987,2017-01-01T00:00:00Z
bank_3,1,988,2017-01-01T00:00:00Z
bank_3,1,989,2017-01-01T00:00:00Z
bank_3,1,990,2017-01-01T00:00:00Z
bank_3,1,991,2017-01-01T00:00:00Z
bank_3,1,992,2017-01-01T00:00:00Z
bank_3,1,993,2017-01-01T00:00:00Z
bank_3,1,994,2017-01-01T00:00:00Z
bank_3,1,995,2017-01-01T00:00:00Z
bank_3,1,996,2017-01-01T00:00:00Z
bank_3,1,997,2017-01-01T00:00:00Z
bank_3,1,998,2017-01-01T00:00:00Z
bank_3,1,999,2017-01-01T00:00:00Z
bank_3,1,1000,2017-01-01T00:00:00Z
bank_3,1,1001,2017-01-01T00:00:00Z
bank_3,1,1002,2017-01-01T00:00:00Z
bank_3,1,1003,2017-01-01T00:00:00Z
bank_3,1,1004,2017-01-01T00:00:00Z
bank_3,1,1005,2017-01-01T00:00:00Z
bank_3,1,1006,2017-01-01T00:00:00Z
bank_3,1,1007,2017-01-01T00:00:00Z
bank_3,1,1008,2017-01-01T00:00:00Z
bank_3,1,1009,2017-01-01T00:00:00Z
bank_3,1,1010,2017-01-01T00:00:00Z
bank_3,1,1011,2017-01-01T00:00:00Z
bank_3,1,1012,2017-01-01T00:00:00Z
bank_3,1,1013,2017-01-01T00:00:00Z
bank_3,1,1014,2017-01-01T00:00:00Z
bank_3,1,1015,2017-01-01T00:00:00Z
bank_3,1,1016,2017-01-01T00:00:00Z
bank_3,1,1017,2017-01-01T00:00:00Z
bank_3,1,1018,2017-01-01T00:00:00Z
bank_3,1,1019,2017-01-01T00:00:00Z
bank_3,1,1020,2017-01-01T00:00:00Z
bank_3,1,1021,2017-01-01T00:00:00Z
bank_3,1,1022,2017-01-01T00:00:00Z
bank_3,1,1023,2017-01-01T00:00:00Z
bank_3,1,1024,2017-01-01T00:00:00Z
bank_3,1,1025,2017-01-01T00:00:00Z
bank_3,1,1026,2017-01-01T00:00:00Z
bank_3,1,1027,2017-01-01T00:00:00Z
bank_3,1,1028,2017-01-01T00:00:00Z
bank_3,1,1029,2017-01-01T00:00:00Z
bank_3,1,1030,2017-01-01T00:00:00Z
bank_3,1,1031,2017-01-01T00:00:00Z
bank_3,1,1032,2017-01-01T00:00:00Z
bank_3,1,1033,2017-01-01T00:00:00Z
bank_3,1,1034,2017-01-01T00:00:00Z
bank_3,1,1035,2017-01-01T00:00:00Z
bank_3,1,1036,2017-01-01T00:00:00Z
bank_3,1,1037,2017-01-01T00:00:00Z
bank_3,1,1038,2017-01-01T00:00:00Z
bank_3,1,1039,2017-01-01T00:00:00Z
bank_3,1,1040,2017-01-01T00:00:00Z
bank_3,1,1041,2017-01-01T00:00:00Z
bank_3,1,1042,2017-01-01T00:00:00Z
bank_3,1,1043,2017-01-01T00:00:00Z
bank_3,1,1044,2017-01-01T00:00:00Z
bank_3,1,1045,2017-01-01T00:00:00Z
bank_3,1,1046,2017-01-01T00:00:00Z
bank_3,1,1047,2017-01-01T00:00:00Z
bank_3,1,1048,2017-01-01T00:00:00Z
bank_3,1,1049,2017-01-01T00:00:00Z
bank_3,1,1050,2017-01-01T00:00:00Z
bank_3,1,1051,2017-01-01T00:00:00Z
bank_3,1,1052,2017-01-01T00:00:00Z
bank_3,1,1053,2017-01-01T00:00:00Z
bank_3,1,1054,2017-01-01T00:00:00Z
bank_3,1,1055,2017-01-01T00:00:00Z
bank_3,1,1056,2017-01-01T00:00:00Z
bank_3,1,1057,2017-01-01T00:00:00Z
bank_3,1,1058,2017-01-01T00:00:00Z
bank_3,1,1059,2017-01-01T00:00:00Z
bank_3,1,1060,2017-01-01T00:00:00Z
bank_3,1,1061,2017-01-01T00:00:00Z
bank_3,1,1062,2017-01-01T00:00:00Z
bank_3,1,1063,2017-01-01T00:00:00Z
bank_3,1,1064,2017-01-01T00:00:00Z
bank_3,1,1065,2017-01-01T00:00:00Z
bank_3,1,1066,2017-01-01T00:00:00Z
bank_3,1,1067,2017-01-01T00:00:00Z
bank_3,1,1068,2017-01-01T00:00:00Z
bank_3,1,1069,2017-01-01T00:00:00Z
bank_3,1,1070,2017-01-01T00:00:00Z
bank_3,1,1071,2017-01-01T00:00:00Z
bank_3,1,1072,2017-01-01T00:00:00Z
bank_3,1,1073,2017-01-01T00:00:00Z
bank_3,1,1074,2017-01-01T00:00:00Z
bank_3,1,1075,2017-01-01T00:00:00Z
bank_3,1,1076,2017-01-01T00:00:00Z
bank_3,1,1077,2017-01-01T00:00:00Z
bank_3,1,1078,2017-01-01T00:00:00Z
bank_3,1,1079,2017-01-01T00:00:00Z
bank_3,1,1080,2017-01-01T00:00:00Z
bank_3,1,1081,2017-01-01T00:00:00Z
bank_3,1,1082,2017-01-01T00:00:00Z
bank_3,1,1083,2017-01-01T00:00:00Z
bank_3,1,1084,2017-01-01T00:00:00Z
bank_3,1,1085,2017-01-01T00:00:00Z
bank_3,1,1086,2017-01-01T00:00:00Z
bank_3,1,1087,2017-01-01T00:00:00Z
bank_3,1,1088,2017-01-01T00:00:00Z
bank_3,1,1089,2017-01-01T00:00:00Z
bank_3,1,1090,2017-01-01T00:00:00Z
bank_3,1,1091,2017-01-01T00:00:00Z
bank_3,1,1092,2017-01-01T00:00:00Z
bank_3,1,1093,2017-01-01T00:00:00Z
bank_3,1,1094,2017-01-01T00:00:00Z
bank_3,1,1095,2017-01-01T00:00:00Z
bank_3,1,1096,2017-01-01T00:00:00Z
bank_3,1,1097,2017-01-01T00:00:00Z
bank_3,1,1098,2017-01-01T00:00:00Z
bank_3,1,1099,2017-01-01T00:00:00Z
bank_3,1,1100,2017-01-01T00:00:00Z
bank_3,1,1101,2017-01-01T00:00:00Z
bank_3,1,1102,2017-01-01T00:00:00Z
bank_3,1,1103,2017-01-01T00:00:00Z
bank_3,1,1104,2017-01-01T00:00:00Z
bank_3,1,1105,2017-01-01T00:00:00Z
bank_3,1,1106,2017-01-01T00:00:00Z
bank_3,1,1107,2017-01-01T00:00:00Z
bank_3,1,1108,2017-01-01T00:00:00Z
bank_3,1,1109,2017-01-01T00:00:00Z
bank_3,1,1110,2017-01-01T00:00:00Z
bank_3,1,1111,2017-01-01T00:00:00Z
bank_3,1,1112,2017-01-01T00:00:00Z
bank_3,1,1113,2017-01-01T00:00:00Z
bank_3,1,1114,2017-01-01T00:00:00Z
bank_3,1,1115,2017-01-01T00:00:00Z
bank_3,1,1116,2017-01-01T00:00:00Z
bank_3,1,1117,2017-01-01T00:00:00Z
bank_3,1,1118,2017-01-01T00:00:00Z
bank_3,1,1119,2017-01-01T00:00:00Z
bank_3,1,1120,2017-01-01T00:00:00Z
bank_3,1,1121,2017-01-01T00:00:00Z
bank_3,1,1122,2017-01-01T00:00:00Z
bank_3,1,1123,2017-01-01T00:00:00Z
bank_3,1,1124,2017-01-01T00:00:00Z
bank_3,1,1125,2017-01-01T00:00:00Z
bank_3,1,1126,2017-01-01T00:00:00Z
bank_3,1,1127,2017-01-01T00:00:00Z
bank_3,1,1128,2017-01-01T00:00:00Z
bank_3,1,1129,2017-01-01T00:00:00Z
bank_3,1,1130,2017-01-01T00:00:00Z
bank_3,1,1131,2017-01-01T00:00:00Z
bank_3,1,1132,2017-01-01T00:00:00Z
bank_3,1,1133,2017-01-01T00:00:00Z
bank_3,1,1134,2017-01-01T00:00:00Z
bank_3,1,1135,2017-01-01T00:00:00Z
bank_3,1,1136,2017-01-01T00:00:00Z
bank_3,1,1137,2017-01-01T00:00:00Z
bank_3,1,1138,2017-01-01T00:00:00Z
bank_3,1,1139,2017-01-01T00:00:00Z
bank_3,1,1140,2017-01-01T00:00:00Z
bank_3,1,1141,2017-01-01T00:00:00Z
bank_3,1,1142,2017-01-01T00:00:00Z
bank_3,1,1143,2017-01-01T00:00:00Z
bank_3,1,1144,2017-01-01T00:00:00Z
bank_3,1,1145,2017-01-01T00:00:00Z
bank_3,1,1146,2017-01-01T00:00:00Z
bank_3,1,1147,2017-01-01T00:00:00Z
bank_3,1,1148,2017-01-01T00:00:00Z
bank_3,1,1149,2017-01-01T00:00:00Z
bank_3,1,1150,2017-01-01T00:00:00Z
bank_3,1,1151,2017-01-01T00:00:00Z
bank_3,1,1152,2017-01-01T00:00:00Z
bank_3,1,1153,2017-01-01T00:00:00Z
bank_3,1,1154,2017-01-01T00:00:00Z
bank_3,1,1155,2017-01-01T00:00:00Z
bank_3,1,1156,2017-01-01T00:00:00Z
bank_3,1,1157,2017-01-01T00:00:00Z
bank_3,1,1158,2017-01-01T00:00:00Z
bank_3,1,1159,2017-01-01T00:00:00Z
bank_3,1,1160,2017-01-01T00:00:00Z
bank_3,1,1161,2017-01-01T00:00:00Z
bank_3,1,1162,2017-01-01T00:00:00Z
bank_3,1,1163,2017-01-01T00:00:00Z
bank_3,1,1164,2017-01-01T00:00:00Z
bank_3,1,1165,2017-01-01T00:00:00Z
bank_3,1,1166,2017-01-01T00:00:00Z
bank_3,1,1167,2017-01-01T00:00:00Z
bank_3,1,1168,2017-01-01T00:00:00Z
bank_3,1,1169,2017-01-01T00:00:00Z
bank_3,1,1170,2017-01-01T00:00:00Z
bank_3,1,1171,2017-01-01T00:00:00Z
bank_3,1,1172,2017-01-01T00:00:00Z
bank_3,1,1173,2017-01-01T00:00:00Z
bank_3,1,1174,2017-01-01T00:00:00Z
bank_3,1,1175,2017-01-01T00:00:00Z
bank_3,1,1176,2017-01-01T00:00:00Z
bank_3,1,1177,2017-01-01T00:00:00Z
bank_3,1,1178,2017-01-01T00:00:00Z
bank_3,1,1179,2017-01-01T00:00:00Z
bank_3,1,1180,2017-01-01T00:00:00Z
bank_3,1,1181,2017-01-01T00:00:00Z
bank_3,1,1182,2017-01-01T00:00:00Z
bank_3,1,1183,2017-01-01T00:00:00Z
bank_3,1,1184,2017-01-01T00:00:00Z
bank_3,1,1185,2017-01-01T00:00:00Z
bank_3,1,1186,2017-01-01T00:00:00Z
bank_3,1,1187,2017-01-01T00:00:00Z
bank_3,1,1188,2017-01-01T00:00:00Z
bank_3,1,1189,2017-01-01T00:00:00Z
bank_3,1,1190,2017-01-01T00:00:00Z
bank_3,1,1191,2017-01-01T00:00:00Z
bank_3,1,1192,2017-01-01T00:00:00Z
bank_3,1,1193,2017-01-01T00:00:00Z
bank_3,1,1194,2017-01-01T00:00:00Z
bank_3,1,1195,2017-01-01T00:00:00Z
bank_3,1,1196,2017-01-01T00:00:00Z
bank_3,1,1197,2017-01-01T00:00:00Z
bank_3,1,1198,2017-01-01T00:00:00Z
bank_3,1,1199,2017-01-01T00:00:00Z
bank_3,1,1200,2017-01-01T00:00:00Z
bank_3,1,1201,2017-01-01T00:00:00Z
bank_3,1,1202,2017-01-01T00:00:00Z
bank_3,1,1203,2017-01-01T00:00:00Z
bank_3,1,1204,2017-01-01T00:00:00Z
bank_3,1,1205,2017-01-01T00:00:00Z
bank_3,1,1206,2017-01-01T00:00:00Z
bank_3,1,1207,2017-01-01T00:00:00Z
bank_3,1,1208,2017-01-01T00:00:00Z
bank_3,1,1209,2017-01-01T00:00:00Z
bank_3,1,1210,2017-01-01T00:00:00Z
bank_3,1,1211,2017-01-01T00:00:00Z
bank_3,1,1212,2017-01-01T00:00:00Z
bank_3,1,1213,2017-01-01T00:00:00Z
bank_3,1,1214,2017-01-01T00:00:00Z
bank_3,1,1215,2017-01-01T00:00:00Z
bank_3,1,1216,2017-01-01T00:00:00Z
bank_3,1,1217,2017-01-01T00:00:00Z
bank_3,1,1218,2017-01-01T00:00:00Z
bank_3,1,1219,2017-01-01T00:00:00Z
bank_3,1,1220,2017-01-01T00:00:00Z
bank_3,1,1221,2017-01-01T00:00:00Z
bank_3,1,1222,2017-01-01T00:00:00Z
bank_3,1,1223,2017-01-01T00:00:00Z
bank_3,1,1224,2017-01-01T00:00:00Z
bank_3,1,1225,2017-01-01T00:00:00Z
bank_3,1,1226,2017-01-01T00:00:00Z
bank_3,1,1227,2017-01-01T00:00:00Z
bank_3,1,1228,2017-01-01T00:00:00Z
bank_3,1,1229,2017-01-01T00:00:00Z
bank_3,1,1230,2017-01-01T00:00:00Z
bank_3,1,1231,2017-01-01T00:00:00Z
bank_3,1,1232,2017-01-01T00:00:00Z
bank_3,1,1233,2017-01-01T00:00:00Z
bank_3,1,1234,2017-01-01T00:00:00Z
bank_3,1,1235,2017-01-01T00:00:00Z
bank_3,1,1236,2017-01-01T00:00:00Z
bank_3,1,1237,2017-01-01T00:00:00Z
bank_3,1,1238,2017-01-01T00:00:00Z
bank_3,1,1239,2017-01-01T00:00:00Z
bank_3,1,1240,2017-01-01T00:00:00Z
bank_3,1,1241,2017-01-01T00:00:00Z
bank_3,1,1242,2017-01-01T00:00:00Z
bank_3,1,1243,2017-01-01T00:00:00Z
bank_3,1,1244,2017-01-01T00:00:00Z
bank_3,1,1245,2017-01-01T00:00:00Z
bank_3,1,1246,2017-01-01T00:00:00Z
bank_3,1,1247,2017-01-01T00:00:00Z
bank_3,1,1248,2017-01-01T00:00:00Z
bank_3,1,1249,2017-01-01T00:00:00Z
bank_3,1,1250,2017-01-01T00:00:00Z
bank_3,1,1251,2017-01-01T00:00:00Z
bank_3,1,1252,2017-01-01T00:00:00Z
bank_3,1,1253,2017-01-01T00:00:00Z
bank_3,1,1254,2017-01-01T00:00:00Z
bank_3,1,1255,2017-01-01T00:00:00Z
bank_3,1,1256,2017-01-01T00:00:00Z
bank_3,1,1257,2017-01-01T00:00:00Z
bank_3,1,1258,2017-01-01T00:00:00Z
bank_3,1,1259,2017-01-01T00:00:00Z
bank_3,1,1260,2017-01-01T00:00:00Z
bank_3,1,1261,2017-01-01T00:00:00Z
bank_3,1,1262,2017-01-01T00:00:00Z
bank_3,1,1263,2017-01-01T00:00:00Z
bank_3,1,1264,2017-01-01T00:00:00Z
bank_3,1,1265,2017-01-01T00:00:00Z
bank_3,1,1266,2017-01-01T00:00:00Z
bank_3,1,1267,2017-01-01T00:00:00Z
bank_3,1,1268,2017-01-01T00:00:00Z
bank_3,1,1269,2017-01-01T00:00:00Z
bank_3,1,1270,2017-01-01T00:00:00Z
bank_3,1,1271,2017-01-01T00:00:00Z
bank_3,1,1272,2017-01-01T00:00:00Z
bank_3,1,1273,2017-01-01T00:00:00Z
bank_3,1,1274,2017-01-01T00:00:00Z
bank_3,1,1275,2017-01-01T00:00:00Z
bank_3,1,1276,2017-01-01T00:00:00Z
bank_3,1,1277,2017-01-01T00:00:00Z
bank_3,1,1278,2017-01-01T00:00:00Z
bank_3,1,1279,2017-01-01T00:00:00Z
bank_3,1,1280,2017-01-01T00:00:00Z
bank_3,1,1281,2017-01-01T00:00:00Z
bank_3,1,1282,2017-01-01T00:00:00Z
bank_3,1,1283,2017-01-01T00:00:00Z
bank_3,1,1284,2017-01-01T00:00:00Z
bank_3,1,1285,2017-01-01T00:00:00Z
bank_3,1,1286,2017-01-01T00:00:00Z
bank_3,1,1287,2017-01-01T00:00:00Z
bank_3,1,1288,2017-01-01T00:00:00Z
bank_3,1,1289,2017-01-01T00:00:00Z
bank_3,1,1290,2017-01-01T00:00:00Z
bank_3,1,1291,2017-01-01T00:00:00Z
bank_3,1,1292,2017-01-01T00:00:00Z
bank_3,1,1293,2017-01-01T00:00:00Z
bank_3,1,1294,2017-01-01T00:00:00Z
bank_3,1,1295,2017-01-01T00:00:00Z
bank_3,1,1296,2017-01-01T00:00:00Z
bank_3,1,1297,2017-01-01T00:00:00Z
bank_3,1,1298,2017-01-01T00:00:00Z
bank_3,1,1299,2017-01-01T00:00:00Z
bank_3,1,1300,2017-01-01T00:00:00Z
bank_3,1,1301,2017-01-01T00:00:00Z
bank_3,1,1302,2017-01-01T00:00:00Z
bank_3,1,1303,2017-01-01T00:00:00Z
bank_3,1,1304,2017-01-01T00:00:00Z
bank_3,1,1305,2017-01-01T00:00:00Z
bank_3,1,1306,2017-01-01T00:00:00Z
bank_3,1,1307,2017-01-01T00:00:00Z
bank_3,1,1308,2017-01-01T00:00:00Z
bank_3,1,1309,2017-01-01T00:00:00Z
bank_3,1,1310,2017-01-01T00:00:00Z
bank_3,1,1311,2017-01-01T00:00:00Z
bank_3,1,1312,2017-01-01T00:00:00Z
bank_3,1,1313,2017-01-01T00:00:00Z
bank_3,1,1314,2017-01-01T00:00:00Z
bank_3,1,1315,2017-01-01T00:00:00Z
bank_3,1,1316,2017-01-01T00:00:00Z
bank_3,1,1317,2017-01-01T00:00:00Z
bank_3,1,1318,2017-01-01T00:00:00Z
bank_3,1,1319,2017-01-01T00:00:00Z
bank_3,1,1320,2017-01-01T00:00:00Z
bank_3,1,1321,2017-01-01T00:00:00Z
bank_3,1,1322,2017-01-01T00:00:00Z
bank_3,1,1323,2017-01-01T00:00:00Z
bank_3,1,1324,2017-01-01T00:00:00Z
bank_3,1,1325,2017-01-01T00:00:00Z
bank_3,1,1326,2017-01-01T00:00:00Z
bank_3,1,1327,2017-01-01T00:00:00Z
bank_3,1,1328,2017-01-01T00:00:00Z
bank_3,1,1329,2017-01-01T00:00:00Z
bank_3,1,1330,2017-01-01T00:00:00Z
bank_3,1,1331,2017-01-01T00:00:00Z
bank_3,1,1332,2017-01-01T00:00:00Z
bank_3,1,1333,2017-01-01T00:00:00Z
bank_3,1,1334,2017-01-01T00:00:00Z
bank_3,1,1335,2017-01-01T00:00:00Z
bank_3,1,1336,2017-01-01T00:00:00Z
bank_3,1,1337,2017-01-01T00:00:00Z
bank_3,1,1338,2017-01-01T00:00:00Z
bank_3,1,1339,2017-01-01T00:00:00Z
bank_3,1,1340,2017-01-01T00:00:00Z
bank_3,1,1341,2017-01-01T00:00:00Z
bank_3,1,1342,2017-01-01T00:00:00Z
bank_3,1,1343,2017-01-01T00:00:00Z
bank_3,1,1344,2017-01-01T00:00:00Z
bank_3,1,1345,2017-01-01T00:00:00Z
bank_3,1,1346,2017-01-01T00:00:00Z
bank_3,1,1347,2017-01-01T00:00:00Z
bank_3,1,1348,2017-01-01T00:00:00Z
bank_3,1,1349,2017-01-01T00:00:00Z
bank_3,1,1350,2017-01-01T00:00:00Z
bank_3,1,1351,2017-01-01T00:00:00Z
bank_3,1,1352,2017-01-01T00:00:00Z
bank_3,1,1353,2017-01-01T00:00:00Z
bank_3,1,1354,2017-01-01T00:00:00Z
bank_3,1,1355,2017-01-01T00:00:00Z
bank_3,1,1356,2017-01-01T00:00:00Z
bank_3,1,1357,2017-01-01T00:00:00Z
bank_3,1,1358,2017-01-01T00:00:00Z
bank_3,1,1359,2017-01-01T00:00:00Z
bank_3,1,1360,2017-01-01T00:00:00Z
bank_3,1,1361,2017-01-01T00:00:00Z
bank_3,1,1362,2017-01-01T00:00:00Z
bank_3,1,1363,2017-01-01T00:00:00Z
bank_3,1,1364,2017-01-01T00:00:00Z
bank_3,1,1365,2017-01-01T00:00:00Z
bank_3,1,1366,2017-01-01T00:00:00Z
bank_3,1,1367,2017-01-01T00:00:00Z
bank_3,1,1368,2017-01-01T00:00:00Z
bank_3,1,1369,2017-01-01T00:00:00Z
bank_3,1,1370,2017-01-01T00:00:00Z
bank_3,1,1371,2017-01-01T00:00:00Z
bank_3,1,1372,2017-01-01T00:00:00Z
bank_3,1,1373,2017-01-01T00:00:00Z
bank_3,1,1374,2017-01-01T00:00:00Z
bank_3,1,1375,2017-01-01T00:00:00Z
bank_3,1,1376,2017-01-01T00:00:00Z
bank_3,1,1377,2017-01-01T00:00:00Z
bank_3,1,1378,2017-01-01T00:00:00Z
bank_3,1,1379,2017-01-01T00:00:00Z
bank_3,1,1380,2017-01-01T00:00:00Z
bank_3,1,1381,2017-01-01T00:00:00Z
bank_3,1,1382,2017-01-01T00:00:00Z
bank_3,1,1383,2017-01-01T00:00:00Z
bank_3,1,1384,2017-01-01T00:00:00Z
bank_3,1,1385,2017-01-01T00:00:00Z
bank_3,1,1386,2017-01-01T00:00:00Z
bank_3,1,1387,2017-01-01T00:00:00Z
bank_3,1,1388,2017-01-01T00:00:00Z
bank_3,1,1389,2017-01-01T00:00:00Z
bank_3,1,1390,2017-01-01T00:00:00Z
bank_3,1,1391,2017-01-01T00:00:00Z
bank_3,1,1392,2017-01-01T00:00:00Z
bank_3,1,1393,2017-01-01T00:00:00Z
bank_3,1,1394,2017-01-01T00:00:00Z
bank_3,1,1395,2017-01-01T00:00:00Z
bank_3,1,1396,2017-01-01T00:00:00Z
bank_3,1,1397,2017-01-01T00:00:00Z
bank_3,1,1398,2017-01-01T00:00:00Z
bank_3,1,1399,2017-01-01T00:00:00Z
bank_3,1,1400,2017-01-01T00:00:00Z
bank_3,1,1401,2017-01-01T00:00:00Z
bank_3,1,1402,2017-01-01T00:00:00Z
bank_3,1,1403,2017-01-01T00:00:00Z
bank_3,1,1404,2017-01-01T00:00:00Z
bank_3,1,1405,2017-01-01T00:00:00Z
bank_3,1,1406,2017-01-01T00:00:00Z
bank_3,1,1407,2017-01-01T00:00:00Z
bank_3,1,1408,2017-01-01T00:00:00Z
bank_3,1,1409,2017-01-01T00:00:00Z
bank_3,1,1410,2017-01-01T00:00:00Z
bank_3,1,1411,2017-01-01T00:00:00Z
bank_3,1,1412,2017-01-01T00:00:00Z
bank_3,1,1413,2017-01-01T00:00:00Z
bank_3,1,1414,2017-01-01T00:00:00Z
bank_3,1,1415,2017-01-01T00:00:00Z
bank_3,1,1416,2017-01-01T00:00:00Z
bank_3,1,1417,2017-01-01T00:00:00Z
bank_3,1,1418,2017-01-01T00:00:00Z
bank_3,1,1419,2017-01-01T00:00:00Z
bank_3,1,1420,2017-01-01T00:00:00Z
bank_3,1,1421,2017-01-01T00:00:00Z
bank_3,1,1422,2017-01-01T00:00:00Z
bank_3,1,1423,2017-01-01T00:00:00Z
bank_3,1,1424,2017-01-01T00:00:00Z
bank_3,1,1425,2017-01-01T00:00:00Z
bank_3,1,1426,2017-01-01T00:00:00Z
bank_3,1,1427,2017-01-01T00:00:00Z
bank_3,1,1428,2017-01-01T00:00:00Z
bank_3,1,1429,2017-01-01T00:00:00Z
bank_3,1,1430,2017-01-01T00:00:00Z
bank_3,1,1431,2017-01-01T00:00:00Z
bank_3,1,1432,2017-01-01T00:00:00Z
bank_3,1,1433,2017-01-01T00:00:00Z
bank_3,1,1434,2017-01-01T00:00:00Z
bank_3,1,1435,2017-01-01T00:00:00Z
bank_3,1,1436,2017-01-01T00:00:00Z
bank_3,1,1437,2017-01-01T00:00:00Z
bank_3,1,1438,2017-01-01T00:00:00Z
bank_3,1,1439,2017-01-01T00:00:00Z
bank_3,1,1440,2017-01-01T00:00:00Z
bank_3,1,1441,2017-01-01T00:00:00Z
bank_3,1,1442,2017-01-01T00:00:00Z
bank_3,1,1443,2017-01-01T00:00:00Z
bank_3,1,1444,2017-01-01T00:00:00Z
bank_3,1,1445,2017-01-01T00:00:00Z
bank_3,1,1446,2017-01-01T00:00:00Z
bank_3,1,1447,2017-01-01T00:00:00Z
bank_3,1,1448,2017-01-01T00:00:00Z
bank_3,1,1449,2017-01-01T00:00:00Z
bank_3,1,1450,2017-01-01T00:00:00Z
bank_3,1,1451,2017-01-01T00:00:00Z
bank_3,1,1452,2017-01-01T00:00:00Z
bank_3,1,1453,2017-01-01T00:00:00Z
bank_3,1,1454,2017-01-01T00:00:00Z
bank_3,1,1455,2017-01-01T00:00:00Z
bank_3,1,1456,2017-01-01T00:00:00Z
bank_3,1,1457,2017-01-01T00:00:00Z
bank_3,1,1458,2017-01-01T00:00:00Z
bank_3,1,1459,2017-01-01T00:00:00Z
bank_3,1,1460,2017-01-01T00:00:00Z
bank_3,1,1461,2017-01-01T00:00:00Z
bank_3,1,1462,2017-01-01T00:00:00Z
bank_3,1,1463,2017-01-01T00:00:00Z
bank_3,1,1464,2017-01-01T00:00:00Z
bank_3,1,1465,2017-01-01T00:00:00Z
bank_3,1,1466,2017-01-01T00:00:00Z
bank_3,1,1467,2017-01-01T00:00:00Z
bank_3,1,1468,2017-01-01T00:00:00Z
bank_3,1,1469,2017-01-01T00:00:00Z
bank_3,1,1470,2017-01-01T00:00:00Z
bank_3,1,1471,2017-01-01T00:00:00Z
bank_3,1,1472,2017-01-01T00:00:00Z
bank_3,1,1473,2017-01-01T00:00:00Z
bank_3,1,1474,2017-01-01T00:00:00Z
bank_3,1,1475,2017-01-01T00:00:00Z
bank_3,1,1476,2017-01-01T00:00:00Z
bank_3,1,1477,2017-01-01T00:00:00Z
bank_3,1,1478,2017-01-01T00:00:00Z
bank_3,1,1479,2017-01-01T00:00:00Z
bank_3,1,1480,2017-01-01T00:00:00Z
bank_3,1,1481,2017-01-01T00:00:00Z
bank_3,1,1482,2017-01-01T00:00:00Z
bank_3,1,1483,2017-01-01T00:00:00Z
bank_3,1,1484,2017-01-01T00:00:00Z
bank_3,1,1485,2017-01-01T00:00:00Z
bank_3,1,1486,2017-01-01T00:00:00Z
bank_3,1,1487,2017-01-01T00:00:00Z
bank_3,1,1488,2017-01-01T00:00:00Z
bank_3,1,1489,2017-01-01T00:00:00Z
bank_3,1,1490,2017-01-01T00:00:00Z
bank_3,1,1491,2017-01-01T00:00:00Z
bank_3,1,1492,2017-01-01T00:00:00Z
bank_3,1,1493,2017-01-01T00:00:00Z
bank_3,1,1494,2017-01-01T00:00:00Z
bank_3,1,1495,2017-01-01T00:00:00Z
bank_3,1,1496,2017-01-01T00:00:00Z
bank_3,1,1497,2017-01-01T00:00:00Z
bank_3,1,1498,2017-01-01T00:00:00Z
bank_3,1,1499,2017-01-01T00:00:00Z
bank_3,1,1500,2017-01-01T00:00:00Z
bank_3,1,1501,2017-01-01T00:00:00Z
bank_3,1,1502,2017-01-01T00:00:00Z
bank_3,1,1503,2017-01-01T00:00:00Z
bank_3,1,1504,2017-01-01T00:00:00Z
bank_3,1,1505,2017-01-01T00:00:00Z
bank_3,1,1506,2017-01-01T00:00:00Z
bank_3,1,1507,2017-01-01T00:00:00Z
bank_3,1,1508,2017-01-01T00:00:00Z
bank_3,1,1509,2017-01-01T00:00:00Z
bank_3,1,1510,2017-01-01T00:00:00Z
bank_3,1,1511,2017-01-01T00:00:00Z
bank_3,1,1512,2017-01-01T00:00:00Z
bank_3,1,1513,2017-01-01T00:00:00Z
bank_3,1,1514,2017-01-01T00:00:00Z
bank_3,1,1515,2017-01-01T00:00:00Z
bank_3,1,1516,2017-01-01T00:00:00Z
bank_3,1,1517,2017-01-01T00:00:00Z
bank_3,1,1518,2017-01-01T00:00:00Z
bank_3,1,1519,2017-01-01T00:00:00Z
bank_3,1,1520,2017-01-01T00:00:00Z
bank_3,1,1521,2017-01-01T00:00:00Z
bank_3,1,1522,2017-01-01T00:00:00Z
bank_3,1,1523,2017-01-01T00:00:00Z
bank_3,1,1524,2017-01-01T00:00:00Z
bank_3,1,1525,2017-01-01T00:00:00Z
bank_3,1,1526,2017-01-01T00:00:00Z
bank_3,1,1527,2017-01-01T00:00:00Z
bank_3,1,1528,2017-01-01T00:00:00Z
bank_3,1,1529,2017-01-01T00:00:00Z
bank_3,1,1530,2017-01-01T00:00:00Z
bank_3,1,1531,2017-01-01T00:00:00Z
bank_3,1,1532,2017-01-01T00:00:00Z
bank_3,1,1533,2017-01-01T00:00:00Z
bank_3,1,1534,2017-01-01T00:00:00Z
bank_3,1,1535,2017-01-01T00:00:00Z
bank_3,1,1536,2017-01-01T00:00:00Z
bank_3,1,1537,2017-01-01T00:00:00Z
bank_3,1,1538,2017-01-01T00:00:00Z
bank_3,1,1539,2017-01-01T00:00:00Z
bank_3,1,1540,2017-01-01T00:00:00Z
bank_3,1,1541,2017-01-01T00:00:00Z
bank_3,1,1542,2017-01-01T00:00:00Z
bank_3,1,1543,2017-01-01T00:00:00Z
bank_3,1,1544,2017-01-01T00:00:00Z
bank_3,1,1545,2017-01-01T00:00:00Z
bank_3,1,1546,2017-01-01T00:00:00Z
bank_3,1,1547,2017-01-01T00:00:00Z
bank_3,1,1548,2017-01-01T00:00:00Z
bank_3,1,1549,2017-01-01T00:00:00Z
bank_3,1,1550,2017-01-01T00:00:00Z
bank_3,1,1551,2017-01-01T00:00:00Z
bank_3,1,1552,2017-01-01T00:00:00Z
bank_3,1,1553,2017-01-01T00:00:00Z
bank_3,1,1554,2017-01-01T00:00:00Z
bank_3,1,1555,2017-01-01T00:00:00Z
bank_3,1,1556,2017-01-01T00:00:00Z
bank_3,1,1557,2017-01-01T00:00:00Z
bank_3,1,1558,2017-01-01T00:00:00Z
bank_3,1,1559,2017-01-01T00:00:00Z
bank_3,1,1560,2017-01-01T00:00:00Z
bank_3,1,1561,2017-01-01T00:00:00Z
bank_3,1,1562,2017-01-01T00:00:00Z
bank_3,1,1563,2017-01-01T00:00:00Z
bank_3,1,1564,2017-01-01T00:00:00Z
bank_3,1,1565,2017-01-01T00:00:00Z
bank_3,1,1566,2017-01-01T00:00:00Z
bank_3,1,1567,2017-01-01T00:00:00Z
bank_3,1,1568,2017-01-01T00:00:00Z
bank_3,1,1569,2017-01-01T00:00:00Z
bank_3,1,1570,2017-01-01T00:00:00Z
bank_3,1,1571,2017-01-01T00:00:00Z
bank_3,1,1572,2017-01-01T00:00:00Z
bank_3,1,1573,2017-01-01T00:00:00Z
bank_3,1,1574,2017-01-01T00:00:00Z
bank_3,1,1575,2017-01-01T00:00:00Z
bank_3,1,1576,2017-01-01T00:00:00Z
bank_3,1,1577,2017-01-01T00:00:00Z
bank_3,1,1578,2017-01-01T00:00:00Z
bank_3,1,1579,2017-01-01T00:00:00Z
bank_3,1,1580,2017-01-01T00:00:00Z
bank_3,1,1581,2017-01-01T00:00:00Z
bank_3,1,1582,2017-01-01T00:00:00Z
bank_3,1,1583,2017-01-01T00:00:00Z
bank_3,1,1584,2017-01-01T00:00:00Z
bank_3,1,1585,2017-01-01T00:00:00Z
bank_3,1,1586,2017-01-01T00:00:00Z
bank_3,1,1587,2017-01-01T00:00:00Z
bank_3,1,1588,2017-01-01T00:00:00Z
bank_3,1,1589,2017-01-01T00:00:00Z
bank_3,1,1590,2017-01-01T00:00:00Z
bank_3,1,1591,2017-01-01T00:00:00Z
bank_3,1,1592,2017-01-01T00:00:00Z
bank_3,1,1593,2017-01-01T00:00:00Z
bank_3,1,1594,2017-01-01T00:00:00Z
bank_3,1,1595,2017-01-01T00:00:00Z
bank_3,1,1596,2017-01-01T00:00:00Z
bank_3,1,1597,2017-01-01T00:00:00Z
bank_3,1,1598,2017-01-01T00:00:00Z
bank_3,1,1599,2017-01-01T00:00:00Z
bank_3,1,1600,2017-01-01T00:00:00Z
bank_3,1,1601,2017-01-01T00:00:00Z
bank_3,1,1602,2017-01-01T00:00:00Z
bank_3,1,1603,2017-01-01T00:00:00Z
bank_3,1,1604,2017-01-01T00:00:00Z
bank_3,1,1605,2017-01-01T00:00:00Z
bank_3,1,1606,2017-01-01T00:00:00Z
bank_3,1,1607,2017-01-01T00:00:00Z
bank_3,1,1608,2017-01-01T00:00:00Z
bank_3,1,1609,2017-01-01T00:00:00Z
bank_3,1,1610,2017-01-01T00:00:00Z
bank_3,1,1611,2017-01-01T00:00:00Z
bank_3,1,1612,2017-01-01T00:00:00Z
bank_3,1,1613,2017-01-01T00:00:00Z
bank_3,1,1614,2017-01-01T00:00:00Z
bank_3,1,1615,2017-01-01T00:00:00Z
bank_3,1,1616,2017-01-01T00:00:00Z
bank_3,1,1617,2017-01-01T00:00:00Z
bank_3,1,1618,2017-01-01T00:00:00Z
bank_3,1,1619,2017-01-01T00:00:00Z
bank_3,1,1620,2017-01-01T00:00:00Z
bank_3,1,1621,2017-01-01T00:00:00Z
bank_3,1,1622,2017-01-01T00:00:00Z
bank_3,1,1623,2017-01-01T00:00:00Z
bank_3,1,1624,2017-01-01T00:00:00Z
bank_3,1,1625,2017-01-01T00:00:00Z
bank_3,1,1626,2017-01-01T00:00:00Z
bank_3,1,1627,2017-01-01T00:00:00Z
bank_3,1,1628,2017-01-01T00:00:00Z
bank_3,1,1629,2017-01-01T00:00:00Z
bank_3,1,1630,2017-01-01T00:00:00Z
bank_3,1,1631,2017-01-01T00:00:00Z
bank_3,1,1632,2017-01-01T00:00:00Z
bank_3,1,1633,2017-01-01T00:00:00Z
bank_3,1,1634,2017-01-01T00:00:00Z
bank_3,1,1635,2017-01-01T00:00:00Z
bank_3,1,1636,2017-01-01T00:00:00Z
bank_3,1,1637,2017-01-01T00:00:00Z
bank_3,1,1638,2017-01-01T00:00:00Z
bank_3,1,1639,2017-01-01T00:00:00Z
bank_3,1,1640,2017-01-01T00:00:00Z
bank_3,1,1641,2017-01-01T00:00:00Z
bank_3,1,1642,2017-01-01T00:00:00Z
bank_3,1,1643,2017-01-01T00:00:00Z
bank_3,1,1644,2017-01-01T00:00:00Z
bank_3,1,1645,2017-01-01T00:00:00Z
bank_3,1,1646,2017-01-01T00:00:00Z
bank_3,1,1647,2017-01-01T00:00:00Z
bank_3,1,1648,2017-01-01T00:00:00Z
bank_3,1,1649,2017-01-01T00:00:00Z
bank_3,1,1650,2017-01-01T00:00:00Z
bank_3,1,1651,2017-01-01T00:00:00Z
bank_3,1,1652,2017-01-01T00:00:00Z
bank_3,1,1653,2017-01-01T00:00:00Z
bank_3,1,1654,2017-01-01T00:00:00Z
bank_3,1,1655,2017-01-01T00:00:00Z
bank_3,1,1656,2017-01-01T00:00:00Z
bank_3,1,1657,2017-01-01T00:00:00Z
bank_3,1,1658,2017-01-01T00:00:00Z
bank_3,1,1659,2017-01-01T00:00:00Z
bank_3,1,1660,2017-01-01T00:00:00Z
bank_3,1,1661,2017-01-01T00:00:00Z
bank_3,1,1662,2017-01-01T00:00:00Z
bank_3,1,1663,2017-01-01T00:00:00Z
bank_3,1,1664,2017-01-01T00:00:00Z
bank_3,1,1665,2017-01-01T00:00:00Z
bank_3,1,1666,2017-01-01T00:00:00Z
bank_3,1,1667,2017-01-01T00:00:00Z
bank_3,1,1668,2017-01-01T00:00:00Z
bank_3,1,1669,2017-01-01T00:00:00Z
bank_3,1,1670,2017-01-01T00:00:00Z
bank_3,1,1671,2017-01-01T00:00:00Z
bank_3,1,1672,2017-01-01T00:00:00Z
bank_3,1,1673,2017-01-01T00:00:00Z
bank_3,1,1674,2017-01-01T00:00:00Z
bank_3,1,1675,2017-01-01T00:00:00Z
bank_3,1,1676,2017-01-01T00:00:00Z
bank_3,1,1677,2017-01-01T00:00:00Z
bank_3,1,1678,2017-01-01T00:00:00Z
bank_3,1,1679,2017-01-01T00:00:00Z
bank_3,1,1680,2017-01-01T00:00:00Z
bank_3,1,1681,2017-01-01T00:00:00Z
bank_3,1,1682,2017-01-01T00:00:00Z
bank_3,1,1683,2017-01-01T00:00:00Z
bank_3,1,1684,2017-01-01T00:00:00Z
bank_3,1,1685,2017-01-01T00:00:00Z
bank_3,1,1686,2017-01-01T00:00:00Z
bank_3,1,1687,2017-01-01T00:00:00Z
bank_3,1,1688,2017-01-01T00:00:00Z
bank_3,1,1689,2017-01-01T00:00:00Z
bank_3,1,1690,2017-01-01T00:00:00Z
bank_3,1,1691,2017-01-01T00:00:00Z
bank_3,1,1692,2017-01-01T00:00:00Z
bank_3,1,1693,2017-01-01T00:00:00Z
bank_3,1,1694,2017-01-01T00:00:00Z
bank_3,1,1695,2017-01-01T00:00:00Z
bank_3,1,1696,2017-01-01T00:00:00Z
bank_3,1,1697,2017-01-01T00:00:00Z
bank_3,1,1698,2017-01-01T00:00:00Z
bank_3,1,1699,2017-01-01T00:00:00Z
bank_3,1,1700,2017-01-01T00:00:00Z
bank_3,1,1701,2017-01-01T00:00:00Z
bank_3,1,1702,2017-01-01T00:00:00Z
bank_3,1,1703,2017-01-01T00:00:00Z
bank_3,1,1704,2017-01-01T00:00:00Z
bank_3,1,1705,2017-01-01T00:00:00Z
bank_3,1,1706,2017-01-01T00:00:00Z
bank_3,1,1707,2017-01-01T00:00:00Z
bank_3,1,1708,2017-01-01T00:00:00Z
bank_3,1,1709,2017-01-01T00:00:00Z
bank_3,1,1710,2017-01-01T00:00:00Z
bank_3,1,1711,2017-01-01T00:00:00Z
bank_3,1,1712,2017-01-01T00:00:00Z
bank_3,1,1713,2017-01-01T00:00:00Z
bank_3,1,1714,2017-01-01T00:00:00Z
bank_3,1,1715,2017-01-01T00:00:00Z
bank_3,1,1716,2017-01-01T00:00:00Z
bank_3,1,1717,2017-01-01T00:00:00Z
bank_3,1,1718,2017-01-01T00:00:00Z
bank_3,1,1719,2017-01-01T00:00:00Z
bank_3,1,1720,2017-01-01T00:00:00Z
bank_3,1,1721,2017-01-01T00:00:00Z
bank_3,1,1722,2017-01-01T00:00:00Z
bank_3,1,1723,2017-01-01T00:00:00Z
bank_3,1,1724,2017-01-01T00:00:00Z
bank_3,1,1725,2017-01-01T00:00:00Z
bank_3,1,1726,2017-01-01T00:00:00Z
bank_3,1,1727,2017-01-01T00:00:00Z
bank_3,1,1728,2017-01-01T00:00:00Z
bank_3,1,1729,2017-01-01T00:00:00Z
bank_3,1,1730,2017-01-01T00:00:00Z
bank_3,1,1731,2017-01-01T00:00:00Z
bank_3,1,1732,2017-01-01T00:00:00Z
bank_3,1,1733,2017-01-01T00:00:00Z
bank_3,1,1734,2017-01-01T00:00:00Z
bank_3,1,1735,2017-01-01T00:00:00Z
bank_3,1,1736,2017-01-01T00:00:00Z
bank_3,1,1737,2017-01-01T00:00:00Z
bank_3,1,1738,2017-01-01T00:00:00Z
bank_3,1,1739,2017-01-01T00:00:00Z
bank_3,1,1740,2017-01-01T00:00:00Z
bank_3,1,1741,2017-01-01T00:00:00Z
bank_3,1,1742,2017-01-01T00:00:00Z
bank_3,1,1743,2017-01-01T00:00:00Z
bank_3,1,1744,2017-01-01T00:00:00Z
bank_3,1,1745,2017-01-01T00:00:00Z
bank_3,1,1746,2017-01-01T00:00:00Z
bank_3,1,1747,2017-01-01T00:00:00Z
bank_3,1,1748,2017-01-01T00:00:00Z
bank_3,1,1749,2017-01-01T00:00:00Z
bank_3,1,1750,2017-01-01T00:00:00Z
bank_3,1,1751,2017-01-01T00:00:00Z
bank_3,1,1752,2017-01-01T00:00:00Z
bank_3,1,1753,2017-01-01T00:00:00Z
bank_3,1,1754,2017-01-01T00:00:00Z
bank_3,1,1755,2017-01-01T00:00:00Z
bank_3,1,1756,2017-01-01T00:00:00Z
bank_3,1,1757,2017-01-01T00:00:00Z
bank_3,1,1758,2017-01-01T00:00:00Z
bank_3,1,1759,2017-01-01T00:00:00Z
bank_3,1,1760,2017-01-01T00:00:00Z
bank_3,1,1761,2017-01-01T00:00:00Z
bank_3,1,1762,2017-01-01T00:00:00Z
bank_3,1,1763,2017-01-01T00:00:00Z
bank_3,1,1764,2017-01-01T00:00:00Z
bank_3,1,1765,2017-01-01T00:00:00Z
bank_3,1,1766,2017-01-01T00:00:00Z
bank_3,1,1767,2017-01-01T00:00:00Z
bank_3,1,1768,2017-01-01T00:00:00Z
bank_3,1,1769,2017-01-01T00:00:00Z
bank_3,1,1770,2017-01-01T00:00:00Z
bank_3,1,1771,2017-01-01T00:00:00Z
bank_3,1,1772,2017-01-01T00:00:00Z
bank_3,1,1773,2017-01-01T00:00:00Z
bank_3,1,1774,2017-01-01T00:00:00Z
bank_3,1,1775,2017-01-01T00:00:00Z
bank_3,1,1776,2017-01-01T00:00:00Z
bank_3,1,1777,2017-01-01T00:00:00Z
bank_3,1,1778,2017-01-01T00:00:00Z
bank_3,1,1779,2017-01-01T00:00:00Z
bank_3,1,1780,2017-01-01T00:00:00Z
bank_3,1,1781,2017-01-01T00:00:00Z
bank_3,1,1782,2017-01-01T00:00:00Z
bank_3,1,1783,2017-01-01T00:00:00Z
bank_3,1,1784,2017-01-01T00:00:00Z
bank_3,1,1785,2017-01-01T00:00:00Z
bank_3,1,1786,2017-01-01T00:00:00Z
bank_3,1,1787,2017-01-01T00:00:00Z
bank_3,1,1788,2017-01-01T00:00:00Z
bank_3,1,1789,2017-01-01T00:00:00Z
bank_3,1,1790,2017-01-01T00:00:00Z
bank_3,1,1791,2017-01-01T00:00:00Z
bank_3,1,1792,2017-01-01T00:00:00Z
bank_3,1,1793,2017-01-01T00:00:00Z
bank_3,1,1794,2017-01-01T00:00:00Z
bank_3,1,1795,2017-01-01T00:00:00Z
bank_3,1,1796,2017-01-01T00:00:00Z
bank_3,1,1797,2017-01-01T00:00:00Z
bank_3,1,1798,2017-01-01T00:00:00Z
bank_3,1,1799,2017-01-01T00:00:00Z
bank_3,1,1800,2017-01-01T00:00:00Z
bank_3,1,1801,2017-01-01T00:00:00Z
bank_3,1,1802,2017-01-01T00:00:00Z
bank_3,1,1803,2017-01-01T00:00:00Z
bank_3,1,1804,2017-01-01T00:00:00Z
bank_3,1,1805,2017-01-01T00:00:00Z
bank_3,1,1806,2017-01-01T00:00:00Z
bank_3,1,1807,2017-01-01T00:00:00Z
bank_3,1,1808,2017-01-01T00:00:00Z
bank_3,1,1809,2017-01-01T00:00:00Z
bank_3,1,1810,2017-01-01T00:00:00Z
bank_3,1,1811,2017-01-01T00:00:00Z
bank_3,1,1812,2017-01-01T00:00:00Z
bank_3,1,1813,2017-01-01T00:00:00Z
bank_3,1,1814,2017-01-01T00:00:00Z
bank_3,1,1815,2017-01-01T00:00:00Z
bank_3,1,1816,2017-01-01T00:00:00Z
bank_3,1,1817,2017-01-01T00:00:00Z
bank_3,1,1818,2017-01-01T00:00:00Z
bank_3,1,1819,2017-01-01T00:00:00Z
bank_3,1,1820,2017-01-01T00:00:00Z
bank_3,1,1821,2017-01-01T00:00:00Z
bank_3,1,1822,2017-01-01T00:00:00Z
bank_3,1,1823,2017-01-01T00:00:00Z
bank_3,1,1824,2017-01-01T00:00:00Z
bank_3,1,1825,2017-01-01T00:00:00Z
bank_3,1,1826,2017-01-01T00:00:00Z
bank_3,1,1827,2017-01-01T00:00:00Z
bank_3,1,1828,2017-01-01T00:00:00Z
bank_3,1,1829,2017-01-01T00:00:00Z
bank_3,1,1830,2017-01-01T00:00:00Z
bank_3,1,1831,2017-01-01T00:00:00Z
bank_3,1,1832,2017-01-01T00:00:00Z
bank_3,1,1833,2017-01-01T00:00:00Z
bank_3,1,1834,2017-01-01T00:00:00Z
bank_3,1,1835,2017-01-01T00:00:00Z
bank_3,1,1836,2017-01-01T00:00:00Z
bank_3,1,1837,2017-01-01T00:00:00Z
bank_3,1,1838,2017-01-01T00:00:00Z
bank_3,1,1839,2017-01-01T00:00:00Z
bank_3,1,1840,2017-01-01T00:00:00Z
bank_3,1,1841,2017-01-01T00:00:00Z
bank_3,1,1842,2017-01-01T00:00:00Z
bank_3,1,1843,2017-01-01T00:00:00Z
bank_3,1,1844,2017-01-01T00:00:00Z
bank_3,1,1845,2017-01-01T00:00:00Z
bank_3,1,1846,2017-01-01T00:00:00Z
bank_3,1,1847,2017-01-01T00:00:00Z
bank_3,1,1848,2017-01-01T00:00:00Z
bank_3,1,1849,2017-01-01T00:00:00Z
bank_3,1,1850,2017-01-01T00:00:00Z
bank_3,1,1851,2017-01-01T00:00:00Z
bank_3,1,1852,2017-01-01T00:00:00Z
bank_3,1,1853,2017-01-01T00:00:00Z
bank_3,1,1854,2017-01-01T00:00:00Z
bank_3,1,1855,2017-01-01T00:00:00Z
bank_3,1,1856,2017-01-01T00:00:00Z
bank_3,1,1857,2017-01-01T00:00:00Z
bank_3,1,1858,2017-01-01T00:00:00Z
bank_3,1,1859,2017-01-01T00:00:00Z
bank_3,1,1860,2017-01-01T00:00:00Z
bank_3,1,1861,2017-01-01T00:00:00Z
bank_3,1,1862,2017-01-01T00:00:00Z
bank_3,1,1863,2017-01-01T00:00:00Z
bank_3,1,1864,2017-01-01T00:00:00Z
bank_3,1,1865,2017-01-01T00:00:00Z
bank_3,1,1866,2017-01-01T00:00:00Z
bank_3,1,1867,2017-01-01T00:00:00Z
bank_3,1,1868,2017-01-01T00:00:00Z
bank_3,1,1869,2017-01-01T00:00:00Z
bank_3,1,1870,2017-01-01T00:00:00Z
bank_3,1,1871,2017-01-01T00:00:00Z
bank_3,1,1872,2017-01-01T00:00:00Z
bank_3,1,1873,2017-01-01T00:00:00Z
bank_3,1,1874,2017-01-01T00:00:00Z
bank_3,1,1875,2017-01-01T00:00:00Z
bank_3,1,1876,2017-01-01T00:00:00Z
bank_3,1,1877,2017-01-01T00:00:00Z
bank_3,1,1878,2017-01-01T00:00:00Z
bank_3,1,1879,2017-01-01T00:00:00Z
bank_3,1,1880,2017-01-01T00:00:00Z
bank_3,1,1881,2017-01-01T00:00:00Z
bank_3,1,1882,2017-01-01T00:00:00Z
bank_3,1,1883,2017-01-01T00:00:00Z
bank_3,1,1884,2017-01-01T00:00:00Z
bank_3,1,1885,2017-01-01T00:00:00Z
bank_3,1,1886,2017-01-01T00:00:00Z
bank_3,1,1887,2017-01-01T00:00:00Z
bank_3,1,1888,2017-01-01T00:00:00Z
bank_3,1,1889,2017-01-01T00:00:00Z
bank_3,1,1890,2017-01-01T00:00:00Z
bank_3,1,1891,2017-01-01T00:00:00Z
bank_3,1,1892,2017-01-01T00:00:00Z
bank_3,1,1893,2017-01-01T00:00:00Z
bank_3,1,1894,2017-01-01T00:00:00Z
bank_3,1,1895,2017-01-01T00:00:00Z
bank_3,1,1896,2017-01-01T00:00:00Z
bank_3,1,1897,2017-01-01T00:00:00Z
bank_3,1,1898,2017-01-01T00:00:00Z
bank_3,1,1899,2017-01-01T00:00:00Z
bank_3,1,1900,2017-01-01T00:00:00Z
bank_3,1,1901,2017-01-01T00:00:00Z
bank_3,1,1902,2017-01-01T00:00:00Z
bank_3,1,1903,2017-01-01T00:00:00Z
bank_3,1,1904,2017-01-01T00:00:00Z
bank_3,1,1905,2017-01-01T00:00:00Z
bank_3,1,1906,2017-01-01T00:00:00Z
bank_3,1,1907,2017-01-01T00:00:00Z
bank_3,1,1908,2017-01-01T00:00:00Z
bank_3,1,1909,2017-01-01T00:00:00Z
bank_3,1,1910,2017-01-01T00:00:00Z
bank_3,1,1911,2017-01-01T00:00:00Z
bank_3,1,1912,2017-01-01T00:00:00Z
bank_3,1,1913,2017-01-01T00:00:00Z
bank_3,1,1914,2017-01-01T00:00:00Z
bank_3,1,1915,2017-01-01T00:00:00Z
bank_3,1,1916,2017-01-01T00:00:00Z
bank_3,1,1917,2017-01-01T00:00:00Z
bank_3,1,1918,2017-01-01T00:00:00Z
bank_3,1,1919,2017-01-01T00:00:00Z
bank_3,1,1920,2017-01-01T00:00:00Z
bank_3,1,1921,2017-01-01T00:00:00Z
bank_3,1,1922,2017-01-01T00:00:00Z
bank_3,1,1923,2017-01-01T00:00:00Z
bank_3,1,1924,2017-01-01T00:00:00Z
bank_3,1,1925,2017-01-01T00:00:00Z
bank_3,1,1926,2017-01-01T00:00:00Z
bank_3,1,1927,2017-01-01T00:00:00Z
bank_3,1,1928,2017-01-01T00:00:00Z
bank_3,1,1929,2017-01-01T00:00:00Z
bank_3,1,1930,2017-01-01T00:00:00Z
bank_3,1,1931,2017-01-01T00:00:00Z
bank_3,1,1932,2017-01-01T00:00:00Z
bank_3,1,1933,2017-01-01T00:00:00Z
bank_3,1,1934,2017-01-01T00:00:00Z
bank_3,1,1935,2017-01-01T00:00:00Z
bank_3,1,1936,2017-01-01T00:00:00Z
bank_3,1,1937,2017-01-01T00:00:00Z
bank_3,1,1938,2017-01-01T00:00:00Z
bank_3,1,1939,2017-01-01T00:00:00Z
bank_3,1,1940,2017-01-01T00:00:00Z
bank_3,1,1941,2017-01-01T00:00:00Z
bank_3,1,1942,2017-01-01T00:00:00Z
bank_3,1,1943,2017-01-01T00:00:00Z
bank_3,1,1944,2017-01-01T00:00:00Z
bank_3,1,1945,2017-01-01T00:00:00Z
bank_3,1,1946,2017-01-01T00:00:00Z
bank_3,1,1947,2017-01-01T00:00:00Z
bank_3,1,1948,2017-01-01T00:00:00Z
bank_3,1,1949,2017-01-01T00:00:00Z
bank_3,1,1950,2017-01-01T00:00:00Z
bank_3,1,1951,2017-01-01T00:00:00Z
bank_3,1,1952,2017-01-01T00:00:00Z
bank_3,1,1953,2017-01-01T00:00:00Z
bank_3,1,1954,2017-01-01T00:00:00Z
bank_3,1,1955,2017-01-01T00:00:00Z
bank_3,1,1956,2017-01-01T00:00:00Z
bank_3,1,1957,2017-01-01T00:00:00Z
bank_3,1,1958,2017-01-01T00:00:00Z
bank_3,1,1959,2017-01-01T00:00:00Z
bank_3,1,1960,2017-01-01T00:00:00Z
bank_3,1,1961,2017-01-01T00:00:00Z
bank_3,1,1962,2017-01-01T00:00:00Z
bank_3,1,1963,2017-01-01T00:00:00Z
bank_3,1,1964,2017-01-01T00:00:00Z
bank_3,1,1965,2017-01-01T00:00:00Z
bank_3,1,1966,2017-01-01T00:00:00Z
bank_3,1,1967,2017-01-01T00:00:00Z
bank_3,1,1968,2017-01-01T00:00:00Z
bank_3,1,1969,2017-01-01T00:00:00Z
bank_3,1,1970,2017-01-01T00:00:00Z
bank_3,1,1971,2017-01-01T00:00:00Z
bank_3,1,1972,2017-01-01T00:00:00Z
bank_3,1,1973,2017-01-01T00:00:00Z
bank_3,1,1974,2017-01-01T00:00:00Z
bank_3,1,1975,2017-01-01T00:00:00Z
bank_3,1,1976,2017-01-01T00:00:00Z
bank_3,1,1977,2017-01-01T00:00:00Z
bank_3,1,1978,2017-01-01T00:00:00Z
bank_3,1,1979,2017-01-01T00:00:00Z
bank_3,1,1980,2017-01-01T00:00:00Z
bank_3,1,1981,2017-01-01T00:00:00Z
bank_3,1,1982,2017-01-01T00:00:00Z
bank_3,1,1983,2017-01-01T00:00:00Z
bank_3,1,1984,2017-01-01T00:00:00Z
bank_3,1,1985,2017-01-01T00:00:00Z
bank_3,1,1986,2017-01-01T00:00:00Z
bank_3,1,1987,2017-01-01T00:00:00Z
bank_3,1,1988,2017-01-01T00:00:00Z
bank_3,1,1989,2017-01-01T00:00:00Z
bank_3,1,1990,2017-01-01T00:00:00Z
bank_3,1,1991,2017-01-01T00:00:00Z
bank_3,1,1992,2017-01-01T00:00:00Z
bank_3,1,1993,2017-01-01T00:00:00Z
bank_3,1,1994,2017-01-01T00:00:00Z
bank_3,1,1995,2017-01-01T00:00:00Z
bank_3,1,1996,2017-01-01T00:00:00Z
bank_3,1,1997,2017-01-01T00:00:00Z
bank_3,1,1998,2017-01-01T00:00:00Z
bank_3,1,1999,2017-01-01T00:00:00Z
