bank_id,branch_id,acct_id,birth_date
bank_3,1,1600,1968-08-01
bank_3,1,1601,1966-09-03
bank_3,1,1602,1944-08-06
bank_3,1,1603,1989-02-24
bank_3,1,1604,1946-10-22
bank_3,1,1605,1997-05-20
bank_3,1,1606,1993-02-10
bank_3,1,1607,1985-12-24
bank_3,1,1608,1996-12-02
bank_3,1,1609,1980-07-28
bank_3,1,1610,1975-09-08
bank_3,1,1611,1971-05-24
bank_3,1,1612,1986-04-25
bank_3,1,1613,1980-12-22
bank_3,1,1614,1948-10-10
bank_3,1,1615,2003-05-28
bank_3,1,1616,1987-03-22
bank_3,1,1617,1969-04-24
bank_3,1,1618,1987-10-29
bank_3,1,1619,1956-04-30
bank_3,1,1620,1960-11-28
bank_3,1,1621,1987-11-28
bank_3,1,1622,1961-08-11
bank_3,1,1623,1987-12-14
bank_3,1,1624,1988-12-04
bank_3,1,1625,1992-04-10
bank_3,1,1626,1982-11-19
bank_3,1,1627,1989-08-20
bank_3,1,1628,1945-12-07
bank_3,1,1629,1963-02-25
bank_3,1,1630,1984-05-06
bank_3,1,1631,1995-03-21
bank_3,1,1632,1993-12-21
bank_3,1,1633,1953-12-04
bank_3,1,1634,1968-06-28
bank_3,1,1635,1980-04-08
bank_3,1,1636,1952-10-15
bank_3,1,1637,1990-07-09
bank_3,1,1638,1977-11-25
bank_3,1,1639,1951-06-11
bank_3,1,1640,1959-01-08
bank_3,1,1641,1989-04-11
bank_3,1,1642,1953-04-14
bank_3,1,1643,1954-05-17
bank_3,1,1644,1948-11-23
bank_3,1,1645,1947-07-16
bank_3,1,1646,1967-02-14
bank_3,1,1647,1991-08-27
bank_3,1,1648,1965-03-19
bank_3,1,1649,1986-08-14
bank_3,1,1650,1981-03-11
bank_3,1,1651,1996-08-07
bank_3,1,1652,1983-07-05
bank_3,1,1653,1996-12-19
bank_3,1,1654,1989-06-09
bank_3,1,1655,1990-05-01
bank_3,1,1656,1954-05-01
bank_3,1,1657,1996-01-28
bank_3,1,1658,1987-02-02
bank_3,1,1659,1949-07-25
bank_3,1,1660,1987-09-23
bank_3,1,1661,1943-07-11
bank_3,1,1662,1989-06-02
bank_3,1,1663,1967-12-18
bank_3,1,1664,1999-07-08
bank_3,1,1665,1965-02-25
bank_3,1,1666,1987-12-14
bank_3,1,1667,1951-12-25
bank_3,1,1668,2002-09-08
bank_3,1,1669,1984-01-28
bank_3,1,1670,1967-05-21
bank_3,1,1671,1981-01-29
bank_3,1,1672,2002-01-15
bank_3,1,1673,1988-04-30
bank_3,1,1674,1958-06-14
bank_3,1,1675,1982-01-31
bank_3,1,1676,1941-09-08
bank_3,1,1677,1984-10-04
bank_3,1,1678,1960-08-11
bank_3,1,1679,1995-06-21
bank_3,1,1680,1986-06-24
bank_3,1,1681,1989-06-08
bank_3,1,1682,1955-10-16
bank_3,1,1683,1943-10-27
bank_3,1,1684,1981-11-17
bank_3,1,1685,1984-07-20
bank_3,1,1686,1983-04-22
bank_3,1,1687,1976-08-18
bank_3,1,1688,1993-09-27
bank_3,1,1689,1958-09-01
bank_3,1,1690,2001-11-19
bank_3,1,1691,1941-08-23
bank_3,1,1692,1953-04-20
bank_3,1,1693,1958-01-18
bank_3,1,1694,1942-05-27
bank_3,1,1695,1978-11-24
bank_3,1,1696,1970-08-11
bank_3,1,1697,1976-12-01
bank_3,1,1698,1978-06-24
bank_3,1,1699,1973-12-17
bank_3,1,1700,2000-10-03
bank_3,1,1701,1960-01-09
bank_3,1,1702,1993-01-28
bank_3,1,1703,1945-09-23
bank_3,1,1704,1962-05-30
bank_3,1,1705,2002-04-27
bank_3,1,1706,1949-08-20
bank_3,1,1707,2000-02-10
bank_3,1,1708,1966-10-31
bank_3,1,1709,1987-10-26
bank_3,1,1710,1944-11-07
bank_3,1,1711,1977-11-03
bank_3,1,1712,1943-01-27
bank_3,1,1713,1962-05-14
bank_3,1,1714,1967-02-16
bank_3,1,1715,1963-11-09
bank_3,1,1716,1986-08-06
bank_3,1,1717,1971-01-09
bank_3,1,1718,1981-04-21
bank_3,1,1719,1994-01-14
bank_3,1,1720,1950-02-24
bank_3,1,1721,2001-01-11
bank_3,1,1722,1974-06-14
bank_3,1,1723,1995-06-02
bank_3,1,1724,1992-07-01
bank_3,1,1725,1966-05-25
bank_3,1,1726,1960-10-15
bank_3,1,1727,1963-07-17
bank_3,1,1728,1989-12-15
bank_3,1,1729,1991-08-10
bank_3,1,1730,1998-04-01
bank_3,1,1731,1971-12-12
bank_3,1,1732,1974-12-24
bank_3,1,1733,1959-10-29
bank_3,1,1734,1963-03-02
bank_3,1,1735,1942-08-05
bank_3,1,1736,1956-07-27
bank_3,1,1737,2002-10-08
bank_3,1,1738,2000-05-11
bank_3,1,1739,1987-05-13
bank_3,1,1740,1966-07-16
bank_3,1,1741,1987-10-24
bank_3,1,1742,1946-08-01
bank_3,1,1743,2000-05-03
bank_3,1,1744,1997-05-13
bank_3,1,1745,1988-01-24
bank_3,1,1746,1968-10-24
bank_3,1,1747,1976-07-10
bank_3,1,1748,1987-12-12
bank_3,1,1749,1949-11-11
bank_3,1,1750,1984-03-22
bank_3,1,1751,1978-05-08
bank_3,1,1752,1960-01-18
bank_3,1,1753,1986-06-13
bank_3,1,1754,1964-01-05
bank_3,1,1755,1957-01-27
bank_3,1,1756,1941-11-19
bank_3,1,1757,1994-08-05
bank_3,1,1758,1954-12-04
bank_3,1,1759,1976-10-05
bank_3,1,1760,1960-12-29
bank_3,1,1761,1994-02-15
bank_3,1,1762,1986-06-11
bank_3,1,1763,1955-05-05
bank_3,1,1764,1978-03-31
bank_3,1,1765,1965-02-18
bank_3,1,1766,1949-05-05
bank_3,1,1767,1994-02-11
bank_3,1,1768,1948-07-02
bank_3,1,1769,1995-05-07
bank_3,1,1770,1944-07-25
bank_3,1,1771,1942-10-14
bank_3,1,1772,1980-11-28
bank_3,1,1773,1948-10-24
bank_3,1,1774,1997-11-13
bank_3,1,1775,1980-11-08
bank_3,1,1776,1972-07-19
bank_3,1,1777,1966-01-02
bank_3,1,1778,1973-03-13
bank_3,1,1779,1960-02-29
bank_3,1,1780,1989-08-19
bank_3,1,1781,1976-05-04
bank_3,1,1782,1953-01-12
bank_3,1,1783,1968-08-30
bank_3,1,1784,1973-06-10
bank_3,1,1785,1986-04-28
bank_3,1,1786,1977-04-30
bank_3,1,1787,1999-02-08
bank_3,1,1788,1966-02-02
bank_3,1,1789,1945-07-11
bank_3,1,1790,1944-01-17
bank_3,1,1791,1995-11-28
bank_3,1,1792,1955-07-21
bank_3,1,1793,1959-07-28
bank_3,1,1794,1993-11-24
bank_3,1,1795,1950-03-26
bank_3,1,1796,1992-09-05
bank_3,1,1797,1944-08-16
bank_3,1,1798,1986-04-17
bank_3,1,1799,1970-03-19
bank_3,1,1800,1951-05-10
bank_3,1,1801,1979-01-10
bank_3,1,1802,1956-12-29
bank_3,1,1803,1956-09-29
bank_3,1,1804,1955-04-26
bank_3,1,1805,1964-03-07
bank_3,1,1806,1981-03-29
bank_3,1,1807,1965-09-30
bank_3,1,1808,1999-11-27
bank_3,1,1809,1943-10-29
bank_3,1,1810,1984-06-06
bank_3,1,1811,1967-12-13
bank_3,1,1812,2002-04-29
bank_3,1,1813,1985-10-05
bank_3,1,1814,1949-05-18
bank_3,1,1815,1972-08-22
bank_3,1,1816,1944-05-07
bank_3,1,1817,1970-11-22
bank_3,1,1818,1971-04-09
bank_3,1,1819,1958-02-25
bank_3,1,1820,1986-01-27
bank_3,1,1821,1955-03-06
bank_3,1,1822,1955-01-13
bank_3,1,1823,1995-01-18
bank_3,1,1824,1976-08-21
bank_3,1,1825,2000-05-19
bank_3,1,1826,1969-11-15
bank_3,1,1827,1945-05-07
bank_3,1,1828,1953-04-12
bank_3,1,1829,1970-11-05
bank_3,1,1830,1982-10-05
bank_3,1,1831,1945-06-19
bank_3,1,1832,1955-01-18
bank_3,1,1833,1979-03-29
bank_3,1,1834,1984-06-05
bank_3,1,1835,1994-09-26
bank_3,1,1836,1978-11-06
bank_3,1,1837,1971-03-23
bank_3,1,1838,1959-02-15
bank_3,1,1839,1986-05-29
bank_3,1,1840,1983-05-04
bank_3,1,1841,1952-09-13
bank_3,1,1842,1983-11-11
bank_3,1,1843,1982-06-09
bank_3,1,1844,1978-05-04
bank_3,1,1845,1956-04-07
bank_3,1,1846,1954-02-12
bank_3,1,1847,1976-12-06
bank_3,1,1848,1965-12-10
bank_3,1,1849,1952-03-17
bank_3,1,1850,1968-12-23
bank_3,1,1851,1992-03-31
bank_3,1,1852,1972-03-09
bank_3,1,1853,1995-07-14
bank_3,1,1854,1988-03-07
bank_3,1,1855,1996-03-04
bank_3,1,1856,1971-04-17
bank_3,1,1857,2001-09-11
bank_3,1,1858,1947-02-10
bank_3,1,1859,1956-10-19
bank_3,1,1860,1975-11-23
bank_3,1,1861,1984-11-11
bank_3,1,1862,1997-06-13
bank_3,1,1863,1998-02-12
bank_3,1,1864,1999-10-06
bank_3,1,1865,1960-07-22
bank_3,1,1866,1996-11-18
bank_3,1,1867,1988-05-31
bank_3,1,1868,1992-10-11
bank_3,1,1869,1948-12-30
bank_3,1,1870,1995-09-10
bank_3,1,1871,1996-11-18
bank_3,1,1872,1959-10-25
bank_3,1,1873,1995-08-02
bank_3,1,1874,2001-05-06
bank_3,1,1875,2002-11-27
bank_3,1,1876,1956-09-24
bank_3,1,1877,1952-01-23
bank_3,1,1878,1996-04-22
bank_3,1,1879,1971-12-09
bank_3,1,1880,1985-07-11
bank_3,1,1881,1989-12-10
bank_3,1,1882,1973-06-02
bank_3,1,1883,1952-07-19
bank_3,1,1884,1943-05-13
bank_3,1,1885,1980-09-12
bank_3,1,1886,1973-11-06
bank_3,1,1887,1992-10-11
bank_3,1,1888,1983-05-14
bank_3,1,1889,1971-12-01
bank_3,1,1890,1958-11-20
bank_3,1,1891,1957-09-24
bank_3,1,1892,1992-07-18
bank_3,1,1893,1951-08-01
bank_3,1,1894,1974-07-10
bank_3,1,1895,2000-03-13
bank_3,1,1896,1973-04-03
bank_3,1,1897,1982-08-05
bank_3,1,1898,1990-01-19
bank_3,1,1899,1993-10-17
bank_3,1,1900,1961-05-24
bank_3,1,1901,1994-11-24
bank_3,1,1902,1982-09-25
bank_3,1,1903,1944-03-01
bank_3,1,1904,1959-12-27
bank_3,1,1905,1960-04-27
bank_3,1,1906,1964-07-06
bank_3,1,1907,1985-10-17
bank_3,1,1908,1983-12-05
bank_3,1,1909,1987-05-30
bank_3,1,1910,1991-01-15
bank_3,1,1911,1953-11-30
bank_3,1,1912,1965-06-30
bank_3,1,1913,1972-07-27
bank_3,1,1914,1958-06-25
bank_3,1,1915,1997-11-06
bank_3,1,1916,1976-01-06
bank_3,1,1917,1988-01-12
bank_3,1,1918,1968-09-30
bank_3,1,1919,1953-11-22
bank_3,1,1920,1985-03-13
bank_3,1,1921,1949-09-28
bank_3,1,1922,1968-09-23
bank_3,1,1923,1973-09-16
bank_3,1,1924,1992-03-30
bank_3,1,1925,2002-09-24
bank_3,1,1926,1973-05-20
bank_3,1,1927,1960-07-08
bank_3,1,1928,1978-05-04
bank_3,1,1929,1941-07-14
bank_3,1,1930,1987-06-23
bank_3,1,1931,1958-02-10
bank_3,1,1932,1993-01-01
bank_3,1,1933,1945-01-18
bank_3,1,1934,1964-04-07
bank_3,1,1935,2003-09-06
bank_3,1,1936,1984-01-12
bank_3,1,1937,1982-06-30
bank_3,1,1938,1972-05-26
bank_3,1,1939,1983-12-28
bank_3,1,1940,1980-03-28
bank_3,1,1941,1984-04-19
bank_3,1,1942,1943-04-24
bank_3,1,1943,1998-09-02
bank_3,1,1944,1950-04-27
bank_3,1,1945,1972-12-08
bank_3,1,1946,1951-12-22
bank_3,1,1947,1989-10-14
bank_3,1,1948,1944-01-17
bank_3,1,1949,1978-03-03
bank_3,1,1950,2001-10-29
bank_3,1,1951,1970-04-16
bank_3,1,1952,1961-01-12
bank_3,1,1953,1989-10-01
bank_3,1,1954,1986-06-05
bank_3,1,1955,1995-09-14
bank_3,1,1956,1974-12-07
bank_3,1,1957,1990-05-05
bank_3,1,1958,2003-11-22
bank_3,1,1959,1998-05-06
bank_3,1,1960,1967-07-30
bank_3,1,1961,1966-08-17
bank_3,1,1962,1971-06-25
bank_3,1,1963,1989-06-28
bank_3,1,1964,1997-12-22
bank_3,1,1965,1988-12-14
bank_3,1,1966,2002-08-13
bank_3,1,1967,1994-02-08
bank_3,1,1968,1989-06-17
bank_3,1,1969,1999-12-28
bank_3,1,1970,1957-11-02
bank_3,1,1971,1943-10-21
bank_3,1,1972,1995-05-23
bank_3,1,1973,1976-07-11
bank_3,1,1974,1990-01-27
bank_3,1,1975,1990-07-12
bank_3,1,1976,1957-05-20
bank_3,1,1977,1977-08-22
bank_3,1,1978,1968-06-17
bank_3,1,1979,1957-09-05
bank_3,1,1980,1980-06-10
bank_3,1,1981,1985-07-06
bank_3,1,1982,1969-06-26
bank_3,1,1983,1963-08-24
bank_3,1,1984,1991-08-11
bank_3,1,1985,1974-09-02
bank_3,1,1986,1967-03-21
bank_3,1,1987,1974-05-09
bank_3,1,1988,1968-09-07
bank_3,1,1989,1951-03-12
bank_3,1,1990,1974-04-23
bank_3,1,1991,1998-07-15
bank_3,1,1992,1952-03-16
bank_3,1,1993,1992-06-12
bank_3,1,1994,1975-09-01
bank_3,1,1995,1952-08-29
bank_3,1,1996,1951-09-10
bank_3,1,1997,1994-11-11
bank_3,1,1998,1997-08-04
bank_3,1,1999,1992-05-28
bank_3,1,0,1959-04-13
bank_3,1,1,1997-12-03
bank_3,1,2,1973-10-21
bank_3,1,3,1996-02-11
bank_3,1,4,1941-04-17
bank_3,1,5,1971-12-15
bank_3,1,6,1958-04-18
bank_3,1,7,1949-02-06
bank_3,1,8,2002-05-26
bank_3,1,9,1947-02-11
bank_3,1,10,1980-07-12
bank_3,1,11,1999-10-21
bank_3,1,12,1958-02-12
bank_3,1,13,1945-12-13
bank_3,1,14,1975-06-09
bank_3,1,15,1960-01-20
bank_3,1,16,1982-12-17
bank_3,1,17,1998-05-02
bank_3,1,18,1990-06-20
bank_3,1,19,1950-05-23
bank_3,1,20,1979-02-19
bank_3,1,21,1962-09-09
bank_3,1,22,1947-05-05
bank_3,1,23,1996-10-12
bank_3,1,24,1967-12-09
bank_3,1,25,1966-02-03
bank_3,1,26,2003-12-18
bank_3,1,27,1993-08-19
bank_3,1,28,1961-05-06
bank_3,1,29,1949-08-15
bank_3,1,30,1973-01-03
bank_3,1,31,1996-02-09
bank_3,1,32,1981-01-29
bank_3,1,33,1942-04-15
bank_3,1,34,1966-10-21
bank_3,1,35,1993-11-27
bank_3,1,36,1949-02-04
bank_3,1,37,1958-10-09
bank_3,1,38,1964-05-01
bank_3,1,39,1987-03-02
bank_3,1,40,1957-01-28
bank_3,1,41,1995-11-10
bank_3,1,42,1958-09-10
bank_3,1,43,1968-12-08
bank_3,1,44,1956-03-14
bank_3,1,45,1989-05-06
bank_3,1,46,1977-10-18
bank_3,1,47,1962-05-30
bank_3,1,48,1970-04-10
bank_3,1,49,1976-10-03
bank_3,1,50,1962-10-30
bank_3,1,51,1955-08-20
bank_3,1,52,1998-08-31
bank_3,1,53,1960-12-11
bank_3,1,54,1977-07-15
bank_3,1,55,1959-11-20
bank_3,1,56,2002-01-09
bank_3,1,57,1991-12-24
bank_3,1,58,1973-11-21
bank_3,1,59,1946-08-29
bank_3,1,60,1955-06-22
bank_3,1,61,1968-03-26
bank_3,1,62,1978-01-21
bank_3,1,63,1986-03-14
bank_3,1,64,1975-10-18
bank_3,1,65,1998-10-09
bank_3,1,66,1960-06-13
bank_3,1,67,1974-07-31
bank_3,1,68,1991-03-09
bank_3,1,69,2003-10-21
bank_3,1,70,1965-09-12
bank_3,1,71,1991-06-16
bank_3,1,72,1985-11-12
bank_3,1,73,1991-06-16
bank_3,1,74,1962-12-06
bank_3,1,75,1960-01-12
bank_3,1,76,1991-11-02
bank_3,1,77,1962-04-23
bank_3,1,78,1969-02-22
bank_3,1,79,1983-03-30
bank_3,1,80,1948-04-23
bank_3,1,81,1969-01-14
bank_3,1,82,1996-08-01
bank_3,1,83,1996-09-18
bank_3,1,84,1979-04-23
bank_3,1,85,1952-01-11
bank_3,1,86,1998-10-07
bank_3,1,87,1986-11-13
bank_3,1,88,1964-09-06
bank_3,1,89,1971-12-22
bank_3,1,90,1980-12-25
bank_3,1,91,1979-03-18
bank_3,1,92,1950-12-10
bank_3,1,93,1976-05-28
bank_3,1,94,1953-05-12
bank_3,1,95,1977-02-17
bank_3,1,96,1964-07-23
bank_3,1,97,1989-11-10
bank_3,1,98,1991-05-25
bank_3,1,99,1976-09-13
bank_3,1,100,1986-08-25
bank_3,1,101,1949-11-26
bank_3,1,102,1970-11-03
bank_3,1,103,1983-08-19
bank_3,1,104,1994-03-15
bank_3,1,105,1988-01-15
bank_3,1,106,1971-11-30
bank_3,1,107,1983-11-02
bank_3,1,108,1976-03-17
bank_3,1,109,1946-02-25
bank_3,1,110,1994-02-19
bank_3,1,111,1957-06-19
bank_3,1,112,1969-09-20
bank_3,1,113,1987-06-10
bank_3,1,114,1989-07-09
bank_3,1,115,1948-08-26
bank_3,1,116,1963-06-05
bank_3,1,117,1947-02-21
bank_3,1,118,1941-03-26
bank_3,1,119,1961-12-12
bank_3,1,120,1948-07-19
bank_3,1,121,1955-09-29
bank_3,1,122,1944-02-08
bank_3,1,123,1973-06-21
bank_3,1,124,1948-11-26
bank_3,1,125,1974-08-06
bank_3,1,126,1952-11-04
bank_3,1,127,1947-12-18
bank_3,1,128,1954-10-02
bank_3,1,129,1949-08-06
bank_3,1,130,2003-07-16
bank_3,1,131,1964-05-31
bank_3,1,132,1986-12-07
bank_3,1,133,1964-05-10
bank_3,1,134,1963-06-08
bank_3,1,135,1977-07-05
bank_3,1,136,1973-05-26
bank_3,1,137,1999-06-12
bank_3,1,138,1983-09-14
bank_3,1,139,1974-03-24
bank_3,1,140,1945-11-19
bank_3,1,141,1958-01-06
bank_3,1,142,1975-10-02
bank_3,1,143,1962-03-14
bank_3,1,144,1964-10-18
bank_3,1,145,2003-05-14
bank_3,1,146,1977-01-03
bank_3,1,147,1978-12-01
bank_3,1,148,1954-12-20
bank_3,1,149,1985-09-08
bank_3,1,150,1974-06-28
bank_3,1,151,1942-01-05
bank_3,1,152,1958-07-31
bank_3,1,153,1952-10-31
bank_3,1,154,1980-05-05
bank_3,1,155,1952-05-12
bank_3,1,156,1948-12-25
bank_3,1,157,1985-04-07
bank_3,1,158,1973-04-28
bank_3,1,159,1994-08-04
bank_3,1,160,1987-05-18
bank_3,1,161,1986-03-18
bank_3,1,162,1980-02-08
bank_3,1,163,1943-10-06
bank_3,1,164,1964-09-16
bank_3,1,165,1955-12-06
bank_3,1,166,1952-07-22
bank_3,1,167,1965-08-07
bank_3,1,168,1958-01-11
bank_3,1,169,1944-04-05
bank_3,1,170,2002-03-30
bank_3,1,171,1949-12-22
bank_3,1,172,1961-11-26
bank_3,1,173,2000-10-17
bank_3,1,174,1971-07-16
bank_3,1,175,1966-02-10
bank_3,1,176,1987-02-27
bank_3,1,177,1950-08-03
bank_3,1,178,1976-10-26
bank_3,1,179,1962-06-30
bank_3,1,180,1978-06-24
bank_3,1,181,1966-01-02
bank_3,1,182,1951-12-05
bank_3,1,183,1996-01-10
bank_3,1,184,1949-04-23
bank_3,1,185,1982-12-26
bank_3,1,186,1957-06-27
bank_3,1,187,1999-06-04
bank_3,1,188,1941-04-27
bank_3,1,189,1997-11-05
bank_3,1,190,1994-10-23
bank_3,1,191,1978-03-21
bank_3,1,192,1942-02-26
bank_3,1,193,1986-05-01
bank_3,1,194,1963-03-15
bank_3,1,195,1980-12-19
bank_3,1,196,1970-11-24
bank_3,1,197,1981-03-20
bank_3,1,198,1994-07-19
bank_3,1,199,1998-09-07
bank_3,1,200,1961-05-18
bank_3,1,201,1946-03-19
bank_3,1,202,2004-02-12
bank_3,1,203,2001-03-23
bank_3,1,204,1944-05-05
bank_3,1,205,1957-07-26
bank_3,1,206,1990-06-15
bank_3,1,207,1945-04-07
bank_3,1,208,1999-06-03
bank_3,1,209,1949-12-18
bank_3,1,210,1952-08-11
bank_3,1,211,1955-09-09
bank_3,1,212,1949-10-03
bank_3,1,213,1951-10-29
bank_3,1,214,1992-02-07
bank_3,1,215,1977-02-14
bank_3,1,216,1951-12-03
bank_3,1,217,1998-03-23
bank_3,1,218,1984-06-01
bank_3,1,219,1955-12-19
bank_3,1,220,1950-08-08
bank_3,1,221,1954-08-06
bank_3,1,222,1988-04-18
bank_3,1,223,1956-09-18
bank_3,1,224,1961-01-04
bank_3,1,225,1953-10-23
bank_3,1,226,2003-08-30
bank_3,1,227,1996-08-31
bank_3,1,228,1969-01-09
bank_3,1,229,1969-01-29
bank_3,1,230,1986-08-16
bank_3,1,231,1989-04-02
bank_3,1,232,1984-06-09
bank_3,1,233,1990-05-22
bank_3,1,234,1965-10-01
bank_3,1,235,1949-01-31
bank_3,1,236,1956-09-28
bank_3,1,237,1950-09-29
bank_3,1,238,1965-09-10
bank_3,1,239,1997-10-24
bank_3,1,240,1943-04-12
bank_3,1,241,1971-03-30
bank_3,1,242,1961-05-29
bank_3,1,243,1949-06-15
bank_3,1,244,1992-03-16
bank_3,1,245,1974-10-08
bank_3,1,246,1978-12-27
bank_3,1,247,2001-09-19
bank_3,1,248,1990-03-31
bank_3,1,249,1943-07-23
bank_3,1,250,1992-10-12
bank_3,1,251,1956-09-15
bank_3,1,252,1966-10-07
bank_3,1,253,1993-01-31
bank_3,1,254,1978-04-28
bank_3,1,255,1946-07-15
bank_3,1,256,1991-10-10
bank_3,1,257,1967-10-17
bank_3,1,258,1988-07-10
bank_3,1,259,1986-06-12
bank_3,1,260,1961-04-23
bank_3,1,261,2000-02-07
bank_3,1,262,1955-04-22
bank_3,1,263,1966-05-23
bank_3,1,264,1985-11-04
bank_3,1,265,1996-06-28
bank_3,1,266,1951-04-01
bank_3,1,267,1974-05-02
bank_3,1,268,1955-02-26
bank_3,1,269,1989-10-21
bank_3,1,270,1961-11-27
bank_3,1,271,1999-10-05
bank_3,1,272,1988-07-29
bank_3,1,273,1986-03-03
bank_3,1,274,1962-11-17
bank_3,1,275,1998-04-22
bank_3,1,276,1955-11-27
bank_3,1,277,1993-04-07
bank_3,1,278,1980-08-13
bank_3,1,279,1987-04-09
bank_3,1,280,1995-05-15
bank_3,1,281,1968-09-16
bank_3,1,282,1954-07-20
bank_3,1,283,1960-01-12
bank_3,1,284,2001-03-10
bank_3,1,285,1957-08-29
bank_3,1,286,1995-08-19
bank_3,1,287,1966-09-21
bank_3,1,288,1972-01-06
bank_3,1,289,1957-03-01
bank_3,1,290,1973-06-30
bank_3,1,291,1983-10-15
bank_3,1,292,1966-11-09
bank_3,1,293,1950-06-08
bank_3,1,294,1979-02-15
bank_3,1,295,1963-02-22
bank_3,1,296,1995-01-13
bank_3,1,297,1981-12-09
bank_3,1,298,1972-09-20
bank_3,1,299,1958-05-21
bank_3,1,300,1977-10-23
bank_3,1,301,1985-02-16
bank_3,1,302,1983-04-18
bank_3,1,303,1977-02-21
bank_3,1,304,1958-04-04
bank_3,1,305,1965-08-23
bank_3,1,306,1973-11-19
bank_3,1,307,1996-08-15
bank_3,1,308,1941-10-21
bank_3,1,309,1967-07-30
bank_3,1,310,1976-04-27
bank_3,1,311,1960-11-28
bank_3,1,312,1965-12-27
bank_3,1,313,1989-01-19
bank_3,1,314,1952-03-19
bank_3,1,315,1952-05-01
bank_3,1,316,1955-01-12
bank_3,1,317,1965-08-09
bank_3,1,318,1951-05-19
bank_3,1,319,1965-03-10
bank_3,1,320,1963-03-07
bank_3,1,321,1980-09-13
bank_3,1,322,1970-05-04
bank_3,1,323,1983-09-28
bank_3,1,324,1945-07-15
bank_3,1,325,1996-09-17
bank_3,1,326,1990-11-12
bank_3,1,327,1951-06-30
bank_3,1,328,2003-05-06
bank_3,1,329,1948-12-22
bank_3,1,330,2002-12-30
bank_3,1,331,1975-05-27
bank_3,1,332,1951-04-24
bank_3,1,333,1972-03-19
bank_3,1,334,1941-07-30
bank_3,1,335,1955-04-05
bank_3,1,336,1943-02-15
bank_3,1,337,1995-06-11
bank_3,1,338,1980-06-04
bank_3,1,339,1986-08-06
bank_3,1,340,1984-12-07
bank_3,1,341,2001-07-30
bank_3,1,342,1941-06-21
bank_3,1,343,1976-09-07
bank_3,1,344,1951-02-16
bank_3,1,345,1988-10-22
bank_3,1,346,1943-07-27
bank_3,1,347,1960-07-31
bank_3,1,348,2000-01-09
bank_3,1,349,1951-07-30
bank_3,1,350,1947-11-10
bank_3,1,351,1955-10-02
bank_3,1,352,1942-10-26
bank_3,1,353,1961-06-27
bank_3,1,354,1984-09-14
bank_3,1,355,1994-03-01
bank_3,1,356,1953-01-30
bank_3,1,357,2001-02-28
bank_3,1,358,1982-12-06
bank_3,1,359,1949-07-10
bank_3,1,360,1973-02-25
bank_3,1,361,1968-08-22
bank_3,1,362,1966-06-02
bank_3,1,363,2001-01-23
bank_3,1,364,1997-03-18
bank_3,1,365,2002-02-08
bank_3,1,366,1978-04-22
bank_3,1,367,1962-04-25
bank_3,1,368,1962-08-04
bank_3,1,369,1974-01-12
bank_3,1,370,1987-04-11
bank_3,1,371,1995-03-29
bank_3,1,372,1976-02-10
bank_3,1,373,1977-10-22
bank_3,1,374,1942-06-30
bank_3,1,375,1953-11-11
bank_3,1,376,1986-04-27
bank_3,1,377,2003-05-04
bank_3,1,378,1970-01-03
bank_3,1,379,1956-01-27
bank_3,1,380,1990-10-30
bank_3,1,381,1955-02-01
bank_3,1,382,1990-02-09
bank_3,1,383,1974-01-27
bank_3,1,384,1998-11-27
bank_3,1,385,2004-01-25
bank_3,1,386,1999-01-16
bank_3,1,387,1943-10-10
bank_3,1,388,2000-01-01
bank_3,1,389,1999-04-14
bank_3,1,390,2002-05-23
bank_3,1,391,1950-06-27
bank_3,1,392,1996-02-08
bank_3,1,393,1952-10-04
bank_3,1,394,2004-02-11
bank_3,1,395,1970-04-29
bank_3,1,396,2003-07-21
bank_3,1,397,1956-01-26
bank_3,1,398,1952-05-18
bank_3,1,399,1966-06-27
bank_3,1,400,1980-03-29
bank_3,1,401,1983-06-30
bank_3,1,402,2002-06-18
bank_3,1,403,1981-07-13
bank_3,1,404,1961-06-07
bank_3,1,405,1975-05-14
bank_3,1,406,1942-11-19
bank_3,1,407,1953-03-05
bank_3,1,408,1961-02-27
bank_3,1,409,1988-07-17
bank_3,1,410,1979-08-13
bank_3,1,411,1994-02-25
bank_3,1,412,1971-08-10
bank_3,1,413,1965-11-07
bank_3,1,414,2000-05-31
bank_3,1,415,1998-01-03
bank_3,1,416,1976-01-28
bank_3,1,417,1965-07-02
bank_3,1,418,1967-03-31
bank_3,1,419,1987-10-09
bank_3,1,420,1977-11-12
bank_3,1,421,1997-01-28
bank_3,1,422,1971-06-01
bank_3,1,423,1997-03-22
bank_3,1,424,1949-06-29
bank_3,1,425,1987-09-24
bank_3,1,426,1978-05-23
bank_3,1,427,1974-11-04
bank_3,1,428,1959-07-20
bank_3,1,429,1954-08-31
bank_3,1,430,1982-03-17
bank_3,1,431,1999-02-02
bank_3,1,432,1958-07-16
bank_3,1,433,1945-11-29
bank_3,1,434,1958-10-27
bank_3,1,435,1990-09-17
bank_3,1,436,1990-02-05
bank_3,1,437,1981-07-28
bank_3,1,438,1957-09-15
bank_3,1,439,1945-05-02
bank_3,1,440,1967-06-09
bank_3,1,441,1971-06-01
bank_3,1,442,1993-08-08
bank_3,1,443,1944-10-11
bank_3,1,444,1955-11-15
bank_3,1,445,1995-01-05
bank_3,1,446,1988-09-13
bank_3,1,447,1978-03-11
bank_3,1,448,1956-06-08
bank_3,1,449,1942-05-31
bank_3,1,450,1942-09-12
bank_3,1,451,1982-06-11
bank_3,1,452,1966-10-11
bank_3,1,453,1959-11-23
bank_3,1,454,1977-01-10
bank_3,1,455,1948-03-03
bank_3,1,456,1952-01-18
bank_3,1,457,1948-06-03
bank_3,1,458,1975-01-18
bank_3,1,459,1999-07-20
bank_3,1,460,1986-12-07
bank_3,1,461,1969-07-12
bank_3,1,462,2001-04-17
bank_3,1,463,1959-10-02
bank_3,1,464,1990-08-20
bank_3,1,465,1953-08-29
bank_3,1,466,1943-03-12
bank_3,1,467,1999-09-28
bank_3,1,468,1999-02-28
bank_3,1,469,1966-08-04
bank_3,1,470,1957-03-12
bank_3,1,471,1983-06-11
bank_3,1,472,1955-07-23
bank_3,1,473,1972-07-21
bank_3,1,474,1962-04-25
bank_3,1,475,1990-07-20
bank_3,1,476,1981-01-11
bank_3,1,477,1982-06-21
bank_3,1,478,1946-03-20
bank_3,1,479,1948-08-24
bank_3,1,480,1972-02-16
bank_3,1,481,1958-08-28
bank_3,1,482,1982-05-02
bank_3,1,483,1991-10-01
bank_3,1,484,1977-09-11
bank_3,1,485,1984-01-06
bank_3,1,486,1943-01-31
bank_3,1,487,1943-03-31
bank_3,1,488,1962-12-17
bank_3,1,489,1962-10-29
bank_3,1,490,1949-10-15
bank_3,1,491,1987-02-01
bank_3,1,492,2002-04-19
bank_3,1,493,1947-10-23
bank_3,1,494,1946-10-29
bank_3,1,495,1971-12-08
bank_3,1,496,1942-04-15
bank_3,1,497,1986-05-09
bank_3,1,498,1995-05-05
bank_3,1,499,1972-05-29
bank_3,1,500,1956-07-27
bank_3,1,501,1941-12-26
bank_3,1,502,1956-10-14
bank_3,1,503,1993-11-15
bank_3,1,504,1998-12-26
bank_3,1,505,1990-12-16
bank_3,1,506,1957-12-31
bank_3,1,507,1986-01-24
bank_3,1,508,1977-06-30
bank_3,1,509,1981-11-03
bank_3,1,510,1963-02-17
bank_3,1,511,1989-01-31
bank_3,1,512,1981-01-12
bank_3,1,513,2004-01-14
bank_3,1,514,2000-06-11
bank_3,1,515,1950-04-09
bank_3,1,516,1984-09-09
bank_3,1,517,1945-04-18
bank_3,1,518,1969-08-26
bank_3,1,519,1992-01-11
bank_3,1,520,2003-06-18
bank_3,1,521,1977-11-24
bank_3,1,522,1987-08-15
bank_3,1,523,1996-12-28
bank_3,1,524,1948-04-22
bank_3,1,525,1992-09-04
bank_3,1,526,2003-11-08
bank_3,1,527,1976-03-10
bank_3,1,528,1986-07-09
bank_3,1,529,1958-12-12
bank_3,1,530,1985-02-09
bank_3,1,531,1962-09-23
bank_3,1,532,1976-02-28
bank_3,1,533,1962-08-01
bank_3,1,534,1964-12-17
bank_3,1,535,1974-10-06
bank_3,1,536,1962-10-07
bank_3,1,537,1944-02-25
bank_3,1,538,1953-07-11
bank_3,1,539,1953-03-13
bank_3,1,540,1952-09-10
bank_3,1,541,1961-02-19
bank_3,1,542,1980-08-15
bank_3,1,543,1946-04-11
bank_3,1,544,1953-09-21
bank_3,1,545,1946-04-03
bank_3,1,546,2001-11-19
bank_3,1,547,1944-03-03
bank_3,1,548,1993-06-05
bank_3,1,549,1977-09-11
bank_3,1,550,2001-05-16
bank_3,1,551,1954-11-11
bank_3,1,552,1956-11-10
bank_3,1,553,1953-02-02
bank_3,1,554,1964-10-18
bank_3,1,555,2002-03-31
bank_3,1,556,1946-08-21
bank_3,1,557,1979-02-07
bank_3,1,558,1968-03-10
bank_3,1,559,1952-03-03
bank_3,1,560,1971-12-08
bank_3,1,561,1948-05-11
bank_3,1,562,1967-10-11
bank_3,1,563,1960-01-30
bank_3,1,564,2003-02-05
bank_3,1,565,1956-10-24
bank_3,1,566,2003-12-15
bank_3,1,567,1959-09-03
bank_3,1,568,1947-08-11
bank_3,1,569,1960-04-22
bank_3,1,570,1965-01-01
bank_3,1,571,1970-10-29
bank_3,1,572,2003-03-21
bank_3,1,573,1967-01-26
bank_3,1,574,2003-12-05
bank_3,1,575,1983-01-13
bank_3,1,576,1952-02-13
bank_3,1,577,1984-11-11
bank_3,1,578,1942-07-19
bank_3,1,579,1981-09-25
bank_3,1,580,1979-02-07
bank_3,1,581,1944-03-31
bank_3,1,582,1999-03-03
bank_3,1,583,1978-01-16
bank_3,1,584,1975-12-12
bank_3,1,585,2003-11-17
bank_3,1,586,1998-11-28
bank_3,1,587,1947-10-18
bank_3,1,588,1995-04-09
bank_3,1,589,1990-10-27
bank_3,1,590,1963-09-19
bank_3,1,591,1994-06-26
bank_3,1,592,1993-01-10
bank_3,1,593,1978-09-06
bank_3,1,594,1967-05-02
bank_3,1,595,1960-03-23
bank_3,1,596,1984-11-18
bank_3,1,597,1950-04-03
bank_3,1,598,1945-04-03
bank_3,1,599,1994-09-25
bank_3,1,600,1982-03-21
bank_3,1,601,1989-02-12
bank_3,1,602,1963-02-12
bank_3,1,603,1975-08-27
bank_3,1,604,1956-08-06
bank_3,1,605,1986-11-10
bank_3,1,606,1946-10-07
bank_3,1,607,1980-12-08
bank_3,1,608,1983-09-16
bank_3,1,609,1991-03-01
bank_3,1,610,1958-05-11
bank_3,1,611,1950-11-08
bank_3,1,612,1943-03-31
bank_3,1,613,1973-02-04
bank_3,1,614,2001-03-31
bank_3,1,615,1986-07-09
bank_3,1,616,1942-03-13
bank_3,1,617,1948-03-06
bank_3,1,618,1959-12-26
bank_3,1,619,1993-06-29
bank_3,1,620,2003-05-06
bank_3,1,621,1944-06-03
bank_3,1,622,1998-08-31
bank_3,1,623,1996-10-31
bank_3,1,624,1984-01-09
bank_3,1,625,1993-08-28
bank_3,1,626,1942-12-14
bank_3,1,627,1948-10-30
bank_3,1,628,1949-11-26
bank_3,1,629,1944-06-29
bank_3,1,630,1992-07-31
bank_3,1,631,1981-02-02
bank_3,1,632,1949-08-10
bank_3,1,633,2000-01-18
bank_3,1,634,1984-10-11
bank_3,1,635,1947-12-06
bank_3,1,636,1980-02-11
bank_3,1,637,1981-06-01
bank_3,1,638,1971-10-27
bank_3,1,639,2001-02-05
bank_3,1,640,1962-01-22
bank_3,1,641,1947-05-27
bank_3,1,642,1983-10-16
bank_3,1,643,1978-02-08
bank_3,1,644,1964-08-12
bank_3,1,645,1955-07-17
bank_3,1,646,1950-04-15
bank_3,1,647,1974-10-31
bank_3,1,648,1975-09-30
bank_3,1,649,2002-01-07
bank_3,1,650,1985-12-27
bank_3,1,651,1991-09-01
bank_3,1,652,1958-07-12
bank_3,1,653,1942-12-10
bank_3,1,654,1990-01-23
bank_3,1,655,1965-11-03
bank_3,1,656,1995-07-25
bank_3,1,657,1993-05-11
bank_3,1,658,1942-02-08
bank_3,1,659,1961-01-30
bank_3,1,660,1942-07-11
bank_3,1,661,1953-03-26
bank_3,1,662,1951-09-17
bank_3,1,663,1948-02-07
bank_3,1,664,1978-11-15
bank_3,1,665,1982-06-14
bank_3,1,666,1968-05-19
bank_3,1,667,1978-04-11
bank_3,1,668,1984-07-10
bank_3,1,669,1962-01-08
bank_3,1,670,1948-12-19
bank_3,1,671,1996-12-30
bank_3,1,672,1992-06-28
bank_3,1,673,1945-05-20
bank_3,1,674,1969-03-17
bank_3,1,675,1990-06-27
bank_3,1,676,1963-03-26
bank_3,1,677,1998-02-24
bank_3,1,678,1991-05-10
bank_3,1,679,1944-07-28
bank_3,1,680,1953-10-17
bank_3,1,681,1961-06-19
bank_3,1,682,1954-03-21
bank_3,1,683,1960-04-16
bank_3,1,684,1954-09-23
bank_3,1,685,1956-11-19
bank_3,1,686,1984-02-23
bank_3,1,687,1976-10-22
bank_3,1,688,1998-05-31
bank_3,1,689,1974-11-25
bank_3,1,690,1995-02-22
bank_3,1,691,1987-12-31
bank_3,1,692,1955-10-11
bank_3,1,693,1961-06-14
bank_3,1,694,1969-04-15
bank_3,1,695,1987-10-21
bank_3,1,696,1956-11-06
bank_3,1,697,1967-11-13
bank_3,1,698,1964-04-30
bank_3,1,699,1960-09-06
bank_3,1,700,1959-04-13
bank_3,1,701,1962-06-04
bank_3,1,702,1989-07-31
bank_3,1,703,2000-05-01
bank_3,1,704,1956-05-17
bank_3,1,705,1947-09-16
bank_3,1,706,1976-06-19
bank_3,1,707,1972-04-23
bank_3,1,708,1960-05-15
bank_3,1,709,1950-05-22
bank_3,1,710,1977-02-21
bank_3,1,711,1971-04-14
bank_3,1,712,1977-06-26
bank_3,1,713,1950-01-09
bank_3,1,714,1945-02-04
bank_3,1,715,1979-09-07
bank_3,1,716,2003-07-10
bank_3,1,717,1984-09-29
bank_3,1,718,1975-07-20
bank_3,1,719,1989-08-23
bank_3,1,720,1947-04-06
bank_3,1,721,1945-10-23
bank_3,1,722,1955-10-07
bank_3,1,723,1971-04-15
bank_3,1,724,1985-09-15
bank_3,1,725,1997-11-08
bank_3,1,726,1987-10-15
bank_3,1,727,1945-05-07
bank_3,1,728,1989-01-14
bank_3,1,729,1963-02-12
bank_3,1,730,1948-10-31
bank_3,1,731,1977-08-08
bank_3,1,732,1947-05-09
bank_3,1,733,1977-10-27
bank_3,1,734,1996-02-01
bank_3,1,735,1943-12-14
bank_3,1,736,1985-04-25
bank_3,1,737,1949-11-04
bank_3,1,738,1946-04-03
bank_3,1,739,1950-12-15
bank_3,1,740,1998-09-24
bank_3,1,741,1948-12-15
bank_3,1,742,1949-06-20
bank_3,1,743,1956-04-06
bank_3,1,744,1988-04-07
bank_3,1,745,1942-01-12
bank_3,1,746,1948-12-24
bank_3,1,747,1965-08-31
bank_3,1,748,1944-01-21
bank_3,1,749,1994-01-26
bank_3,1,750,1972-03-09
bank_3,1,751,1976-07-28
bank_3,1,752,1945-09-28
bank_3,1,753,1978-07-06
bank_3,1,754,1970-08-08
bank_3,1,755,1995-06-25
bank_3,1,756,1945-01-07
bank_3,1,757,1962-02-01
bank_3,1,758,1952-12-28
bank_3,1,759,1952-09-01
bank_3,1,760,2002-05-10
bank_3,1,761,1944-12-15
bank_3,1,762,1971-03-28
bank_3,1,763,1976-01-03
bank_3,1,764,1994-08-06
bank_3,1,765,1983-12-21
bank_3,1,766,1947-07-25
bank_3,1,767,1945-02-08
bank_3,1,768,1948-09-02
bank_3,1,769,1992-04-12
bank_3,1,770,1965-03-22
bank_3,1,771,1976-12-13
bank_3,1,772,1955-09-13
bank_3,1,773,2001-03-20
bank_3,1,774,1970-04-03
bank_3,1,775,1988-11-28
bank_3,1,776,1977-03-19
bank_3,1,777,1973-11-22
bank_3,1,778,1968-06-19
bank_3,1,779,1964-12-28
bank_3,1,780,1949-11-20
bank_3,1,781,1962-05-24
bank_3,1,782,1959-09-13
bank_3,1,783,1948-04-09
bank_3,1,784,1951-06-09
bank_3,1,785,1991-03-08
bank_3,1,786,1949-04-27
bank_3,1,787,1988-11-10
bank_3,1,788,1993-05-04
bank_3,1,789,2004-02-03
bank_3,1,790,1971-01-14
bank_3,1,791,1947-05-26
bank_3,1,792,1983-10-01
bank_3,1,793,1947-10-03
bank_3,1,794,1990-11-04
bank_3,1,795,1983-07-30
bank_3,1,796,1975-10-22
bank_3,1,797,2001-10-26
bank_3,1,798,1950-08-03
bank_3,1,799,1951-05-14
bank_3,1,800,1951-06-03
bank_3,1,801,1952-06-04
bank_3,1,802,1970-08-15
bank_3,1,803,1997-03-29
bank_3,1,804,1943-08-16
bank_3,1,805,1946-01-02
bank_3,1,806,1958-12-01
bank_3,1,807,1965-06-18
bank_3,1,808,1967-05-21
bank_3,1,809,1965-08-18
bank_3,1,810,1970-12-21
bank_3,1,811,2003-03-07
bank_3,1,812,2001-11-24
bank_3,1,813,1954-05-17
bank_3,1,814,1980-12-14
bank_3,1,815,1999-02-09
bank_3,1,816,1969-01-19
bank_3,1,817,1970-07-16
bank_3,1,818,1947-08-30
bank_3,1,819,1971-12-18
bank_3,1,820,1992-02-11
bank_3,1,821,1985-12-11
bank_3,1,822,1995-06-16
bank_3,1,823,1958-05-13
bank_3,1,824,1944-04-24
bank_3,1,825,1993-10-06
bank_3,1,826,1979-07-01
bank_3,1,827,1970-01-01
bank_3,1,828,1951-06-06
bank_3,1,829,1998-01-05
bank_3,1,830,1943-04-04
bank_3,1,831,1978-07-19
bank_3,1,832,1946-04-09
bank_3,1,833,1982-06-15
bank_3,1,834,1946-02-07
bank_3,1,835,1971-01-31
bank_3,1,836,1964-07-06
bank_3,1,837,1948-04-16
bank_3,1,838,1943-06-03
bank_3,1,839,1976-10-03
bank_3,1,840,1978-11-12
bank_3,1,841,1982-12-29
bank_3,1,842,1998-02-22
bank_3,1,843,1983-03-17
bank_3,1,844,1987-01-27
bank_3,1,845,1983-05-07
bank_3,1,846,1974-01-06
bank_3,1,847,1947-12-14
bank_3,1,848,1981-03-12
bank_3,1,849,1983-07-25
bank_3,1,850,1998-08-12
bank_3,1,851,1962-02-04
bank_3,1,852,1959-05-08
bank_3,1,853,1950-08-31
bank_3,1,854,1942-08-24
bank_3,1,855,1984-11-08
bank_3,1,856,1981-08-10
bank_3,1,857,1958-03-03
bank_3,1,858,1961-08-06
bank_3,1,859,1993-12-08
bank_3,1,860,1973-11-20
bank_3,1,861,1953-08-27
bank_3,1,862,1970-12-10
bank_3,1,863,1995-01-16
bank_3,1,864,1984-10-20
bank_3,1,865,1985-03-15
bank_3,1,866,1979-01-03
bank_3,1,867,1943-12-02
bank_3,1,868,1943-08-15
bank_3,1,869,1961-04-11
bank_3,1,870,1981-03-30
bank_3,1,871,1958-10-11
bank_3,1,872,1951-06-28
bank_3,1,873,1982-08-22
bank_3,1,874,1945-06-04
bank_3,1,875,1972-12-26
bank_3,1,876,1947-04-05
bank_3,1,877,1945-03-23
bank_3,1,878,1975-04-30
bank_3,1,879,1988-09-16
bank_3,1,880,1986-06-01
bank_3,1,881,1997-08-21
bank_3,1,882,1970-06-09
bank_3,1,883,1973-12-04
bank_3,1,884,1983-01-30
bank_3,1,885,1993-12-03
bank_3,1,886,1960-09-18
bank_3,1,887,1996-05-04
bank_3,1,888,1997-11-16
bank_3,1,889,1998-08-10
bank_3,1,890,1977-11-30
bank_3,1,891,1958-11-19
bank_3,1,892,1981-02-28
bank_3,1,893,1988-09-16
bank_3,1,894,1955-01-07
bank_3,1,895,1960-01-18
bank_3,1,896,1976-10-08
bank_3,1,897,1960-11-04
bank_3,1,898,1981-03-16
bank_3,1,899,2000-11-16
bank_3,1,900,1968-01-14
bank_3,1,901,1959-08-08
bank_3,1,902,1942-03-03
bank_3,1,903,2000-04-07
bank_3,1,904,1941-10-19
bank_3,1,905,1986-01-08
bank_3,1,906,1961-12-27
bank_3,1,907,1991-10-30
bank_3,1,908,1995-10-25
bank_3,1,909,1955-03-27
bank_3,1,910,1954-04-25
bank_3,1,911,1944-11-26
bank_3,1,912,1946-02-14
bank_3,1,913,1960-09-22
bank_3,1,914,1965-08-30
bank_3,1,915,1989-07-01
bank_3,1,916,1948-05-24
bank_3,1,917,1999-06-05
bank_3,1,918,1977-10-20
bank_3,1,919,1980-10-07
bank_3,1,920,1989-12-27
bank_3,1,921,1972-12-07
bank_3,1,922,1946-02-07
bank_3,1,923,1952-09-19
bank_3,1,924,1948-06-01
bank_3,1,925,1998-09-11
bank_3,1,926,1970-11-14
bank_3,1,927,1964-08-29
bank_3,1,928,2002-03-15
bank_3,1,929,1987-10-20
bank_3,1,930,1973-08-24
bank_3,1,931,1949-03-28
bank_3,1,932,2003-11-14
bank_3,1,933,1974-12-11
bank_3,1,934,1973-01-02
bank_3,1,935,1970-07-29
bank_3,1,936,1996-06-16
bank_3,1,937,1956-11-09
bank_3,1,938,1964-03-10
bank_3,1,939,1988-09-10
bank_3,1,940,1957-04-18
bank_3,1,941,1978-04-19
bank_3,1,942,1978-08-01
bank_3,1,943,1944-09-26
bank_3,1,944,1959-12-30
bank_3,1,945,1972-11-15
bank_3,1,946,1999-12-01
bank_3,1,947,1949-06-26
bank_3,1,948,1982-06-21
bank_3,1,949,1948-03-31
bank_3,1,950,1999-07-03
bank_3,1,951,1968-04-26
bank_3,1,952,1976-10-03
bank_3,1,953,1978-09-27
bank_3,1,954,1998-01-18
bank_3,1,955,1981-02-19
bank_3,1,956,1974-10-19
bank_3,1,957,1979-10-17
bank_3,1,958,1968-12-13
bank_3,1,959,1991-07-22
bank_3,1,960,1954-01-28
bank_3,1,961,2000-05-17
bank_3,1,962,1985-03-08
bank_3,1,963,1996-12-19
bank_3,1,964,1973-11-03
bank_3,1,965,1942-02-03
bank_3,1,966,1973-04-09
bank_3,1,967,1963-09-15
bank_3,1,968,1950-02-12
bank_3,1,969,1976-01-05
bank_3,1,970,1977-02-21
bank_3,1,971,1996-12-08
bank_3,1,972,1953-01-21
bank_3,1,973,1942-05-05
bank_3,1,974,1972-03-14
bank_3,1,975,1976-11-08
bank_3,1,976,1986-09-14
bank_3,1,977,1952-11-11
bank_3,1,978,1975-06-26
bank_3,1,979,1997-01-22
bank_3,1,980,1991-11-16
bank_3,1,981,1994-08-20
bank_3,1,982,1956-05-29
bank_3,1,983,1981-04-14
bank_3,1,984,1992-01-12
bank_3,1,985,1997-03-15
bank_3,1,986,1947-07-20
bank_3,1,987,1942-05-23
bank_3,1,988,1965-04-14
bank_3,1,989,1977-06-01
bank_3,1,990,1944-03-17
bank_3,1,991,1992-09-10
bank_3,1,992,1948-09-06
bank_3,1,993,1988-03-27
bank_3,1,994,1951-03-20
bank_3,1,995,1964-12-18
bank_3,1,996,1993-02-16
bank_3,1,997,1941-05-29
bank_3,1,998,2002-05-29
bank_3,1,999,1978-12-26
bank_3,1,1000,2002-07-08
bank_3,1,1001,1980-02-05
bank_3,1,1002,1993-06-02
bank_3,1,1003,1960-11-30
bank_3,1,1004,2004-01-05
bank_3,1,1005,1969-12-15
bank_3,1,1006,1960-04-22
bank_3,1,1007,1992-02-21
bank_3,1,1008,1973-12-07
bank_3,1,1009,1960-04-18
bank_3,1,1010,1979-06-01
bank_3,1,1011,2001-04-11
bank_3,1,1012,1990-11-26
bank_3,1,1013,1943-05-30
bank_3,1,1014,1952-10-02
bank_3,1,1015,1992-04-16
bank_3,1,1016,1964-06-12
bank_3,1,1017,1968-03-19
bank_3,1,1018,1960-05-17
bank_3,1,1019,1958-05-18
bank_3,1,1020,1963-04-30
bank_3,1,1021,1948-09-23
bank_3,1,1022,1991-09-25
bank_3,1,1023,1987-01-31
bank_3,1,1024,1963-02-09
bank_3,1,1025,1955-03-21
bank_3,1,1026,1945-03-08
bank_3,1,1027,1978-10-25
bank_3,1,1028,1986-05-20
bank_3,1,1029,2001-04-21
bank_3,1,1030,2000-02-05
bank_3,1,1031,1994-04-22
bank_3,1,1032,1954-10-04
bank_3,1,1033,1947-10-11
bank_3,1,1034,1966-07-04
bank_3,1,1035,1996-09-01
bank_3,1,1036,1965-04-18
bank_3,1,1037,1946-08-13
bank_3,1,1038,1985-03-26
bank_3,1,1039,1951-01-03
bank_3,1,1040,1958-08-11
bank_3,1,1041,1994-02-14
bank_3,1,1042,1990-05-02
bank_3,1,1043,2002-02-27
bank_3,1,1044,1954-02-12
bank_3,1,1045,1997-07-01
bank_3,1,1046,1988-01-31
bank_3,1,1047,1943-09-11
bank_3,1,1048,1980-07-16
bank_3,1,1049,1993-12-12
bank_3,1,1050,1955-07-30
bank_3,1,1051,1994-11-04
bank_3,1,1052,1956-04-09
bank_3,1,1053,1954-05-04
bank_3,1,1054,1986-08-27
bank_3,1,1055,1993-12-08
bank_3,1,1056,1984-11-26
bank_3,1,1057,1990-05-02
bank_3,1,1058,1986-11-10
bank_3,1,1059,1954-02-02
bank_3,1,1060,1963-12-18
bank_3,1,1061,1962-12-31
bank_3,1,1062,1964-09-19
bank_3,1,1063,1948-09-14
bank_3,1,1064,1951-09-23
bank_3,1,1065,1955-11-28
bank_3,1,1066,1944-12-02
bank_3,1,1067,1993-10-06
bank_3,1,1068,1999-08-22
bank_3,1,1069,1943-02-27
bank_3,1,1070,1942-11-18
bank_3,1,1071,1955-07-11
bank_3,1,1072,1951-09-11
bank_3,1,1073,1985-04-26
bank_3,1,1074,1956-05-30
bank_3,1,1075,1991-01-02
bank_3,1,1076,1958-11-29
bank_3,1,1077,1953-12-07
bank_3,1,1078,1943-10-27
bank_3,1,1079,1956-04-02
bank_3,1,1080,1960-11-04
bank_3,1,1081,1970-04-03
bank_3,1,1082,1957-03-20
bank_3,1,1083,1968-06-20
bank_3,1,1084,1952-09-15
bank_3,1,1085,1949-06-05
bank_3,1,1086,1958-05-22
bank_3,1,1087,1947-09-05
bank_3,1,1088,1974-04-21
bank_3,1,1089,1943-01-31
bank_3,1,1090,1949-04-14
bank_3,1,1091,1999-08-12
bank_3,1,1092,1992-05-11
bank_3,1,1093,1974-09-25
bank_3,1,1094,1962-11-17
bank_3,1,1095,1999-06-16
bank_3,1,1096,1951-10-20
bank_3,1,1097,1979-01-26
bank_3,1,1098,1966-10-12
bank_3,1,1099,1960-09-24
bank_3,1,1100,1956-02-27
bank_3,1,1101,1942-11-23
bank_3,1,1102,1977-07-30
bank_3,1,1103,1996-10-24
bank_3,1,1104,1977-02-28
bank_3,1,1105,1964-03-31
bank_3,1,1106,1949-07-04
bank_3,1,1107,1964-09-16
bank_3,1,1108,1948-11-22
bank_3,1,1109,2002-11-01
bank_3,1,1110,1973-06-07
bank_3,1,1111,1980-10-07
bank_3,1,1112,2002-12-17
bank_3,1,1113,1961-09-01
bank_3,1,1114,1972-09-17
bank_3,1,1115,1994-11-28
bank_3,1,1116,1959-02-20
bank_3,1,1117,1969-01-04
bank_3,1,1118,1981-01-11
bank_3,1,1119,1968-11-19
bank_3,1,1120,1985-07-03
bank_3,1,1121,1997-01-24
bank_3,1,1122,1982-12-02
bank_3,1,1123,1955-12-06
bank_3,1,1124,1984-06-22
bank_3,1,1125,1963-01-10
bank_3,1,1126,1999-06-20
bank_3,1,1127,1992-11-30
bank_3,1,1128,1968-10-07
bank_3,1,1129,1982-04-26
bank_3,1,1130,1942-08-24
bank_3,1,1131,1963-02-15
bank_3,1,1132,1968-10-28
bank_3,1,1133,1997-07-26
bank_3,1,1134,1958-08-26
bank_3,1,1135,2001-02-08
bank_3,1,1136,1943-10-19
bank_3,1,1137,1949-10-05
bank_3,1,1138,1950-03-21
bank_3,1,1139,1992-01-19
bank_3,1,1140,1957-12-19
bank_3,1,1141,1956-09-24
bank_3,1,1142,1976-09-27
bank_3,1,1143,1975-02-27
bank_3,1,1144,1978-04-05
bank_3,1,1145,1999-11-05
bank_3,1,1146,1985-07-05
bank_3,1,1147,1970-02-19
bank_3,1,1148,1956-01-14
bank_3,1,1149,1970-04-03
bank_3,1,1150,1995-11-30
bank_3,1,1151,2004-03-11
bank_3,1,1152,1971-03-16
bank_3,1,1153,2002-08-30
bank_3,1,1154,1984-11-02
bank_3,1,1155,1982-11-12
bank_3,1,1156,1969-12-19
bank_3,1,1157,1973-06-30
bank_3,1,1158,1968-02-01
bank_3,1,1159,1960-10-15
bank_3,1,1160,1981-12-06
bank_3,1,1161,1959-06-09
bank_3,1,1162,1958-09-20
bank_3,1,1163,1990-11-04
bank_3,1,1164,1971-07-10
bank_3,1,1165,1955-02-27
bank_3,1,1166,1943-05-25
bank_3,1,1167,1967-08-06
bank_3,1,1168,1993-08-30
bank_3,1,1169,1970-06-01
bank_3,1,1170,1969-04-02
bank_3,1,1171,1992-08-17
bank_3,1,1172,1984-10-19
bank_3,1,1173,2002-10-11
bank_3,1,1174,1995-01-14
bank_3,1,1175,1955-12-17
bank_3,1,1176,1994-12-15
bank_3,1,1177,1966-05-30
bank_3,1,1178,1978-01-22
bank_3,1,1179,1973-07-16
bank_3,1,1180,1982-02-11
bank_3,1,1181,1942-03-29
bank_3,1,1182,1986-11-24
bank_3,1,1183,1998-01-06
bank_3,1,1184,1989-12-24
bank_3,1,1185,1993-05-05
bank_3,1,1186,1978-03-19
bank_3,1,1187,1996-07-21
bank_3,1,1188,1992-07-19
bank_3,1,1189,1953-09-14
bank_3,1,1190,1948-03-04
bank_3,1,1191,1970-11-15
bank_3,1,1192,1942-03-13
bank_3,1,1193,1989-01-05
bank_3,1,1194,1944-05-02
bank_3,1,1195,1949-05-22
bank_3,1,1196,1970-11-02
bank_3,1,1197,1994-12-27
bank_3,1,1198,1969-12-16
bank_3,1,1199,1969-02-20
bank_3,1,1200,1995-08-19
bank_3,1,1201,1994-11-30
bank_3,1,1202,2000-09-14
bank_3,1,1203,1947-11-12
bank_3,1,1204,1956-04-09
bank_3,1,1205,1973-01-09
bank_3,1,1206,1949-09-12
bank_3,1,1207,1979-06-22
bank_3,1,1208,2001-02-07
bank_3,1,1209,1990-03-11
bank_3,1,1210,1961-12-19
bank_3,1,1211,1952-01-08
bank_3,1,1212,1993-09-28
bank_3,1,1213,1983-02-15
bank_3,1,1214,1973-02-05
bank_3,1,1215,2003-08-02
bank_3,1,1216,1958-04-28
bank_3,1,1217,1976-07-29
bank_3,1,1218,1980-09-07
bank_3,1,1219,1963-03-03
bank_3,1,1220,1947-01-10
bank_3,1,1221,1966-06-23
bank_3,1,1222,1969-06-11
bank_3,1,1223,1991-12-18
bank_3,1,1224,1941-11-10
bank_3,1,1225,1958-06-17
bank_3,1,1226,1973-09-08
bank_3,1,1227,1986-09-21
bank_3,1,1228,1954-03-29
bank_3,1,1229,2002-06-05
bank_3,1,1230,1988-06-02
bank_3,1,1231,1951-11-11
bank_3,1,1232,1959-03-07
bank_3,1,1233,1982-11-07
bank_3,1,1234,1976-11-17
bank_3,1,1235,1945-10-05
bank_3,1,1236,1988-12-17
bank_3,1,1237,1955-10-13
bank_3,1,1238,1992-05-21
bank_3,1,1239,1945-09-05
bank_3,1,1240,1941-07-25
bank_3,1,1241,1946-07-16
bank_3,1,1242,1966-04-06
bank_3,1,1243,1970-02-23
bank_3,1,1244,1957-07-18
bank_3,1,1245,1988-04-28
bank_3,1,1246,2002-09-02
bank_3,1,1247,1951-11-13
bank_3,1,1248,1962-03-02
bank_3,1,1249,1962-01-16
bank_3,1,1250,1943-09-22
bank_3,1,1251,1957-07-16
bank_3,1,1252,1977-04-14
bank_3,1,1253,1965-04-14
bank_3,1,1254,2001-05-27
bank_3,1,1255,1987-12-19
bank_3,1,1256,1995-01-23
bank_3,1,1257,1981-05-08
bank_3,1,1258,1960-07-23
bank_3,1,1259,1944-07-01
bank_3,1,1260,1978-05-10
bank_3,1,1261,1962-05-10
bank_3,1,1262,1967-02-03
bank_3,1,1263,1959-01-24
bank_3,1,1264,1949-09-15
bank_3,1,1265,1983-11-28
bank_3,1,1266,1948-02-16
bank_3,1,1267,1953-12-23
bank_3,1,1268,1949-09-23
bank_3,1,1269,1942-07-02
bank_3,1,1270,1954-12-07
bank_3,1,1271,1978-09-03
bank_3,1,1272,1967-11-08
bank_3,1,1273,1968-02-06
bank_3,1,1274,1981-12-27
bank_3,1,1275,1973-10-02
bank_3,1,1276,1951-03-13
bank_3,1,1277,1982-06-19
bank_3,1,1278,1957-02-25
bank_3,1,1279,1942-04-22
bank_3,1,1280,1985-12-19
bank_3,1,1281,1944-01-26
bank_3,1,1282,1955-05-23
bank_3,1,1283,1970-01-06
bank_3,1,1284,1984-04-02
bank_3,1,1285,1944-03-07
bank_3,1,1286,1979-02-15
bank_3,1,1287,1949-05-25
bank_3,1,1288,1963-05-21
bank_3,1,1289,1977-05-04
bank_3,1,1290,1975-04-09
bank_3,1,1291,1969-01-26
bank_3,1,1292,1951-01-25
bank_3,1,1293,1982-05-16
bank_3,1,1294,1958-05-02
bank_3,1,1295,1963-04-11
bank_3,1,1296,1953-05-03
bank_3,1,1297,1943-01-28
bank_3,1,1298,1968-02-07
bank_3,1,1299,1968-03-15
bank_3,1,1300,1987-05-15
bank_3,1,1301,1963-10-27
bank_3,1,1302,1992-01-02
bank_3,1,1303,1980-07-07
bank_3,1,1304,1970-03-19
bank_3,1,1305,1962-07-03
bank_3,1,1306,1987-01-26
bank_3,1,1307,1966-05-18
bank_3,1,1308,1978-07-30
bank_3,1,1309,1956-01-29
bank_3,1,1310,1957-11-11
bank_3,1,1311,1945-02-15
bank_3,1,1312,1967-12-23
bank_3,1,1313,1965-02-10
bank_3,1,1314,1980-10-16
bank_3,1,1315,1975-07-07
bank_3,1,1316,1968-08-04
bank_3,1,1317,1979-04-14
bank_3,1,1318,1972-06-11
bank_3,1,1319,2002-05-16
bank_3,1,1320,1949-09-17
bank_3,1,1321,1961-12-14
bank_3,1,1322,1988-09-05
bank_3,1,1323,1965-01-15
bank_3,1,1324,1967-10-15
bank_3,1,1325,1999-09-30
bank_3,1,1326,1988-11-01
bank_3,1,1327,1996-03-16
bank_3,1,1328,1969-08-02
bank_3,1,1329,1949-09-15
bank_3,1,1330,1972-12-24
bank_3,1,1331,1950-12-11
bank_3,1,1332,1990-11-20
bank_3,1,1333,1999-05-30
bank_3,1,1334,2003-08-29
bank_3,1,1335,1998-10-19
bank_3,1,1336,2002-12-02
bank_3,1,1337,1963-09-21
bank_3,1,1338,1942-05-07
bank_3,1,1339,2002-09-21
bank_3,1,1340,2000-04-18
bank_3,1,1341,1974-05-30
bank_3,1,1342,1973-01-02
bank_3,1,1343,1962-12-21
bank_3,1,1344,1961-10-12
bank_3,1,1345,1969-02-05
bank_3,1,1346,1942-03-09
bank_3,1,1347,1946-09-20
bank_3,1,1348,1944-09-06
bank_3,1,1349,2002-07-18
bank_3,1,1350,1947-09-30
bank_3,1,1351,1981-02-15
bank_3,1,1352,1958-03-18
bank_3,1,1353,1982-08-17
bank_3,1,1354,1949-11-08
bank_3,1,1355,1975-03-03
bank_3,1,1356,1988-01-30
bank_3,1,1357,1997-01-31
bank_3,1,1358,1994-07-08
bank_3,1,1359,1972-03-04
bank_3,1,1360,2002-03-14
bank_3,1,1361,1977-05-07
bank_3,1,1362,1956-05-11
bank_3,1,1363,1983-02-11
bank_3,1,1364,2002-10-25
bank_3,1,1365,1993-04-21
bank_3,1,1366,1964-12-05
bank_3,1,1367,1941-09-21
bank_3,1,1368,1961-04-21
bank_3,1,1369,1943-04-23
bank_3,1,1370,1957-07-18
bank_3,1,1371,1980-06-01
bank_3,1,1372,1995-09-07
bank_3,1,1373,1961-02-06
bank_3,1,1374,2001-02-06
bank_3,1,1375,2000-01-09
bank_3,1,1376,1984-06-04
bank_3,1,1377,1942-06-07
bank_3,1,1378,1973-07-18
bank_3,1,1379,1973-01-26
bank_3,1,1380,1949-08-19
bank_3,1,1381,1969-01-28
bank_3,1,1382,1972-02-04
bank_3,1,1383,1966-08-29
bank_3,1,1384,1954-02-06
bank_3,1,1385,1981-02-01
bank_3,1,1386,1970-03-24
bank_3,1,1387,1961-07-28
bank_3,1,1388,1982-01-20
bank_3,1,1389,1947-05-19
bank_3,1,1390,1983-04-13
bank_3,1,1391,1974-01-19
bank_3,1,1392,1958-01-17
bank_3,1,1393,1953-07-20
bank_3,1,1394,1958-07-08
bank_3,1,1395,1952-03-18
bank_3,1,1396,1958-07-23
bank_3,1,1397,1968-05-05
bank_3,1,1398,1994-08-23
bank_3,1,1399,1982-09-11
bank_3,1,1400,1965-11-27
bank_3,1,1401,1957-09-09
bank_3,1,1402,1966-04-29
bank_3,1,1403,1965-05-24
bank_3,1,1404,1982-09-12
bank_3,1,1405,1990-11-17
bank_3,1,1406,1985-12-23
bank_3,1,1407,1943-02-07
bank_3,1,1408,2002-02-07
bank_3,1,1409,1947-04-09
bank_3,1,1410,1961-10-27
bank_3,1,1411,1962-06-19
bank_3,1,1412,1944-08-04
bank_3,1,1413,1997-05-11
bank_3,1,1414,1974-10-17
bank_3,1,1415,1971-01-29
bank_3,1,1416,1989-10-28
bank_3,1,1417,1982-04-20
bank_3,1,1418,1983-01-28
bank_3,1,1419,1998-03-02
bank_3,1,1420,1965-09-23
bank_3,1,1421,1982-08-24
bank_3,1,1422,1945-11-16
bank_3,1,1423,1997-09-16
bank_3,1,1424,2001-12-15
bank_3,1,1425,1987-08-20
bank_3,1,1426,2002-01-10
bank_3,1,1427,1968-06-10
bank_3,1,1428,1963-11-29
bank_3,1,1429,1996-01-01
bank_3,1,1430,2004-02-21
bank_3,1,1431,2000-05-18
bank_3,1,1432,1953-02-06
bank_3,1,1433,1950-03-27
bank_3,1,1434,1969-12-11
bank_3,1,1435,1972-03-16
bank_3,1,1436,1991-05-15
bank_3,1,1437,1978-10-25
bank_3,1,1438,2003-10-11
bank_3,1,1439,1977-06-29
bank_3,1,1440,1958-04-16
bank_3,1,1441,1997-10-15
bank_3,1,1442,1961-10-16
bank_3,1,1443,1983-06-19
bank_3,1,1444,2003-06-03
bank_3,1,1445,1992-03-31
bank_3,1,1446,1993-08-06
bank_3,1,1447,1985-02-06
bank_3,1,1448,1971-02-07
bank_3,1,1449,1966-06-15
bank_3,1,1450,1952-11-15
bank_3,1,1451,2004-02-27
bank_3,1,1452,1966-10-07
bank_3,1,1453,1941-04-17
bank_3,1,1454,2003-01-27
bank_3,1,1455,1983-12-08
bank_3,1,1456,1970-09-23
bank_3,1,1457,1964-09-01
bank_3,1,1458,1957-11-27
bank_3,1,1459,2002-09-15
bank_3,1,1460,1956-02-16
bank_3,1,1461,2000-07-09
bank_3,1,1462,1963-06-15
bank_3,1,1463,1996-11-30
bank_3,1,1464,1963-01-24
bank_3,1,1465,1976-02-07
bank_3,1,1466,1966-12-22
bank_3,1,1467,1956-03-22
bank_3,1,1468,1973-11-14
bank_3,1,1469,1941-04-21
bank_3,1,1470,1944-01-05
bank_3,1,1471,1995-11-26
bank_3,1,1472,1983-07-12
bank_3,1,1473,1949-01-11
bank_3,1,1474,1948-10-11
bank_3,1,1475,1999-09-14
bank_3,1,1476,1967-12-15
bank_3,1,1477,1972-02-15
bank_3,1,1478,1963-11-07
bank_3,1,1479,1993-03-05
bank_3,1,1480,1966-07-14
bank_3,1,1481,1984-05-04
bank_3,1,1482,1985-06-28
bank_3,1,1483,2002-11-05
bank_3,1,1484,1954-03-19
bank_3,1,1485,1947-07-31
bank_3,1,1486,1965-10-03
bank_3,1,1487,1953-02-03
bank_3,1,1488,1958-04-21
bank_3,1,1489,1986-03-03
bank_3,1,1490,2002-12-10
bank_3,1,1491,1962-01-23
bank_3,1,1492,1994-06-29
bank_3,1,1493,1966-09-07
bank_3,1,1494,1951-07-15
bank_3,1,1495,1997-06-11
bank_3,1,1496,1950-06-23
bank_3,1,1497,1941-07-12
bank_3,1,1498,1960-02-18
bank_3,1,1499,1948-12-30
bank_3,1,1500,1976-11-02
bank_3,1,1501,1973-08-23
bank_3,1,1502,2001-05-28
bank_3,1,1503,1985-03-07
bank_3,1,1504,1958-03-30
bank_3,1,1505,1942-01-02
bank_3,1,1506,1957-10-27
bank_3,1,1507,1944-03-05
bank_3,1,1508,1947-08-26
bank_3,1,1509,1993-04-22
bank_3,1,1510,1996-05-26
bank_3,1,1511,1977-04-08
bank_3,1,1512,1976-03-19
bank_3,1,1513,1971-02-07
bank_3,1,1514,1964-09-11
bank_3,1,1515,2000-11-13
bank_3,1,1516,1980-06-12
bank_3,1,1517,1999-12-08
bank_3,1,1518,1962-11-17
bank_3,1,1519,1944-03-30
bank_3,1,1520,1947-01-24
bank_3,1,1521,1957-07-19
bank_3,1,1522,1969-06-25
bank_3,1,1523,1998-10-13
bank_3,1,1524,1962-12-30
bank_3,1,1525,1956-01-28
bank_3,1,1526,1987-07-15
bank_3,1,1527,1976-05-09
bank_3,1,1528,1990-10-05
bank_3,1,1529,1999-02-13
bank_3,1,1530,1974-09-17
bank_3,1,1531,1951-11-16
bank_3,1,1532,1961-09-04
bank_3,1,1533,2003-05-30
bank_3,1,1534,2003-12-20
bank_3,1,1535,1977-11-04
bank_3,1,1536,1962-12-06
bank_3,1,1537,1959-11-13
bank_3,1,1538,1978-03-23
bank_3,1,1539,1951-11-16
bank_3,1,1540,1956-09-21
bank_3,1,1541,1947-01-13
bank_3,1,1542,1965-03-01
bank_3,1,1543,2000-05-21
bank_3,1,1544,1975-01-15
bank_3,1,1545,1967-05-09
bank_3,1,1546,1947-04-19
bank_3,1,1547,1953-12-09
bank_3,1,1548,1989-05-29
bank_3,1,1549,1959-07-15
bank_3,1,1550,1990-04-05
bank_3,1,1551,1968-12-08
bank_3,1,1552,2001-02-14
bank_3,1,1553,1985-11-12
bank_3,1,1554,1943-04-02
bank_3,1,1555,2004-01-07
bank_3,1,1556,1992-11-05
bank_3,1,1557,1987-03-15
bank_3,1,1558,1962-01-23
bank_3,1,1559,1950-02-27
bank_3,1,1560,1970-06-10
bank_3,1,1561,1975-07-25
bank_3,1,1562,2000-04-06
bank_3,1,1563,1960-04-22
bank_3,1,1564,1957-03-05
bank_3,1,1565,1976-03-02
bank_3,1,1566,1953-03-12
bank_3,1,1567,1955-01-23
bank_3,1,1568,1972-08-09
bank_3,1,1569,2002-11-28
bank_3,1,1570,1989-01-29
bank_3,1,1571,1964-12-12
bank_3,1,1572,1976-11-28
bank_3,1,1573,1991-03-28
bank_3,1,1574,1987-02-19
bank_3,1,1575,1965-05-17
bank_3,1,1576,1947-10-16
bank_3,1,1577,1967-01-15
bank_3,1,1578,1985-03-30
bank_3,1,1579,1955-04-10
bank_3,1,1580,1968-06-12
bank_3,1,1581,1981-08-26
bank_3,1,1582,1991-08-19
bank_3,1,1583,1982-04-13
bank_3,1,1584,1970-09-26
bank_3,1,1585,1968-07-12
bank_3,1,1586,1984-04-08
bank_3,1,1587,1987-08-05
bank_3,1,1588,1964-11-22
bank_3,1,1589,1977-07-01
bank_3,1,1590,1982-01-04
bank_3,1,1591,1967-03-04
bank_3,1,1592,1943-09-03
bank_3,1,1593,1945-03-05
bank_3,1,1594,1999-03-11
bank_3,1,1595,1998-11-26
bank_3,1,1596,1983-10-21
bank_3,1,1597,1975-09-09
bank_3,1,1598,1974-08-11
bank_3,1,1599,1981-03-07
bank_3,1,1600,1967-10-13
bank_3,1,1601,2002-11-28
bank_3,1,1602,1944-02-07
bank_3,1,1603,1945-02-02
bank_3,1,1604,1963-03-30
bank_3,1,1605,1993-03-18
bank_3,1,1606,1987-06-20
bank_3,1,1607,1953-01-13
bank_3,1,1608,1947-05-21
bank_3,1,1609,1961-11-28
bank_3,1,1610,1967-05-31
bank_3,1,1611,2001-08-28
bank_3,1,1612,2003-12-31
bank_3,1,1613,2001-03-23
bank_3,1,1614,1975-12-09
bank_3,1,1615,1962-03-03
bank_3,1,1616,1959-03-17
bank_3,1,1617,1988-01-28
bank_3,1,1618,1971-10-17
bank_3,1,1619,1964-12-28
bank_3,1,1620,2004-02-15
bank_3,1,1621,1973-07-09
bank_3,1,1622,1974-07-09
bank_3,1,1623,1960-11-03
bank_3,1,1624,1975-11-16
bank_3,1,1625,1988-12-12
bank_3,1,1626,1987-08-28
bank_3,1,1627,1964-01-09
bank_3,1,1628,1948-08-01
bank_3,1,1629,1997-11-10
bank_3,1,1630,1953-09-27
bank_3,1,1631,1976-10-05
bank_3,1,1632,1947-07-26
bank_3,1,1633,1977-08-08
bank_3,1,1634,1944-07-14
bank_3,1,1635,1990-09-25
bank_3,1,1636,1997-09-24
bank_3,1,1637,1947-05-11
bank_3,1,1638,1958-06-01
bank_3,1,1639,1944-06-19
bank_3,1,1640,1961-09-17
bank_3,1,1641,1965-05-30
bank_3,1,1642,1984-08-30
bank_3,1,1643,1969-02-25
bank_3,1,1644,1957-01-10
bank_3,1,1645,1993-08-02
bank_3,1,1646,1959-07-31
bank_3,1,1647,1970-03-30
bank_3,1,1648,1945-02-04
bank_3,1,1649,1953-10-10
bank_3,1,1650,1979-06-11
bank_3,1,1651,1986-03-21
bank_3,1,1652,1943-07-31
bank_3,1,1653,1955-02-25
bank_3,1,1654,1976-09-22
bank_3,1,1655,1994-05-01
bank_3,1,1656,1988-01-23
bank_3,1,1657,1947-04-11
bank_3,1,1658,1952-03-14
bank_3,1,1659,1963-01-11
bank_3,1,1660,1958-04-13
bank_3,1,1661,1962-11-09
bank_3,1,1662,1946-06-17
bank_3,1,1663,1981-04-13
bank_3,1,1664,1961-06-04
bank_3,1,1665,1942-10-08
bank_3,1,1666,1964-03-30
bank_3,1,1667,1999-03-10
bank_3,1,1668,1990-09-11
bank_3,1,1669,1984-01-09
bank_3,1,1670,1954-08-06
bank_3,1,1671,1946-01-31
bank_3,1,1672,1942-11-21
bank_3,1,1673,1980-07-21
bank_3,1,1674,1966-10-31
bank_3,1,1675,2002-03-30
bank_3,1,1676,1989-05-28
bank_3,1,1677,1992-12-03
bank_3,1,1678,1971-12-29
bank_3,1,1679,1970-09-29
bank_3,1,1680,1994-02-26
bank_3,1,1681,1951-01-24
bank_3,1,1682,1991-01-10
bank_3,1,1683,1982-11-13
bank_3,1,1684,1992-06-19
bank_3,1,1685,1963-08-05
bank_3,1,1686,1974-03-10
bank_3,1,1687,2002-07-05
bank_3,1,1688,1989-02-05
bank_3,1,1689,1953-01-06
bank_3,1,1690,1963-09-22
bank_3,1,1691,1960-03-10
bank_3,1,1692,1968-06-01
bank_3,1,1693,2000-04-06
bank_3,1,1694,1942-08-09
bank_3,1,1695,1983-09-09
bank_3,1,1696,1975-09-17
bank_3,1,1697,2000-10-29
bank_3,1,1698,1944-09-20
bank_3,1,1699,1988-05-10
bank_3,1,1700,1972-07-23
bank_3,1,1701,1987-03-29
bank_3,1,1702,1972-03-14
bank_3,1,1703,1972-09-11
bank_3,1,1704,2001-04-08
bank_3,1,1705,1964-06-09
bank_3,1,1706,1982-06-11
bank_3,1,1707,1983-08-25
bank_3,1,1708,1980-11-15
bank_3,1,1709,1972-01-11
bank_3,1,1710,1959-12-01
bank_3,1,1711,1955-07-12
bank_3,1,1712,1972-06-17
bank_3,1,1713,1979-12-15
bank_3,1,1714,1974-11-10
bank_3,1,1715,1969-10-10
bank_3,1,1716,1991-10-10
bank_3,1,1717,1943-01-29
bank_3,1,1718,1966-01-13
bank_3,1,1719,1946-03-03
bank_3,1,1720,1989-04-24
bank_3,1,1721,1960-08-13
bank_3,1,1722,1971-05-05
bank_3,1,1723,1994-10-28
bank_3,1,1724,1943-07-06
bank_3,1,1725,1979-07-07
bank_3,1,1726,2002-05-30
bank_3,1,1727,1969-02-19
bank_3,1,1728,1962-06-28
bank_3,1,1729,1960-04-18
bank_3,1,1730,1971-07-27
bank_3,1,1731,1960-07-20
bank_3,1,1732,1974-10-13
bank_3,1,1733,1959-12-21
bank_3,1,1734,1960-12-19
bank_3,1,1735,1946-09-22
bank_3,1,1736,1955-03-21
bank_3,1,1737,1990-08-03
bank_3,1,1738,1989-06-25
bank_3,1,1739,1968-04-24
bank_3,1,1740,1948-05-13
bank_3,1,1741,1978-09-21
bank_3,1,1742,1977-09-01
bank_3,1,1743,1989-01-21
bank_3,1,1744,1990-06-17
bank_3,1,1745,1983-03-08
bank_3,1,1746,1976-03-15
bank_3,1,1747,1945-12-18
bank_3,1,1748,1988-03-18
bank_3,1,1749,1972-01-10
bank_3,1,1750,1999-06-23
bank_3,1,1751,1983-05-13
bank_3,1,1752,1995-01-22
bank_3,1,1753,1996-07-13
bank_3,1,1754,1946-02-28
bank_3,1,1755,1974-11-16
bank_3,1,1756,1962-05-11
bank_3,1,1757,1988-10-26
bank_3,1,1758,1972-01-24
bank_3,1,1759,1964-06-08
bank_3,1,1760,1997-06-18
bank_3,1,1761,1952-09-15
bank_3,1,1762,1942-08-06
bank_3,1,1763,1945-08-14
bank_3,1,1764,2001-03-14
bank_3,1,1765,1970-06-01
bank_3,1,1766,1941-10-08
bank_3,1,1767,1966-09-13
bank_3,1,1768,1969-09-24
bank_3,1,1769,1992-06-17
bank_3,1,1770,1995-11-22
bank_3,1,1771,1992-07-27
bank_3,1,1772,1995-02-23
bank_3,1,1773,1997-01-05
bank_3,1,1774,1979-07-21
bank_3,1,1775,1985-01-23
bank_3,1,1776,1961-04-03
bank_3,1,1777,1947-01-06
bank_3,1,1778,1977-03-24
bank_3,1,1779,1984-03-01
bank_3,1,1780,1976-12-15
bank_3,1,1781,1958-10-04
bank_3,1,1782,1953-08-27
bank_3,1,1783,1963-03-01
bank_3,1,1784,2000-05-15
bank_3,1,1785,1967-02-15
bank_3,1,1786,1952-02-26
bank_3,1,1787,1987-05-03
bank_3,1,1788,1967-02-07
bank_3,1,1789,1988-07-21
bank_3,1,1790,1994-02-03
bank_3,1,1791,1947-01-30
bank_3,1,1792,1971-05-07
bank_3,1,1793,1957-02-08
bank_3,1,1794,1986-05-09
bank_3,1,1795,1970-02-22
bank_3,1,1796,1947-02-04
bank_3,1,1797,1988-06-10
bank_3,1,1798,1985-10-20
bank_3,1,1799,1979-12-03
bank_3,1,1800,1995-06-02
bank_3,1,1801,1946-12-07
bank_3,1,1802,1946-11-19
bank_3,1,1803,1950-03-21
bank_3,1,1804,1982-10-02
bank_3,1,1805,1955-07-03
bank_3,1,1806,1973-05-07
bank_3,1,1807,1964-05-22
bank_3,1,1808,1994-06-10
bank_3,1,1809,1999-07-21
bank_3,1,1810,1975-10-17
bank_3,1,1811,1972-06-01
bank_3,1,1812,1994-03-14
bank_3,1,1813,1941-07-13
bank_3,1,1814,1970-10-17
bank_3,1,1815,1986-07-16
bank_3,1,1816,1971-04-02
bank_3,1,1817,1967-04-21
bank_3,1,1818,2000-10-01
bank_3,1,1819,1987-08-26
bank_3,1,1820,1973-09-06
bank_3,1,1821,1974-04-28
bank_3,1,1822,1965-01-28
bank_3,1,1823,1998-11-15
bank_3,1,1824,1958-08-12
bank_3,1,1825,1983-05-21
bank_3,1,1826,1963-04-28
bank_3,1,1827,1983-03-21
bank_3,1,1828,1981-09-22
bank_3,1,1829,1947-08-22
bank_3,1,1830,1973-02-12
bank_3,1,1831,2001-05-13
bank_3,1,1832,1952-05-04
bank_3,1,1833,1943-12-12
bank_3,1,1834,1984-11-24
bank_3,1,1835,1967-05-19
bank_3,1,1836,1979-09-18
bank_3,1,1837,1958-03-08
bank_3,1,1838,1956-08-02
bank_3,1,1839,1967-06-22
bank_3,1,1840,1961-12-18
bank_3,1,1841,1982-08-22
bank_3,1,1842,1941-08-18
bank_3,1,1843,1967-01-31
bank_3,1,1844,1950-04-12
bank_3,1,1845,1972-10-08
bank_3,1,1846,1950-07-30
bank_3,1,1847,1987-10-18
bank_3,1,1848,1959-10-14
bank_3,1,1849,1996-04-14
bank_3,1,1850,1971-10-04
bank_3,1,1851,1953-02-23
bank_3,1,1852,1950-11-28
bank_3,1,1853,1983-08-14
bank_3,1,1854,1977-01-07
bank_3,1,1855,1965-08-26
bank_3,1,1856,1949-04-24
bank_3,1,1857,1958-01-01
bank_3,1,1858,1948-03-22
bank_3,1,1859,1988-05-03
bank_3,1,1860,2003-10-08
bank_3,1,1861,1950-09-01
bank_3,1,1862,1952-02-12
bank_3,1,1863,1942-09-20
bank_3,1,1864,1986-01-27
bank_3,1,1865,1962-05-12
bank_3,1,1866,1957-02-25
bank_3,1,1867,1961-10-14
bank_3,1,1868,1960-04-08
bank_3,1,1869,1989-02-18
bank_3,1,1870,1946-12-21
bank_3,1,1871,1977-10-05
bank_3,1,1872,1948-05-19
bank_3,1,1873,1982-02-18
bank_3,1,1874,1951-09-03
bank_3,1,1875,1944-07-23
bank_3,1,1876,2000-06-22
bank_3,1,1877,1958-12-21
bank_3,1,1878,1952-10-15
bank_3,1,1879,1998-01-13
bank_3,1,1880,1974-03-13
bank_3,1,1881,1977-08-28
bank_3,1,1882,1946-08-17
bank_3,1,1883,1994-05-19
bank_3,1,1884,1988-05-02
bank_3,1,1885,1943-10-28
bank_3,1,1886,1944-01-18
bank_3,1,1887,1986-10-21
bank_3,1,1888,1999-04-22
bank_3,1,1889,1960-05-05
bank_3,1,1890,1953-03-26
bank_3,1,1891,1958-08-11
bank_3,1,1892,1984-12-17
bank_3,1,1893,1942-10-28
bank_3,1,1894,1956-04-03
bank_3,1,1895,1959-09-10
bank_3,1,1896,1947-07-18
bank_3,1,1897,1974-02-07
bank_3,1,1898,1943-01-02
bank_3,1,1899,1983-09-20
bank_3,1,1900,1959-05-23
bank_3,1,1901,1958-04-02
bank_3,1,1902,1992-11-25
bank_3,1,1903,1974-09-03
bank_3,1,1904,1989-05-14
bank_3,1,1905,1984-06-10
bank_3,1,1906,1994-05-11
bank_3,1,1907,1954-02-21
bank_3,1,1908,1945-12-17
bank_3,1,1909,1944-11-14
bank_3,1,1910,1971-05-02
bank_3,1,1911,1971-12-20
bank_3,1,1912,1944-04-16
bank_3,1,1913,1992-02-09
bank_3,1,1914,2003-02-24
bank_3,1,1915,1975-09-20
bank_3,1,1916,1963-04-12
bank_3,1,1917,1944-08-15
bank_3,1,1918,1957-02-09
bank_3,1,1919,1975-07-12
bank_3,1,1920,1993-02-21
bank_3,1,1921,1997-02-27
bank_3,1,1922,1947-07-11
bank_3,1,1923,1984-05-11
bank_3,1,1924,1986-11-22
bank_3,1,1925,1974-05-06
bank_3,1,1926,1961-04-06
bank_3,1,1927,1943-04-22
bank_3,1,1928,1947-04-04
bank_3,1,1929,1964-06-09
bank_3,1,1930,2003-01-14
bank_3,1,1931,1967-03-23
bank_3,1,1932,1950-11-13
bank_3,1,1933,1981-11-07
bank_3,1,1934,1943-04-26
bank_3,1,1935,1963-08-19
bank_3,1,1936,1950-01-09
bank_3,1,1937,1997-06-07
bank_3,1,1938,1979-05-02
bank_3,1,1939,1989-07-20
bank_3,1,1940,1949-12-26
bank_3,1,1941,1979-04-06
bank_3,1,1942,2000-04-08
bank_3,1,1943,1971-02-10
bank_3,1,1944,1975-01-21
bank_3,1,1945,1947-04-21
bank_3,1,1946,1965-10-05
bank_3,1,1947,1999-03-30
bank_3,1,1948,1983-06-09
bank_3,1,1949,1962-10-20
bank_3,1,1950,1995-05-31
bank_3,1,1951,1945-07-29
bank_3,1,1952,1980-02-22
bank_3,1,1953,1991-07-06
bank_3,1,1954,1941-10-19
bank_3,1,1955,1959-09-09
bank_3,1,1956,1975-04-16
bank_3,1,1957,1956-12-07
bank_3,1,1958,2003-03-08
bank_3,1,1959,2002-05-12
bank_3,1,1960,1945-09-27
bank_3,1,1961,1991-08-03
bank_3,1,1962,1958-01-02
bank_3,1,1963,1965-09-26
bank_3,1,1964,1963-01-27
bank_3,1,1965,1958-09-06
bank_3,1,1966,1951-04-27
bank_3,1,1967,1953-01-28
bank_3,1,1968,1955-04-23
bank_3,1,1969,1949-08-11
bank_3,1,1970,1969-02-26
bank_3,1,1971,2003-04-28
bank_3,1,1972,1941-05-15
bank_3,1,1973,1969-12-12
bank_3,1,1974,1952-03-23
bank_3,1,1975,1947-11-20
bank_3,1,1976,1945-02-19
bank_3,1,1977,1946-11-26
bank_3,1,1978,1995-11-12
bank_3,1,1979,2001-02-17
bank_3,1,1980,1946-04-20
bank_3,1,1981,1998-10-31
bank_3,1,1982,1967-12-07
bank_3,1,1983,1970-04-17
bank_3,1,1984,1943-07-31
bank_3,1,1985,1987-08-11
bank_3,1,1986,1994-03-21
bank_3,1,1987,1987-05-22
bank_3,1,1988,2003-10-27
bank_3,1,1989,1988-06-09
bank_3,1,1990,1971-02-17
bank_3,1,1991,1951-08-30
bank_3,1,1992,1957-06-16
bank_3,1,1993,1959-01-25
bank_3,1,1994,1967-01-05
bank_3,1,1995,1947-10-15
bank_3,1,1996,1973-01-17
bank_3,1,1997,1942-03-20
bank_3,1,1998,1982-10-19
bank_3,1,1999,1956-09-23
