bank_id,branch_id,acct_id,close_dt
bank_2,1,0,4754-11-29T00:00:00Z
bank_2,1,1,4754-11-29T00:00:00Z
bank_2,1,2,4754-11-29T00:00:00Z
bank_2,1,3,4754-11-29T00:00:00Z
bank_2,1,4,4754-11-29T00:00:00Z
bank_2,1,5,4754-11-29T00:00:00Z
bank_2,1,6,4754-11-29T00:00:00Z
bank_2,1,7,4754-11-29T00:00:00Z
bank_2,1,8,4754-11-29T00:00:00Z
bank_2,1,9,4754-11-29T00:00:00Z
bank_2,1,10,4754-11-29T00:00:00Z
bank_2,1,11,4754-11-29T00:00:00Z
bank_2,1,12,4754-11-29T00:00:00Z
bank_2,1,13,4754-11-29T00:00:00Z
bank_2,1,14,4754-11-29T00:00:00Z
bank_2,1,15,4754-11-29T00:00:00Z
bank_2,1,16,4754-11-29T00:00:00Z
bank_2,1,17,4754-11-29T00:00:00Z
bank_2,1,18,4754-11-29T00:00:00Z
bank_2,1,19,4754-11-29T00:00:00Z
bank_2,1,20,4754-11-29T00:00:00Z
bank_2,1,21,4754-11-29T00:00:00Z
bank_2,1,22,4754-11-29T00:00:00Z
bank_2,1,23,4754-11-29T00:00:00Z
bank_2,1,24,4754-11-29T00:00:00Z
bank_2,1,25,4754-11-29T00:00:00Z
bank_2,1,26,4754-11-29T00:00:00Z
bank_2,1,27,4754-11-29T00:00:00Z
bank_2,1,28,4754-11-29T00:00:00Z
bank_2,1,29,4754-11-29T00:00:00Z
bank_2,1,30,4754-11-29T00:00:00Z
bank_2,1,31,4754-11-29T00:00:00Z
bank_2,1,32,4754-11-29T00:00:00Z
bank_2,1,33,4754-11-29T00:00:00Z
bank_2,1,34,4754-11-29T00:00:00Z
bank_2,1,35,4754-11-29T00:00:00Z
bank_2,1,36,4754-11-29T00:00:00Z
bank_2,1,37,4754-11-29T00:00:00Z
bank_2,1,38,4754-11-29T00:00:00Z
bank_2,1,39,4754-11-29T00:00:00Z
bank_2,1,40,4754-11-29T00:00:00Z
bank_2,1,41,4754-11-29T00:00:00Z
bank_2,1,42,4754-11-29T00:00:00Z
bank_2,1,43,4754-11-29T00:00:00Z
bank_2,1,44,4754-11-29T00:00:00Z
bank_2,1,45,4754-11-29T00:00:00Z
bank_2,1,46,4754-11-29T00:00:00Z
bank_2,1,47,4754-11-29T00:00:00Z
bank_2,1,48,4754-11-29T00:00:00Z
bank_2,1,49,4754-11-29T00:00:00Z
bank_2,1,50,4754-11-29T00:00:00Z
bank_2,1,51,4754-11-29T00:00:00Z
bank_2,1,52,4754-11-29T00:00:00Z
bank_2,1,53,4754-11-29T00:00:00Z
bank_2,1,54,4754-11-29T00:00:00Z
bank_2,1,55,4754-11-29T00:00:00Z
bank_2,1,56,4754-11-29T00:00:00Z
bank_2,1,57,4754-11-29T00:00:00Z
bank_2,1,58,4754-11-29T00:00:00Z
bank_2,1,59,4754-11-29T00:00:00Z
bank_2,1,60,4754-11-29T00:00:00Z
bank_2,1,61,4754-11-29T00:00:00Z
bank_2,1,62,4754-11-29T00:00:00Z
bank_2,1,63,4754-11-29T00:00:00Z
bank_2,1,64,4754-11-29T00:00:00Z
bank_2,1,65,4754-11-29T00:00:00Z
bank_2,1,66,4754-11-29T00:00:00Z
bank_2,1,67,4754-11-29T00:00:00Z
bank_2,1,68,4754-11-29T00:00:00Z
bank_2,1,69,4754-11-29T00:00:00Z
bank_2,1,70,4754-11-29T00:00:00Z
bank_2,1,71,4754-11-29T00:00:00Z
bank_2,1,72,4754-11-29T00:00:00Z
bank_2,1,73,4754-11-29T00:00:00Z
bank_2,1,74,4754-11-29T00:00:00Z
bank_2,1,75,4754-11-29T00:00:00Z
bank_2,1,76,4754-11-29T00:00:00Z
bank_2,1,77,4754-11-29T00:00:00Z
bank_2,1,78,4754-11-29T00:00:00Z
bank_2,1,79,4754-11-29T00:00:00Z
bank_2,1,80,4754-11-29T00:00:00Z
bank_2,1,81,4754-11-29T00:00:00Z
bank_2,1,82,4754-11-29T00:00:00Z
bank_2,1,83,4754-11-29T00:00:00Z
bank_2,1,84,4754-11-29T00:00:00Z
bank_2,1,85,4754-11-29T00:00:00Z
bank_2,1,86,4754-11-29T00:00:00Z
bank_2,1,87,4754-11-29T00:00:00Z
bank_2,1,88,4754-11-29T00:00:00Z
bank_2,1,89,4754-11-29T00:00:00Z
bank_2,1,90,4754-11-29T00:00:00Z
bank_2,1,91,4754-11-29T00:00:00Z
bank_2,1,92,4754-11-29T00:00:00Z
bank_2,1,93,4754-11-29T00:00:00Z
bank_2,1,94,4754-11-29T00:00:00Z
bank_2,1,95,4754-11-29T00:00:00Z
bank_2,1,96,4754-11-29T00:00:00Z
bank_2,1,97,4754-11-29T00:00:00Z
bank_2,1,98,4754-11-29T00:00:00Z
bank_2,1,99,4754-11-29T00:00:00Z
bank_2,1,100,4754-11-29T00:00:00Z
bank_2,1,101,4754-11-29T00:00:00Z
bank_2,1,102,4754-11-29T00:00:00Z
bank_2,1,103,4754-11-29T00:00:00Z
bank_2,1,104,4754-11-29T00:00:00Z
bank_2,1,105,4754-11-29T00:00:00Z
bank_2,1,106,4754-11-29T00:00:00Z
bank_2,1,107,4754-11-29T00:00:00Z
bank_2,1,108,4754-11-29T00:00:00Z
bank_2,1,109,4754-11-29T00:00:00Z
bank_2,1,110,4754-11-29T00:00:00Z
bank_2,1,111,4754-11-29T00:00:00Z
bank_2,1,112,4754-11-29T00:00:00Z
bank_2,1,113,4754-11-29T00:00:00Z
bank_2,1,114,4754-11-29T00:00:00Z
bank_2,1,115,4754-11-29T00:00:00Z
bank_2,1,116,4754-11-29T00:00:00Z
bank_2,1,117,4754-11-29T00:00:00Z
bank_2,1,118,4754-11-29T00:00:00Z
bank_2,1,119,4754-11-29T00:00:00Z
bank_2,1,120,4754-11-29T00:00:00Z
bank_2,1,121,4754-11-29T00:00:00Z
bank_2,1,122,4754-11-29T00:00:00Z
bank_2,1,123,4754-11-29T00:00:00Z
bank_2,1,124,4754-11-29T00:00:00Z
bank_2,1,125,4754-11-29T00:00:00Z
bank_2,1,126,4754-11-29T00:00:00Z
bank_2,1,127,4754-11-29T00:00:00Z
bank_2,1,128,4754-11-29T00:00:00Z
bank_2,1,129,4754-11-29T00:00:00Z
bank_2,1,130,4754-11-29T00:00:00Z
bank_2,1,131,4754-11-29T00:00:00Z
bank_2,1,132,4754-11-29T00:00:00Z
bank_2,1,133,4754-11-29T00:00:00Z
bank_2,1,134,4754-11-29T00:00:00Z
bank_2,1,135,4754-11-29T00:00:00Z
bank_2,1,136,4754-11-29T00:00:00Z
bank_2,1,137,4754-11-29T00:00:00Z
bank_2,1,138,4754-11-29T00:00:00Z
bank_2,1,139,4754-11-29T00:00:00Z
bank_2,1,140,4754-11-29T00:00:00Z
bank_2,1,141,4754-11-29T00:00:00Z
bank_2,1,142,4754-11-29T00:00:00Z
bank_2,1,143,4754-11-29T00:00:00Z
bank_2,1,144,4754-11-29T00:00:00Z
bank_2,1,145,4754-11-29T00:00:00Z
bank_2,1,146,4754-11-29T00:00:00Z
bank_2,1,147,4754-11-29T00:00:00Z
bank_2,1,148,4754-11-29T00:00:00Z
bank_2,1,149,4754-11-29T00:00:00Z
bank_2,1,150,4754-11-29T00:00:00Z
bank_2,1,151,4754-11-29T00:00:00Z
bank_2,1,152,4754-11-29T00:00:00Z
bank_2,1,153,4754-11-29T00:00:00Z
bank_2,1,154,4754-11-29T00:00:00Z
bank_2,1,155,4754-11-29T00:00:00Z
bank_2,1,156,4754-11-29T00:00:00Z
bank_2,1,157,4754-11-29T00:00:00Z
bank_2,1,158,4754-11-29T00:00:00Z
bank_2,1,159,4754-11-29T00:00:00Z
bank_2,1,160,4754-11-29T00:00:00Z
bank_2,1,161,4754-11-29T00:00:00Z
bank_2,1,162,4754-11-29T00:00:00Z
bank_2,1,163,4754-11-29T00:00:00Z
bank_2,1,164,4754-11-29T00:00:00Z
bank_2,1,165,4754-11-29T00:00:00Z
bank_2,1,166,4754-11-29T00:00:00Z
bank_2,1,167,4754-11-29T00:00:00Z
bank_2,1,168,4754-11-29T00:00:00Z
bank_2,1,169,4754-11-29T00:00:00Z
bank_2,1,170,4754-11-29T00:00:00Z
bank_2,1,171,4754-11-29T00:00:00Z
bank_2,1,172,4754-11-29T00:00:00Z
bank_2,1,173,4754-11-29T00:00:00Z
bank_2,1,174,4754-11-29T00:00:00Z
bank_2,1,175,4754-11-29T00:00:00Z
bank_2,1,176,4754-11-29T00:00:00Z
bank_2,1,177,4754-11-29T00:00:00Z
bank_2,1,178,4754-11-29T00:00:00Z
bank_2,1,179,4754-11-29T00:00:00Z
bank_2,1,180,4754-11-29T00:00:00Z
bank_2,1,181,4754-11-29T00:00:00Z
bank_2,1,182,4754-11-29T00:00:00Z
bank_2,1,183,4754-11-29T00:00:00Z
bank_2,1,184,4754-11-29T00:00:00Z
bank_2,1,185,4754-11-29T00:00:00Z
bank_2,1,186,4754-11-29T00:00:00Z
bank_2,1,187,4754-11-29T00:00:00Z
bank_2,1,188,4754-11-29T00:00:00Z
bank_2,1,189,4754-11-29T00:00:00Z
bank_2,1,190,4754-11-29T00:00:00Z
bank_2,1,191,4754-11-29T00:00:00Z
bank_2,1,192,4754-11-29T00:00:00Z
bank_2,1,193,4754-11-29T00:00:00Z
bank_2,1,194,4754-11-29T00:00:00Z
bank_2,1,195,4754-11-29T00:00:00Z
bank_2,1,196,4754-11-29T00:00:00Z
bank_2,1,197,4754-11-29T00:00:00Z
bank_2,1,198,4754-11-29T00:00:00Z
bank_2,1,199,4754-11-29T00:00:00Z
bank_2,1,200,4754-11-29T00:00:00Z
bank_2,1,201,4754-11-29T00:00:00Z
bank_2,1,202,4754-11-29T00:00:00Z
bank_2,1,203,4754-11-29T00:00:00Z
bank_2,1,204,4754-11-29T00:00:00Z
bank_2,1,205,4754-11-29T00:00:00Z
bank_2,1,206,4754-11-29T00:00:00Z
bank_2,1,207,4754-11-29T00:00:00Z
bank_2,1,208,4754-11-29T00:00:00Z
bank_2,1,209,4754-11-29T00:00:00Z
bank_2,1,210,4754-11-29T00:00:00Z
bank_2,1,211,4754-11-29T00:00:00Z
bank_2,1,212,4754-11-29T00:00:00Z
bank_2,1,213,4754-11-29T00:00:00Z
bank_2,1,214,4754-11-29T00:00:00Z
bank_2,1,215,4754-11-29T00:00:00Z
bank_2,1,216,4754-11-29T00:00:00Z
bank_2,1,217,4754-11-29T00:00:00Z
bank_2,1,218,4754-11-29T00:00:00Z
bank_2,1,219,4754-11-29T00:00:00Z
bank_2,1,220,4754-11-29T00:00:00Z
bank_2,1,221,4754-11-29T00:00:00Z
bank_2,1,222,4754-11-29T00:00:00Z
bank_2,1,223,4754-11-29T00:00:00Z
bank_2,1,224,4754-11-29T00:00:00Z
bank_2,1,225,4754-11-29T00:00:00Z
bank_2,1,226,4754-11-29T00:00:00Z
bank_2,1,227,4754-11-29T00:00:00Z
bank_2,1,228,4754-11-29T00:00:00Z
bank_2,1,229,4754-11-29T00:00:00Z
bank_2,1,230,4754-11-29T00:00:00Z
bank_2,1,231,4754-11-29T00:00:00Z
bank_2,1,232,4754-11-29T00:00:00Z
bank_2,1,233,4754-11-29T00:00:00Z
bank_2,1,234,4754-11-29T00:00:00Z
bank_2,1,235,4754-11-29T00:00:00Z
bank_2,1,236,4754-11-29T00:00:00Z
bank_2,1,237,4754-11-29T00:00:00Z
bank_2,1,238,4754-11-29T00:00:00Z
bank_2,1,239,4754-11-29T00:00:00Z
bank_2,1,240,4754-11-29T00:00:00Z
bank_2,1,241,4754-11-29T00:00:00Z
bank_2,1,242,4754-11-29T00:00:00Z
bank_2,1,243,4754-11-29T00:00:00Z
bank_2,1,244,4754-11-29T00:00:00Z
bank_2,1,245,4754-11-29T00:00:00Z
bank_2,1,246,4754-11-29T00:00:00Z
bank_2,1,247,4754-11-29T00:00:00Z
bank_2,1,248,4754-11-29T00:00:00Z
bank_2,1,249,4754-11-29T00:00:00Z
bank_2,1,250,4754-11-29T00:00:00Z
bank_2,1,251,4754-11-29T00:00:00Z
bank_2,1,252,4754-11-29T00:00:00Z
bank_2,1,253,4754-11-29T00:00:00Z
bank_2,1,254,4754-11-29T00:00:00Z
bank_2,1,255,4754-11-29T00:00:00Z
bank_2,1,256,4754-11-29T00:00:00Z
bank_2,1,257,4754-11-29T00:00:00Z
bank_2,1,258,4754-11-29T00:00:00Z
bank_2,1,259,4754-11-29T00:00:00Z
bank_2,1,260,4754-11-29T00:00:00Z
bank_2,1,261,4754-11-29T00:00:00Z
bank_2,1,262,4754-11-29T00:00:00Z
bank_2,1,263,4754-11-29T00:00:00Z
bank_2,1,264,4754-11-29T00:00:00Z
bank_2,1,265,4754-11-29T00:00:00Z
bank_2,1,266,4754-11-29T00:00:00Z
bank_2,1,267,4754-11-29T00:00:00Z
bank_2,1,268,4754-11-29T00:00:00Z
bank_2,1,269,4754-11-29T00:00:00Z
bank_2,1,270,4754-11-29T00:00:00Z
bank_2,1,271,4754-11-29T00:00:00Z
bank_2,1,272,4754-11-29T00:00:00Z
bank_2,1,273,4754-11-29T00:00:00Z
bank_2,1,274,4754-11-29T00:00:00Z
bank_2,1,275,4754-11-29T00:00:00Z
bank_2,1,276,4754-11-29T00:00:00Z
bank_2,1,277,4754-11-29T00:00:00Z
bank_2,1,278,4754-11-29T00:00:00Z
bank_2,1,279,4754-11-29T00:00:00Z
bank_2,1,280,4754-11-29T00:00:00Z
bank_2,1,281,4754-11-29T00:00:00Z
bank_2,1,282,4754-11-29T00:00:00Z
bank_2,1,283,4754-11-29T00:00:00Z
bank_2,1,284,4754-11-29T00:00:00Z
bank_2,1,285,4754-11-29T00:00:00Z
bank_2,1,286,4754-11-29T00:00:00Z
bank_2,1,287,4754-11-29T00:00:00Z
bank_2,1,288,4754-11-29T00:00:00Z
bank_2,1,289,4754-11-29T00:00:00Z
bank_2,1,290,4754-11-29T00:00:00Z
bank_2,1,291,4754-11-29T00:00:00Z
bank_2,1,292,4754-11-29T00:00:00Z
bank_2,1,293,4754-11-29T00:00:00Z
bank_2,1,294,4754-11-29T00:00:00Z
bank_2,1,295,4754-11-29T00:00:00Z
bank_2,1,296,4754-11-29T00:00:00Z
bank_2,1,297,4754-11-29T00:00:00Z
bank_2,1,298,4754-11-29T00:00:00Z
bank_2,1,299,4754-11-29T00:00:00Z
bank_2,1,300,4754-11-29T00:00:00Z
bank_2,1,301,4754-11-29T00:00:00Z
bank_2,1,302,4754-11-29T00:00:00Z
bank_2,1,303,4754-11-29T00:00:00Z
bank_2,1,304,4754-11-29T00:00:00Z
bank_2,1,305,4754-11-29T00:00:00Z
bank_2,1,306,4754-11-29T00:00:00Z
bank_2,1,307,4754-11-29T00:00:00Z
bank_2,1,308,4754-11-29T00:00:00Z
bank_2,1,309,4754-11-29T00:00:00Z
bank_2,1,310,4754-11-29T00:00:00Z
bank_2,1,311,4754-11-29T00:00:00Z
bank_2,1,312,4754-11-29T00:00:00Z
bank_2,1,313,4754-11-29T00:00:00Z
bank_2,1,314,4754-11-29T00:00:00Z
bank_2,1,315,4754-11-29T00:00:00Z
bank_2,1,316,4754-11-29T00:00:00Z
bank_2,1,317,4754-11-29T00:00:00Z
bank_2,1,318,4754-11-29T00:00:00Z
bank_2,1,319,4754-11-29T00:00:00Z
bank_2,1,320,4754-11-29T00:00:00Z
bank_2,1,321,4754-11-29T00:00:00Z
bank_2,1,322,4754-11-29T00:00:00Z
bank_2,1,323,4754-11-29T00:00:00Z
bank_2,1,324,4754-11-29T00:00:00Z
bank_2,1,325,4754-11-29T00:00:00Z
bank_2,1,326,4754-11-29T00:00:00Z
bank_2,1,327,4754-11-29T00:00:00Z
bank_2,1,328,4754-11-29T00:00:00Z
bank_2,1,329,4754-11-29T00:00:00Z
bank_2,1,330,4754-11-29T00:00:00Z
bank_2,1,331,4754-11-29T00:00:00Z
bank_2,1,332,4754-11-29T00:00:00Z
bank_2,1,333,4754-11-29T00:00:00Z
bank_2,1,334,4754-11-29T00:00:00Z
bank_2,1,335,4754-11-29T00:00:00Z
bank_2,1,336,4754-11-29T00:00:00Z
bank_2,1,337,4754-11-29T00:00:00Z
bank_2,1,338,4754-11-29T00:00:00Z
bank_2,1,339,4754-11-29T00:00:00Z
bank_2,1,340,4754-11-29T00:00:00Z
bank_2,1,341,4754-11-29T00:00:00Z
bank_2,1,342,4754-11-29T00:00:00Z
bank_2,1,343,4754-11-29T00:00:00Z
bank_2,1,344,4754-11-29T00:00:00Z
bank_2,1,345,4754-11-29T00:00:00Z
bank_2,1,346,4754-11-29T00:00:00Z
bank_2,1,347,4754-11-29T00:00:00Z
bank_2,1,348,4754-11-29T00:00:00Z
bank_2,1,349,4754-11-29T00:00:00Z
bank_2,1,350,4754-11-29T00:00:00Z
bank_2,1,351,4754-11-29T00:00:00Z
bank_2,1,352,4754-11-29T00:00:00Z
bank_2,1,353,4754-11-29T00:00:00Z
bank_2,1,354,4754-11-29T00:00:00Z
bank_2,1,355,4754-11-29T00:00:00Z
bank_2,1,356,4754-11-29T00:00:00Z
bank_2,1,357,4754-11-29T00:00:00Z
bank_2,1,358,4754-11-29T00:00:00Z
bank_2,1,359,4754-11-29T00:00:00Z
bank_2,1,360,4754-11-29T00:00:00Z
bank_2,1,361,4754-11-29T00:00:00Z
bank_2,1,362,4754-11-29T00:00:00Z
bank_2,1,363,4754-11-29T00:00:00Z
bank_2,1,364,4754-11-29T00:00:00Z
bank_2,1,365,4754-11-29T00:00:00Z
bank_2,1,366,4754-11-29T00:00:00Z
bank_2,1,367,4754-11-29T00:00:00Z
bank_2,1,368,4754-11-29T00:00:00Z
bank_2,1,369,4754-11-29T00:00:00Z
bank_2,1,370,4754-11-29T00:00:00Z
bank_2,1,371,4754-11-29T00:00:00Z
bank_2,1,372,4754-11-29T00:00:00Z
bank_2,1,373,4754-11-29T00:00:00Z
bank_2,1,374,4754-11-29T00:00:00Z
bank_2,1,375,4754-11-29T00:00:00Z
bank_2,1,376,4754-11-29T00:00:00Z
bank_2,1,377,4754-11-29T00:00:00Z
bank_2,1,378,4754-11-29T00:00:00Z
bank_2,1,379,4754-11-29T00:00:00Z
bank_2,1,380,4754-11-29T00:00:00Z
bank_2,1,381,4754-11-29T00:00:00Z
bank_2,1,382,4754-11-29T00:00:00Z
bank_2,1,383,4754-11-29T00:00:00Z
bank_2,1,384,4754-11-29T00:00:00Z
bank_2,1,385,4754-11-29T00:00:00Z
bank_2,1,386,4754-11-29T00:00:00Z
bank_2,1,387,4754-11-29T00:00:00Z
bank_2,1,388,4754-11-29T00:00:00Z
bank_2,1,389,4754-11-29T00:00:00Z
bank_2,1,390,4754-11-29T00:00:00Z
bank_2,1,391,4754-11-29T00:00:00Z
bank_2,1,392,4754-11-29T00:00:00Z
bank_2,1,393,4754-11-29T00:00:00Z
bank_2,1,394,4754-11-29T00:00:00Z
bank_2,1,395,4754-11-29T00:00:00Z
bank_2,1,396,4754-11-29T00:00:00Z
bank_2,1,397,4754-11-29T00:00:00Z
bank_2,1,398,4754-11-29T00:00:00Z
bank_2,1,399,4754-11-29T00:00:00Z
bank_2,1,400,4754-11-29T00:00:00Z
bank_2,1,401,4754-11-29T00:00:00Z
bank_2,1,402,4754-11-29T00:00:00Z
bank_2,1,403,4754-11-29T00:00:00Z
bank_2,1,404,4754-11-29T00:00:00Z
bank_2,1,405,4754-11-29T00:00:00Z
bank_2,1,406,4754-11-29T00:00:00Z
bank_2,1,407,4754-11-29T00:00:00Z
bank_2,1,408,4754-11-29T00:00:00Z
bank_2,1,409,4754-11-29T00:00:00Z
bank_2,1,410,4754-11-29T00:00:00Z
bank_2,1,411,4754-11-29T00:00:00Z
bank_2,1,412,4754-11-29T00:00:00Z
bank_2,1,413,4754-11-29T00:00:00Z
bank_2,1,414,4754-11-29T00:00:00Z
bank_2,1,415,4754-11-29T00:00:00Z
bank_2,1,416,4754-11-29T00:00:00Z
bank_2,1,417,4754-11-29T00:00:00Z
bank_2,1,418,4754-11-29T00:00:00Z
bank_2,1,419,4754-11-29T00:00:00Z
bank_2,1,420,4754-11-29T00:00:00Z
bank_2,1,421,4754-11-29T00:00:00Z
bank_2,1,422,4754-11-29T00:00:00Z
bank_2,1,423,4754-11-29T00:00:00Z
bank_2,1,424,4754-11-29T00:00:00Z
bank_2,1,425,4754-11-29T00:00:00Z
bank_2,1,426,4754-11-29T00:00:00Z
bank_2,1,427,4754-11-29T00:00:00Z
bank_2,1,428,4754-11-29T00:00:00Z
bank_2,1,429,4754-11-29T00:00:00Z
bank_2,1,430,4754-11-29T00:00:00Z
bank_2,1,431,4754-11-29T00:00:00Z
bank_2,1,432,4754-11-29T00:00:00Z
bank_2,1,433,4754-11-29T00:00:00Z
bank_2,1,434,4754-11-29T00:00:00Z
bank_2,1,435,4754-11-29T00:00:00Z
bank_2,1,436,4754-11-29T00:00:00Z
bank_2,1,437,4754-11-29T00:00:00Z
bank_2,1,438,4754-11-29T00:00:00Z
bank_2,1,439,4754-11-29T00:00:00Z
bank_2,1,440,4754-11-29T00:00:00Z
bank_2,1,441,4754-11-29T00:00:00Z
bank_2,1,442,4754-11-29T00:00:00Z
bank_2,1,443,4754-11-29T00:00:00Z
bank_2,1,444,4754-11-29T00:00:00Z
bank_2,1,445,4754-11-29T00:00:00Z
bank_2,1,446,4754-11-29T00:00:00Z
bank_2,1,447,4754-11-29T00:00:00Z
bank_2,1,448,4754-11-29T00:00:00Z
bank_2,1,449,4754-11-29T00:00:00Z
bank_2,1,450,4754-11-29T00:00:00Z
bank_2,1,451,4754-11-29T00:00:00Z
bank_2,1,452,4754-11-29T00:00:00Z
bank_2,1,453,4754-11-29T00:00:00Z
bank_2,1,454,4754-11-29T00:00:00Z
bank_2,1,455,4754-11-29T00:00:00Z
bank_2,1,456,4754-11-29T00:00:00Z
bank_2,1,457,4754-11-29T00:00:00Z
bank_2,1,458,4754-11-29T00:00:00Z
bank_2,1,459,4754-11-29T00:00:00Z
bank_2,1,460,4754-11-29T00:00:00Z
bank_2,1,461,4754-11-29T00:00:00Z
bank_2,1,462,4754-11-29T00:00:00Z
bank_2,1,463,4754-11-29T00:00:00Z
bank_2,1,464,4754-11-29T00:00:00Z
bank_2,1,465,4754-11-29T00:00:00Z
bank_2,1,466,4754-11-29T00:00:00Z
bank_2,1,467,4754-11-29T00:00:00Z
bank_2,1,468,4754-11-29T00:00:00Z
bank_2,1,469,4754-11-29T00:00:00Z
bank_2,1,470,4754-11-29T00:00:00Z
bank_2,1,471,4754-11-29T00:00:00Z
bank_2,1,472,4754-11-29T00:00:00Z
bank_2,1,473,4754-11-29T00:00:00Z
bank_2,1,474,4754-11-29T00:00:00Z
bank_2,1,475,4754-11-29T00:00:00Z
bank_2,1,476,4754-11-29T00:00:00Z
bank_2,1,477,4754-11-29T00:00:00Z
bank_2,1,478,4754-11-29T00:00:00Z
bank_2,1,479,4754-11-29T00:00:00Z
bank_2,1,480,4754-11-29T00:00:00Z
bank_2,1,481,4754-11-29T00:00:00Z
bank_2,1,482,4754-11-29T00:00:00Z
bank_2,1,483,4754-11-29T00:00:00Z
bank_2,1,484,4754-11-29T00:00:00Z
bank_2,1,485,4754-11-29T00:00:00Z
bank_2,1,486,4754-11-29T00:00:00Z
bank_2,1,487,4754-11-29T00:00:00Z
bank_2,1,488,4754-11-29T00:00:00Z
bank_2,1,489,4754-11-29T00:00:00Z
bank_2,1,490,4754-11-29T00:00:00Z
bank_2,1,491,4754-11-29T00:00:00Z
bank_2,1,492,4754-11-29T00:00:00Z
bank_2,1,493,4754-11-29T00:00:00Z
bank_2,1,494,4754-11-29T00:00:00Z
bank_2,1,495,4754-11-29T00:00:00Z
bank_2,1,496,4754-11-29T00:00:00Z
bank_2,1,497,4754-11-29T00:00:00Z
bank_2,1,498,4754-11-29T00:00:00Z
bank_2,1,499,4754-11-29T00:00:00Z
bank_2,1,500,4754-11-29T00:00:00Z
bank_2,1,501,4754-11-29T00:00:00Z
bank_2,1,502,4754-11-29T00:00:00Z
bank_2,1,503,4754-11-29T00:00:00Z
bank_2,1,504,4754-11-29T00:00:00Z
bank_2,1,505,4754-11-29T00:00:00Z
bank_2,1,506,4754-11-29T00:00:00Z
bank_2,1,507,4754-11-29T00:00:00Z
bank_2,1,508,4754-11-29T00:00:00Z
bank_2,1,509,4754-11-29T00:00:00Z
bank_2,1,510,4754-11-29T00:00:00Z
bank_2,1,511,4754-11-29T00:00:00Z
bank_2,1,512,4754-11-29T00:00:00Z
bank_2,1,513,4754-11-29T00:00:00Z
bank_2,1,514,4754-11-29T00:00:00Z
bank_2,1,515,4754-11-29T00:00:00Z
bank_2,1,516,4754-11-29T00:00:00Z
bank_2,1,517,4754-11-29T00:00:00Z
bank_2,1,518,4754-11-29T00:00:00Z
bank_2,1,519,4754-11-29T00:00:00Z
bank_2,1,520,4754-11-29T00:00:00Z
bank_2,1,521,4754-11-29T00:00:00Z
bank_2,1,522,4754-11-29T00:00:00Z
bank_2,1,523,4754-11-29T00:00:00Z
bank_2,1,524,4754-11-29T00:00:00Z
bank_2,1,525,4754-11-29T00:00:00Z
bank_2,1,526,4754-11-29T00:00:00Z
bank_2,1,527,4754-11-29T00:00:00Z
bank_2,1,528,4754-11-29T00:00:00Z
bank_2,1,529,4754-11-29T00:00:00Z
bank_2,1,530,4754-11-29T00:00:00Z
bank_2,1,531,4754-11-29T00:00:00Z
bank_2,1,532,4754-11-29T00:00:00Z
bank_2,1,533,4754-11-29T00:00:00Z
bank_2,1,534,4754-11-29T00:00:00Z
bank_2,1,535,4754-11-29T00:00:00Z
bank_2,1,536,4754-11-29T00:00:00Z
bank_2,1,537,4754-11-29T00:00:00Z
bank_2,1,538,4754-11-29T00:00:00Z
bank_2,1,539,4754-11-29T00:00:00Z
bank_2,1,540,4754-11-29T00:00:00Z
bank_2,1,541,4754-11-29T00:00:00Z
bank_2,1,542,4754-11-29T00:00:00Z
bank_2,1,543,4754-11-29T00:00:00Z
bank_2,1,544,4754-11-29T00:00:00Z
bank_2,1,545,4754-11-29T00:00:00Z
bank_2,1,546,4754-11-29T00:00:00Z
bank_2,1,547,4754-11-29T00:00:00Z
bank_2,1,548,4754-11-29T00:00:00Z
bank_2,1,549,4754-11-29T00:00:00Z
bank_2,1,550,4754-11-29T00:00:00Z
bank_2,1,551,4754-11-29T00:00:00Z
bank_2,1,552,4754-11-29T00:00:00Z
bank_2,1,553,4754-11-29T00:00:00Z
bank_2,1,554,4754-11-29T00:00:00Z
bank_2,1,555,4754-11-29T00:00:00Z
bank_2,1,556,4754-11-29T00:00:00Z
bank_2,1,557,4754-11-29T00:00:00Z
bank_2,1,558,4754-11-29T00:00:00Z
bank_2,1,559,4754-11-29T00:00:00Z
bank_2,1,560,4754-11-29T00:00:00Z
bank_2,1,561,4754-11-29T00:00:00Z
bank_2,1,562,4754-11-29T00:00:00Z
bank_2,1,563,4754-11-29T00:00:00Z
bank_2,1,564,4754-11-29T00:00:00Z
bank_2,1,565,4754-11-29T00:00:00Z
bank_2,1,566,4754-11-29T00:00:00Z
bank_2,1,567,4754-11-29T00:00:00Z
bank_2,1,568,4754-11-29T00:00:00Z
bank_2,1,569,4754-11-29T00:00:00Z
bank_2,1,570,4754-11-29T00:00:00Z
bank_2,1,571,4754-11-29T00:00:00Z
bank_2,1,572,4754-11-29T00:00:00Z
bank_2,1,573,4754-11-29T00:00:00Z
bank_2,1,574,4754-11-29T00:00:00Z
bank_2,1,575,4754-11-29T00:00:00Z
bank_2,1,576,4754-11-29T00:00:00Z
bank_2,1,577,4754-11-29T00:00:00Z
bank_2,1,578,4754-11-29T00:00:00Z
bank_2,1,579,4754-11-29T00:00:00Z
bank_2,1,580,4754-11-29T00:00:00Z
bank_2,1,581,4754-11-29T00:00:00Z
bank_2,1,582,4754-11-29T00:00:00Z
bank_2,1,583,4754-11-29T00:00:00Z
bank_2,1,584,4754-11-29T00:00:00Z
bank_2,1,585,4754-11-29T00:00:00Z
bank_2,1,586,4754-11-29T00:00:00Z
bank_2,1,587,4754-11-29T00:00:00Z
bank_2,1,588,4754-11-29T00:00:00Z
bank_2,1,589,4754-11-29T00:00:00Z
bank_2,1,590,4754-11-29T00:00:00Z
bank_2,1,591,4754-11-29T00:00:00Z
bank_2,1,592,4754-11-29T00:00:00Z
bank_2,1,593,4754-11-29T00:00:00Z
bank_2,1,594,4754-11-29T00:00:00Z
bank_2,1,595,4754-11-29T00:00:00Z
bank_2,1,596,4754-11-29T00:00:00Z
bank_2,1,597,4754-11-29T00:00:00Z
bank_2,1,598,4754-11-29T00:00:00Z
bank_2,1,599,4754-11-29T00:00:00Z
bank_2,1,600,4754-11-29T00:00:00Z
bank_2,1,601,4754-11-29T00:00:00Z
bank_2,1,602,4754-11-29T00:00:00Z
bank_2,1,603,4754-11-29T00:00:00Z
bank_2,1,604,4754-11-29T00:00:00Z
bank_2,1,605,4754-11-29T00:00:00Z
bank_2,1,606,4754-11-29T00:00:00Z
bank_2,1,607,4754-11-29T00:00:00Z
bank_2,1,608,4754-11-29T00:00:00Z
bank_2,1,609,4754-11-29T00:00:00Z
bank_2,1,610,4754-11-29T00:00:00Z
bank_2,1,611,4754-11-29T00:00:00Z
bank_2,1,612,4754-11-29T00:00:00Z
bank_2,1,613,4754-11-29T00:00:00Z
bank_2,1,614,4754-11-29T00:00:00Z
bank_2,1,615,4754-11-29T00:00:00Z
bank_2,1,616,4754-11-29T00:00:00Z
bank_2,1,617,4754-11-29T00:00:00Z
bank_2,1,618,4754-11-29T00:00:00Z
bank_2,1,619,4754-11-29T00:00:00Z
bank_2,1,620,4754-11-29T00:00:00Z
bank_2,1,621,4754-11-29T00:00:00Z
bank_2,1,622,4754-11-29T00:00:00Z
bank_2,1,623,4754-11-29T00:00:00Z
bank_2,1,624,4754-11-29T00:00:00Z
bank_2,1,625,4754-11-29T00:00:00Z
bank_2,1,626,4754-11-29T00:00:00Z
bank_2,1,627,4754-11-29T00:00:00Z
bank_2,1,628,4754-11-29T00:00:00Z
bank_2,1,629,4754-11-29T00:00:00Z
bank_2,1,630,4754-11-29T00:00:00Z
bank_2,1,631,4754-11-29T00:00:00Z
bank_2,1,632,4754-11-29T00:00:00Z
bank_2,1,633,4754-11-29T00:00:00Z
bank_2,1,634,4754-11-29T00:00:00Z
bank_2,1,635,4754-11-29T00:00:00Z
bank_2,1,636,4754-11-29T00:00:00Z
bank_2,1,637,4754-11-29T00:00:00Z
bank_2,1,638,4754-11-29T00:00:00Z
bank_2,1,639,4754-11-29T00:00:00Z
bank_2,1,640,4754-11-29T00:00:00Z
bank_2,1,641,4754-11-29T00:00:00Z
bank_2,1,642,4754-11-29T00:00:00Z
bank_2,1,643,4754-11-29T00:00:00Z
bank_2,1,644,4754-11-29T00:00:00Z
bank_2,1,645,4754-11-29T00:00:00Z
bank_2,1,646,4754-11-29T00:00:00Z
bank_2,1,647,4754-11-29T00:00:00Z
bank_2,1,648,4754-11-29T00:00:00Z
bank_2,1,649,4754-11-29T00:00:00Z
bank_2,1,650,4754-11-29T00:00:00Z
bank_2,1,651,4754-11-29T00:00:00Z
bank_2,1,652,4754-11-29T00:00:00Z
bank_2,1,653,4754-11-29T00:00:00Z
bank_2,1,654,4754-11-29T00:00:00Z
bank_2,1,655,4754-11-29T00:00:00Z
bank_2,1,656,4754-11-29T00:00:00Z
bank_2,1,657,4754-11-29T00:00:00Z
bank_2,1,658,4754-11-29T00:00:00Z
bank_2,1,659,4754-11-29T00:00:00Z
bank_2,1,660,4754-11-29T00:00:00Z
bank_2,1,661,4754-11-29T00:00:00Z
bank_2,1,662,4754-11-29T00:00:00Z
bank_2,1,663,4754-11-29T00:00:00Z
bank_2,1,664,4754-11-29T00:00:00Z
bank_2,1,665,4754-11-29T00:00:00Z
bank_2,1,666,4754-11-29T00:00:00Z
bank_2,1,667,4754-11-29T00:00:00Z
bank_2,1,668,4754-11-29T00:00:00Z
bank_2,1,669,4754-11-29T00:00:00Z
bank_2,1,670,4754-11-29T00:00:00Z
bank_2,1,671,4754-11-29T00:00:00Z
bank_2,1,672,4754-11-29T00:00:00Z
bank_2,1,673,4754-11-29T00:00:00Z
bank_2,1,674,4754-11-29T00:00:00Z
bank_2,1,675,4754-11-29T00:00:00Z
bank_2,1,676,4754-11-29T00:00:00Z
bank_2,1,677,4754-11-29T00:00:00Z
bank_2,1,678,4754-11-29T00:00:00Z
bank_2,1,679,4754-11-29T00:00:00Z
bank_2,1,680,4754-11-29T00:00:00Z
bank_2,1,681,4754-11-29T00:00:00Z
bank_2,1,682,4754-11-29T00:00:00Z
bank_2,1,683,4754-11-29T00:00:00Z
bank_2,1,684,4754-11-29T00:00:00Z
bank_2,1,685,4754-11-29T00:00:00Z
bank_2,1,686,4754-11-29T00:00:00Z
bank_2,1,687,4754-11-29T00:00:00Z
bank_2,1,688,4754-11-29T00:00:00Z
bank_2,1,689,4754-11-29T00:00:00Z
bank_2,1,690,4754-11-29T00:00:00Z
bank_2,1,691,4754-11-29T00:00:00Z
bank_2,1,692,4754-11-29T00:00:00Z
bank_2,1,693,4754-11-29T00:00:00Z
bank_2,1,694,4754-11-29T00:00:00Z
bank_2,1,695,4754-11-29T00:00:00Z
bank_2,1,696,4754-11-29T00:00:00Z
bank_2,1,697,4754-11-29T00:00:00Z
bank_2,1,698,4754-11-29T00:00:00Z
bank_2,1,699,4754-11-29T00:00:00Z
bank_2,1,700,4754-11-29T00:00:00Z
bank_2,1,701,4754-11-29T00:00:00Z
bank_2,1,702,4754-11-29T00:00:00Z
bank_2,1,703,4754-11-29T00:00:00Z
bank_2,1,704,4754-11-29T00:00:00Z
bank_2,1,705,4754-11-29T00:00:00Z
bank_2,1,706,4754-11-29T00:00:00Z
bank_2,1,707,4754-11-29T00:00:00Z
bank_2,1,708,4754-11-29T00:00:00Z
bank_2,1,709,4754-11-29T00:00:00Z
bank_2,1,710,4754-11-29T00:00:00Z
bank_2,1,711,4754-11-29T00:00:00Z
bank_2,1,712,4754-11-29T00:00:00Z
bank_2,1,713,4754-11-29T00:00:00Z
bank_2,1,714,4754-11-29T00:00:00Z
bank_2,1,715,4754-11-29T00:00:00Z
bank_2,1,716,4754-11-29T00:00:00Z
bank_2,1,717,4754-11-29T00:00:00Z
bank_2,1,718,4754-11-29T00:00:00Z
bank_2,1,719,4754-11-29T00:00:00Z
bank_2,1,720,4754-11-29T00:00:00Z
bank_2,1,721,4754-11-29T00:00:00Z
bank_2,1,722,4754-11-29T00:00:00Z
bank_2,1,723,4754-11-29T00:00:00Z
bank_2,1,724,4754-11-29T00:00:00Z
bank_2,1,725,4754-11-29T00:00:00Z
bank_2,1,726,4754-11-29T00:00:00Z
bank_2,1,727,4754-11-29T00:00:00Z
bank_2,1,728,4754-11-29T00:00:00Z
bank_2,1,729,4754-11-29T00:00:00Z
bank_2,1,730,4754-11-29T00:00:00Z
bank_2,1,731,4754-11-29T00:00:00Z
bank_2,1,732,4754-11-29T00:00:00Z
bank_2,1,733,4754-11-29T00:00:00Z
bank_2,1,734,4754-11-29T00:00:00Z
bank_2,1,735,4754-11-29T00:00:00Z
bank_2,1,736,4754-11-29T00:00:00Z
bank_2,1,737,4754-11-29T00:00:00Z
bank_2,1,738,4754-11-29T00:00:00Z
bank_2,1,739,4754-11-29T00:00:00Z
bank_2,1,740,4754-11-29T00:00:00Z
bank_2,1,741,4754-11-29T00:00:00Z
bank_2,1,742,4754-11-29T00:00:00Z
bank_2,1,743,4754-11-29T00:00:00Z
bank_2,1,744,4754-11-29T00:00:00Z
bank_2,1,745,4754-11-29T00:00:00Z
bank_2,1,746,4754-11-29T00:00:00Z
bank_2,1,747,4754-11-29T00:00:00Z
bank_2,1,748,4754-11-29T00:00:00Z
bank_2,1,749,4754-11-29T00:00:00Z
bank_2,1,750,4754-11-29T00:00:00Z
bank_2,1,751,4754-11-29T00:00:00Z
bank_2,1,752,4754-11-29T00:00:00Z
bank_2,1,753,4754-11-29T00:00:00Z
bank_2,1,754,4754-11-29T00:00:00Z
bank_2,1,755,4754-11-29T00:00:00Z
bank_2,1,756,4754-11-29T00:00:00Z
bank_2,1,757,4754-11-29T00:00:00Z
bank_2,1,758,4754-11-29T00:00:00Z
bank_2,1,759,4754-11-29T00:00:00Z
bank_2,1,760,4754-11-29T00:00:00Z
bank_2,1,761,4754-11-29T00:00:00Z
bank_2,1,762,4754-11-29T00:00:00Z
bank_2,1,763,4754-11-29T00:00:00Z
bank_2,1,764,4754-11-29T00:00:00Z
bank_2,1,765,4754-11-29T00:00:00Z
bank_2,1,766,4754-11-29T00:00:00Z
bank_2,1,767,4754-11-29T00:00:00Z
bank_2,1,768,4754-11-29T00:00:00Z
bank_2,1,769,4754-11-29T00:00:00Z
bank_2,1,770,4754-11-29T00:00:00Z
bank_2,1,771,4754-11-29T00:00:00Z
bank_2,1,772,4754-11-29T00:00:00Z
bank_2,1,773,4754-11-29T00:00:00Z
bank_2,1,774,4754-11-29T00:00:00Z
bank_2,1,775,4754-11-29T00:00:00Z
bank_2,1,776,4754-11-29T00:00:00Z
bank_2,1,777,4754-11-29T00:00:00Z
bank_2,1,778,4754-11-29T00:00:00Z
bank_2,1,779,4754-11-29T00:00:00Z
bank_2,1,780,4754-11-29T00:00:00Z
bank_2,1,781,4754-11-29T00:00:00Z
bank_2,1,782,4754-11-29T00:00:00Z
bank_2,1,783,4754-11-29T00:00:00Z
bank_2,1,784,4754-11-29T00:00:00Z
bank_2,1,785,4754-11-29T00:00:00Z
bank_2,1,786,4754-11-29T00:00:00Z
bank_2,1,787,4754-11-29T00:00:00Z
bank_2,1,788,4754-11-29T00:00:00Z
bank_2,1,789,4754-11-29T00:00:00Z
bank_2,1,790,4754-11-29T00:00:00Z
bank_2,1,791,4754-11-29T00:00:00Z
bank_2,1,792,4754-11-29T00:00:00Z
bank_2,1,793,4754-11-29T00:00:00Z
bank_2,1,794,4754-11-29T00:00:00Z
bank_2,1,795,4754-11-29T00:00:00Z
bank_2,1,796,4754-11-29T00:00:00Z
bank_2,1,797,4754-11-29T00:00:00Z
bank_2,1,798,4754-11-29T00:00:00Z
bank_2,1,799,4754-11-29T00:00:00Z
bank_2,1,800,4754-11-29T00:00:00Z
bank_2,1,801,4754-11-29T00:00:00Z
bank_2,1,802,4754-11-29T00:00:00Z
bank_2,1,803,4754-11-29T00:00:00Z
bank_2,1,804,4754-11-29T00:00:00Z
bank_2,1,805,4754-11-29T00:00:00Z
bank_2,1,806,4754-11-29T00:00:00Z
bank_2,1,807,4754-11-29T00:00:00Z
bank_2,1,808,4754-11-29T00:00:00Z
bank_2,1,809,4754-11-29T00:00:00Z
bank_2,1,810,4754-11-29T00:00:00Z
bank_2,1,811,4754-11-29T00:00:00Z
bank_2,1,812,4754-11-29T00:00:00Z
bank_2,1,813,4754-11-29T00:00:00Z
bank_2,1,814,4754-11-29T00:00:00Z
bank_2,1,815,4754-11-29T00:00:00Z
bank_2,1,816,4754-11-29T00:00:00Z
bank_2,1,817,4754-11-29T00:00:00Z
bank_2,1,818,4754-11-29T00:00:00Z
bank_2,1,819,4754-11-29T00:00:00Z
bank_2,1,820,4754-11-29T00:00:00Z
bank_2,1,821,4754-11-29T00:00:00Z
bank_2,1,822,4754-11-29T00:00:00Z
bank_2,1,823,4754-11-29T00:00:00Z
bank_2,1,824,4754-11-29T00:00:00Z
bank_2,1,825,4754-11-29T00:00:00Z
bank_2,1,826,4754-11-29T00:00:00Z
bank_2,1,827,4754-11-29T00:00:00Z
bank_2,1,828,4754-11-29T00:00:00Z
bank_2,1,829,4754-11-29T00:00:00Z
bank_2,1,830,4754-11-29T00:00:00Z
bank_2,1,831,4754-11-29T00:00:00Z
bank_2,1,832,4754-11-29T00:00:00Z
bank_2,1,833,4754-11-29T00:00:00Z
bank_2,1,834,4754-11-29T00:00:00Z
bank_2,1,835,4754-11-29T00:00:00Z
bank_2,1,836,4754-11-29T00:00:00Z
bank_2,1,837,4754-11-29T00:00:00Z
bank_2,1,838,4754-11-29T00:00:00Z
bank_2,1,839,4754-11-29T00:00:00Z
bank_2,1,840,4754-11-29T00:00:00Z
bank_2,1,841,4754-11-29T00:00:00Z
bank_2,1,842,4754-11-29T00:00:00Z
bank_2,1,843,4754-11-29T00:00:00Z
bank_2,1,844,4754-11-29T00:00:00Z
bank_2,1,845,4754-11-29T00:00:00Z
bank_2,1,846,4754-11-29T00:00:00Z
bank_2,1,847,4754-11-29T00:00:00Z
bank_2,1,848,4754-11-29T00:00:00Z
bank_2,1,849,4754-11-29T00:00:00Z
bank_2,1,850,4754-11-29T00:00:00Z
bank_2,1,851,4754-11-29T00:00:00Z
bank_2,1,852,4754-11-29T00:00:00Z
bank_2,1,853,4754-11-29T00:00:00Z
bank_2,1,854,4754-11-29T00:00:00Z
bank_2,1,855,4754-11-29T00:00:00Z
bank_2,1,856,4754-11-29T00:00:00Z
bank_2,1,857,4754-11-29T00:00:00Z
bank_2,1,858,4754-11-29T00:00:00Z
bank_2,1,859,4754-11-29T00:00:00Z
bank_2,1,860,4754-11-29T00:00:00Z
bank_2,1,861,4754-11-29T00:00:00Z
bank_2,1,862,4754-11-29T00:00:00Z
bank_2,1,863,4754-11-29T00:00:00Z
bank_2,1,864,4754-11-29T00:00:00Z
bank_2,1,865,4754-11-29T00:00:00Z
bank_2,1,866,4754-11-29T00:00:00Z
bank_2,1,867,4754-11-29T00:00:00Z
bank_2,1,868,4754-11-29T00:00:00Z
bank_2,1,869,4754-11-29T00:00:00Z
bank_2,1,870,4754-11-29T00:00:00Z
bank_2,1,871,4754-11-29T00:00:00Z
bank_2,1,872,4754-11-29T00:00:00Z
bank_2,1,873,4754-11-29T00:00:00Z
bank_2,1,874,4754-11-29T00:00:00Z
bank_2,1,875,4754-11-29T00:00:00Z
bank_2,1,876,4754-11-29T00:00:00Z
bank_2,1,877,4754-11-29T00:00:00Z
bank_2,1,878,4754-11-29T00:00:00Z
bank_2,1,879,4754-11-29T00:00:00Z
bank_2,1,880,4754-11-29T00:00:00Z
bank_2,1,881,4754-11-29T00:00:00Z
bank_2,1,882,4754-11-29T00:00:00Z
bank_2,1,883,4754-11-29T00:00:00Z
bank_2,1,884,4754-11-29T00:00:00Z
bank_2,1,885,4754-11-29T00:00:00Z
bank_2,1,886,4754-11-29T00:00:00Z
bank_2,1,887,4754-11-29T00:00:00Z
bank_2,1,888,4754-11-29T00:00:00Z
bank_2,1,889,4754-11-29T00:00:00Z
bank_2,1,890,4754-11-29T00:00:00Z
bank_2,1,891,4754-11-29T00:00:00Z
bank_2,1,892,4754-11-29T00:00:00Z
bank_2,1,893,4754-11-29T00:00:00Z
bank_2,1,894,4754-11-29T00:00:00Z
bank_2,1,895,4754-11-29T00:00:00Z
bank_2,1,896,4754-11-29T00:00:00Z
bank_2,1,897,4754-11-29T00:00:00Z
bank_2,1,898,4754-11-29T00:00:00Z
bank_2,1,899,4754-11-29T00:00:00Z
bank_2,1,900,4754-11-29T00:00:00Z
bank_2,1,901,4754-11-29T00:00:00Z
bank_2,1,902,4754-11-29T00:00:00Z
bank_2,1,903,4754-11-29T00:00:00Z
bank_2,1,904,4754-11-29T00:00:00Z
bank_2,1,905,4754-11-29T00:00:00Z
bank_2,1,906,4754-11-29T00:00:00Z
bank_2,1,907,4754-11-29T00:00:00Z
bank_2,1,908,4754-11-29T00:00:00Z
bank_2,1,909,4754-11-29T00:00:00Z
bank_2,1,910,4754-11-29T00:00:00Z
bank_2,1,911,4754-11-29T00:00:00Z
bank_2,1,912,4754-11-29T00:00:00Z
bank_2,1,913,4754-11-29T00:00:00Z
bank_2,1,914,4754-11-29T00:00:00Z
bank_2,1,915,4754-11-29T00:00:00Z
bank_2,1,916,4754-11-29T00:00:00Z
bank_2,1,917,4754-11-29T00:00:00Z
bank_2,1,918,4754-11-29T00:00:00Z
bank_2,1,919,4754-11-29T00:00:00Z
bank_2,1,920,4754-11-29T00:00:00Z
bank_2,1,921,4754-11-29T00:00:00Z
bank_2,1,922,4754-11-29T00:00:00Z
bank_2,1,923,4754-11-29T00:00:00Z
bank_2,1,924,4754-11-29T00:00:00Z
bank_2,1,925,4754-11-29T00:00:00Z
bank_2,1,926,4754-11-29T00:00:00Z
bank_2,1,927,4754-11-29T00:00:00Z
bank_2,1,928,4754-11-29T00:00:00Z
bank_2,1,929,4754-11-29T00:00:00Z
bank_2,1,930,4754-11-29T00:00:00Z
bank_2,1,931,4754-11-29T00:00:00Z
bank_2,1,932,4754-11-29T00:00:00Z
bank_2,1,933,4754-11-29T00:00:00Z
bank_2,1,934,4754-11-29T00:00:00Z
bank_2,1,935,4754-11-29T00:00:00Z
bank_2,1,936,4754-11-29T00:00:00Z
bank_2,1,937,4754-11-29T00:00:00Z
bank_2,1,938,4754-11-29T00:00:00Z
bank_2,1,939,4754-11-29T00:00:00Z
bank_2,1,940,4754-11-29T00:00:00Z
bank_2,1,941,4754-11-29T00:00:00Z
bank_2,1,942,4754-11-29T00:00:00Z
bank_2,1,943,4754-11-29T00:00:00Z
bank_2,1,944,4754-11-29T00:00:00Z
bank_2,1,945,4754-11-29T00:00:00Z
bank_2,1,946,4754-11-29T00:00:00Z
bank_2,1,947,4754-11-29T00:00:00Z
bank_2,1,948,4754-11-29T00:00:00Z
bank_2,1,949,4754-11-29T00:00:00Z
bank_2,1,950,4754-11-29T00:00:00Z
bank_2,1,951,4754-11-29T00:00:00Z
bank_2,1,952,4754-11-29T00:00:00Z
bank_2,1,953,4754-11-29T00:00:00Z
bank_2,1,954,4754-11-29T00:00:00Z
bank_2,1,955,4754-11-29T00:00:00Z
bank_2,1,956,4754-11-29T00:00:00Z
bank_2,1,957,4754-11-29T00:00:00Z
bank_2,1,958,4754-11-29T00:00:00Z
bank_2,1,959,4754-11-29T00:00:00Z
bank_2,1,960,4754-11-29T00:00:00Z
bank_2,1,961,4754-11-29T00:00:00Z
bank_2,1,962,4754-11-29T00:00:00Z
bank_2,1,963,4754-11-29T00:00:00Z
bank_2,1,964,4754-11-29T00:00:00Z
bank_2,1,965,4754-11-29T00:00:00Z
bank_2,1,966,4754-11-29T00:00:00Z
bank_2,1,967,4754-11-29T00:00:00Z
bank_2,1,968,4754-11-29T00:00:00Z
bank_2,1,969,4754-11-29T00:00:00Z
bank_2,1,970,4754-11-29T00:00:00Z
bank_2,1,971,4754-11-29T00:00:00Z
bank_2,1,972,4754-11-29T00:00:00Z
bank_2,1,973,4754-11-29T00:00:00Z
bank_2,1,974,4754-11-29T00:00:00Z
bank_2,1,975,4754-11-29T00:00:00Z
bank_2,1,976,4754-11-29T00:00:00Z
bank_2,1,977,4754-11-29T00:00:00Z
bank_2,1,978,4754-11-29T00:00:00Z
bank_2,1,979,4754-11-29T00:00:00Z
bank_2,1,980,4754-11-29T00:00:00Z
bank_2,1,981,4754-11-29T00:00:00Z
bank_2,1,982,4754-11-29T00:00:00Z
bank_2,1,983,4754-11-29T00:00:00Z
bank_2,1,984,4754-11-29T00:00:00Z
bank_2,1,985,4754-11-29T00:00:00Z
bank_2,1,986,4754-11-29T00:00:00Z
bank_2,1,987,4754-11-29T00:00:00Z
bank_2,1,988,4754-11-29T00:00:00Z
bank_2,1,989,4754-11-29T00:00:00Z
bank_2,1,990,4754-11-29T00:00:00Z
bank_2,1,991,4754-11-29T00:00:00Z
bank_2,1,992,4754-11-29T00:00:00Z
bank_2,1,993,4754-11-29T00:00:00Z
bank_2,1,994,4754-11-29T00:00:00Z
bank_2,1,995,4754-11-29T00:00:00Z
bank_2,1,996,4754-11-29T00:00:00Z
bank_2,1,997,4754-11-29T00:00:00Z
bank_2,1,998,4754-11-29T00:00:00Z
bank_2,1,999,4754-11-29T00:00:00Z
bank_2,1,1000,4754-11-29T00:00:00Z
bank_2,1,1001,4754-11-29T00:00:00Z
bank_2,1,1002,4754-11-29T00:00:00Z
bank_2,1,1003,4754-11-29T00:00:00Z
bank_2,1,1004,4754-11-29T00:00:00Z
bank_2,1,1005,4754-11-29T00:00:00Z
bank_2,1,1006,4754-11-29T00:00:00Z
bank_2,1,1007,4754-11-29T00:00:00Z
bank_2,1,1008,4754-11-29T00:00:00Z
bank_2,1,1009,4754-11-29T00:00:00Z
bank_2,1,1010,4754-11-29T00:00:00Z
bank_2,1,1011,4754-11-29T00:00:00Z
bank_2,1,1012,4754-11-29T00:00:00Z
bank_2,1,1013,4754-11-29T00:00:00Z
bank_2,1,1014,4754-11-29T00:00:00Z
bank_2,1,1015,4754-11-29T00:00:00Z
bank_2,1,1016,4754-11-29T00:00:00Z
bank_2,1,1017,4754-11-29T00:00:00Z
bank_2,1,1018,4754-11-29T00:00:00Z
bank_2,1,1019,4754-11-29T00:00:00Z
bank_2,1,1020,4754-11-29T00:00:00Z
bank_2,1,1021,4754-11-29T00:00:00Z
bank_2,1,1022,4754-11-29T00:00:00Z
bank_2,1,1023,4754-11-29T00:00:00Z
bank_2,1,1024,4754-11-29T00:00:00Z
bank_2,1,1025,4754-11-29T00:00:00Z
bank_2,1,1026,4754-11-29T00:00:00Z
bank_2,1,1027,4754-11-29T00:00:00Z
bank_2,1,1028,4754-11-29T00:00:00Z
bank_2,1,1029,4754-11-29T00:00:00Z
bank_2,1,1030,4754-11-29T00:00:00Z
bank_2,1,1031,4754-11-29T00:00:00Z
bank_2,1,1032,4754-11-29T00:00:00Z
bank_2,1,1033,4754-11-29T00:00:00Z
bank_2,1,1034,4754-11-29T00:00:00Z
bank_2,1,1035,4754-11-29T00:00:00Z
bank_2,1,1036,4754-11-29T00:00:00Z
bank_2,1,1037,4754-11-29T00:00:00Z
bank_2,1,1038,4754-11-29T00:00:00Z
bank_2,1,1039,4754-11-29T00:00:00Z
bank_2,1,1040,4754-11-29T00:00:00Z
bank_2,1,1041,4754-11-29T00:00:00Z
bank_2,1,1042,4754-11-29T00:00:00Z
bank_2,1,1043,4754-11-29T00:00:00Z
bank_2,1,1044,4754-11-29T00:00:00Z
bank_2,1,1045,4754-11-29T00:00:00Z
bank_2,1,1046,4754-11-29T00:00:00Z
bank_2,1,1047,4754-11-29T00:00:00Z
bank_2,1,1048,4754-11-29T00:00:00Z
bank_2,1,1049,4754-11-29T00:00:00Z
bank_2,1,1050,4754-11-29T00:00:00Z
bank_2,1,1051,4754-11-29T00:00:00Z
bank_2,1,1052,4754-11-29T00:00:00Z
bank_2,1,1053,4754-11-29T00:00:00Z
bank_2,1,1054,4754-11-29T00:00:00Z
bank_2,1,1055,4754-11-29T00:00:00Z
bank_2,1,1056,4754-11-29T00:00:00Z
bank_2,1,1057,4754-11-29T00:00:00Z
bank_2,1,1058,4754-11-29T00:00:00Z
bank_2,1,1059,4754-11-29T00:00:00Z
bank_2,1,1060,4754-11-29T00:00:00Z
bank_2,1,1061,4754-11-29T00:00:00Z
bank_2,1,1062,4754-11-29T00:00:00Z
bank_2,1,1063,4754-11-29T00:00:00Z
bank_2,1,1064,4754-11-29T00:00:00Z
bank_2,1,1065,4754-11-29T00:00:00Z
bank_2,1,1066,4754-11-29T00:00:00Z
bank_2,1,1067,4754-11-29T00:00:00Z
bank_2,1,1068,4754-11-29T00:00:00Z
bank_2,1,1069,4754-11-29T00:00:00Z
bank_2,1,1070,4754-11-29T00:00:00Z
bank_2,1,1071,4754-11-29T00:00:00Z
bank_2,1,1072,4754-11-29T00:00:00Z
bank_2,1,1073,4754-11-29T00:00:00Z
bank_2,1,1074,4754-11-29T00:00:00Z
bank_2,1,1075,4754-11-29T00:00:00Z
bank_2,1,1076,4754-11-29T00:00:00Z
bank_2,1,1077,4754-11-29T00:00:00Z
bank_2,1,1078,4754-11-29T00:00:00Z
bank_2,1,1079,4754-11-29T00:00:00Z
bank_2,1,1080,4754-11-29T00:00:00Z
bank_2,1,1081,4754-11-29T00:00:00Z
bank_2,1,1082,4754-11-29T00:00:00Z
bank_2,1,1083,4754-11-29T00:00:00Z
bank_2,1,1084,4754-11-29T00:00:00Z
bank_2,1,1085,4754-11-29T00:00:00Z
bank_2,1,1086,4754-11-29T00:00:00Z
bank_2,1,1087,4754-11-29T00:00:00Z
bank_2,1,1088,4754-11-29T00:00:00Z
bank_2,1,1089,4754-11-29T00:00:00Z
bank_2,1,1090,4754-11-29T00:00:00Z
bank_2,1,1091,4754-11-29T00:00:00Z
bank_2,1,1092,4754-11-29T00:00:00Z
bank_2,1,1093,4754-11-29T00:00:00Z
bank_2,1,1094,4754-11-29T00:00:00Z
bank_2,1,1095,4754-11-29T00:00:00Z
bank_2,1,1096,4754-11-29T00:00:00Z
bank_2,1,1097,4754-11-29T00:00:00Z
bank_2,1,1098,4754-11-29T00:00:00Z
bank_2,1,1099,4754-11-29T00:00:00Z
bank_2,1,1100,4754-11-29T00:00:00Z
bank_2,1,1101,4754-11-29T00:00:00Z
bank_2,1,1102,4754-11-29T00:00:00Z
bank_2,1,1103,4754-11-29T00:00:00Z
bank_2,1,1104,4754-11-29T00:00:00Z
bank_2,1,1105,4754-11-29T00:00:00Z
bank_2,1,1106,4754-11-29T00:00:00Z
bank_2,1,1107,4754-11-29T00:00:00Z
bank_2,1,1108,4754-11-29T00:00:00Z
bank_2,1,1109,4754-11-29T00:00:00Z
bank_2,1,1110,4754-11-29T00:00:00Z
bank_2,1,1111,4754-11-29T00:00:00Z
bank_2,1,1112,4754-11-29T00:00:00Z
bank_2,1,1113,4754-11-29T00:00:00Z
bank_2,1,1114,4754-11-29T00:00:00Z
bank_2,1,1115,4754-11-29T00:00:00Z
bank_2,1,1116,4754-11-29T00:00:00Z
bank_2,1,1117,4754-11-29T00:00:00Z
bank_2,1,1118,4754-11-29T00:00:00Z
bank_2,1,1119,4754-11-29T00:00:00Z
bank_2,1,1120,4754-11-29T00:00:00Z
bank_2,1,1121,4754-11-29T00:00:00Z
bank_2,1,1122,4754-11-29T00:00:00Z
bank_2,1,1123,4754-11-29T00:00:00Z
bank_2,1,1124,4754-11-29T00:00:00Z
bank_2,1,1125,4754-11-29T00:00:00Z
bank_2,1,1126,4754-11-29T00:00:00Z
bank_2,1,1127,4754-11-29T00:00:00Z
bank_2,1,1128,4754-11-29T00:00:00Z
bank_2,1,1129,4754-11-29T00:00:00Z
bank_2,1,1130,4754-11-29T00:00:00Z
bank_2,1,1131,4754-11-29T00:00:00Z
bank_2,1,1132,4754-11-29T00:00:00Z
bank_2,1,1133,4754-11-29T00:00:00Z
bank_2,1,1134,4754-11-29T00:00:00Z
bank_2,1,1135,4754-11-29T00:00:00Z
bank_2,1,1136,4754-11-29T00:00:00Z
bank_2,1,1137,4754-11-29T00:00:00Z
bank_2,1,1138,4754-11-29T00:00:00Z
bank_2,1,1139,4754-11-29T00:00:00Z
bank_2,1,1140,4754-11-29T00:00:00Z
bank_2,1,1141,4754-11-29T00:00:00Z
bank_2,1,1142,4754-11-29T00:00:00Z
bank_2,1,1143,4754-11-29T00:00:00Z
bank_2,1,1144,4754-11-29T00:00:00Z
bank_2,1,1145,4754-11-29T00:00:00Z
bank_2,1,1146,4754-11-29T00:00:00Z
bank_2,1,1147,4754-11-29T00:00:00Z
bank_2,1,1148,4754-11-29T00:00:00Z
bank_2,1,1149,4754-11-29T00:00:00Z
bank_2,1,1150,4754-11-29T00:00:00Z
bank_2,1,1151,4754-11-29T00:00:00Z
bank_2,1,1152,4754-11-29T00:00:00Z
bank_2,1,1153,4754-11-29T00:00:00Z
bank_2,1,1154,4754-11-29T00:00:00Z
bank_2,1,1155,4754-11-29T00:00:00Z
bank_2,1,1156,4754-11-29T00:00:00Z
bank_2,1,1157,4754-11-29T00:00:00Z
bank_2,1,1158,4754-11-29T00:00:00Z
bank_2,1,1159,4754-11-29T00:00:00Z
bank_2,1,1160,4754-11-29T00:00:00Z
bank_2,1,1161,4754-11-29T00:00:00Z
bank_2,1,1162,4754-11-29T00:00:00Z
bank_2,1,1163,4754-11-29T00:00:00Z
bank_2,1,1164,4754-11-29T00:00:00Z
bank_2,1,1165,4754-11-29T00:00:00Z
bank_2,1,1166,4754-11-29T00:00:00Z
bank_2,1,1167,4754-11-29T00:00:00Z
bank_2,1,1168,4754-11-29T00:00:00Z
bank_2,1,1169,4754-11-29T00:00:00Z
bank_2,1,1170,4754-11-29T00:00:00Z
bank_2,1,1171,4754-11-29T00:00:00Z
bank_2,1,1172,4754-11-29T00:00:00Z
bank_2,1,1173,4754-11-29T00:00:00Z
bank_2,1,1174,4754-11-29T00:00:00Z
bank_2,1,1175,4754-11-29T00:00:00Z
bank_2,1,1176,4754-11-29T00:00:00Z
bank_2,1,1177,4754-11-29T00:00:00Z
bank_2,1,1178,4754-11-29T00:00:00Z
bank_2,1,1179,4754-11-29T00:00:00Z
bank_2,1,1180,4754-11-29T00:00:00Z
bank_2,1,1181,4754-11-29T00:00:00Z
bank_2,1,1182,4754-11-29T00:00:00Z
bank_2,1,1183,4754-11-29T00:00:00Z
bank_2,1,1184,4754-11-29T00:00:00Z
bank_2,1,1185,4754-11-29T00:00:00Z
bank_2,1,1186,4754-11-29T00:00:00Z
bank_2,1,1187,4754-11-29T00:00:00Z
bank_2,1,1188,4754-11-29T00:00:00Z
bank_2,1,1189,4754-11-29T00:00:00Z
bank_2,1,1190,4754-11-29T00:00:00Z
bank_2,1,1191,4754-11-29T00:00:00Z
bank_2,1,1192,4754-11-29T00:00:00Z
bank_2,1,1193,4754-11-29T00:00:00Z
bank_2,1,1194,4754-11-29T00:00:00Z
bank_2,1,1195,4754-11-29T00:00:00Z
bank_2,1,1196,4754-11-29T00:00:00Z
bank_2,1,1197,4754-11-29T00:00:00Z
bank_2,1,1198,4754-11-29T00:00:00Z
bank_2,1,1199,4754-11-29T00:00:00Z
bank_2,1,1200,4754-11-29T00:00:00Z
bank_2,1,1201,4754-11-29T00:00:00Z
bank_2,1,1202,4754-11-29T00:00:00Z
bank_2,1,1203,4754-11-29T00:00:00Z
bank_2,1,1204,4754-11-29T00:00:00Z
bank_2,1,1205,4754-11-29T00:00:00Z
bank_2,1,1206,4754-11-29T00:00:00Z
bank_2,1,1207,4754-11-29T00:00:00Z
bank_2,1,1208,4754-11-29T00:00:00Z
bank_2,1,1209,4754-11-29T00:00:00Z
bank_2,1,1210,4754-11-29T00:00:00Z
bank_2,1,1211,4754-11-29T00:00:00Z
bank_2,1,1212,4754-11-29T00:00:00Z
bank_2,1,1213,4754-11-29T00:00:00Z
bank_2,1,1214,4754-11-29T00:00:00Z
bank_2,1,1215,4754-11-29T00:00:00Z
bank_2,1,1216,4754-11-29T00:00:00Z
bank_2,1,1217,4754-11-29T00:00:00Z
bank_2,1,1218,4754-11-29T00:00:00Z
bank_2,1,1219,4754-11-29T00:00:00Z
bank_2,1,1220,4754-11-29T00:00:00Z
bank_2,1,1221,4754-11-29T00:00:00Z
bank_2,1,1222,4754-11-29T00:00:00Z
bank_2,1,1223,4754-11-29T00:00:00Z
bank_2,1,1224,4754-11-29T00:00:00Z
bank_2,1,1225,4754-11-29T00:00:00Z
bank_2,1,1226,4754-11-29T00:00:00Z
bank_2,1,1227,4754-11-29T00:00:00Z
bank_2,1,1228,4754-11-29T00:00:00Z
bank_2,1,1229,4754-11-29T00:00:00Z
bank_2,1,1230,4754-11-29T00:00:00Z
bank_2,1,1231,4754-11-29T00:00:00Z
bank_2,1,1232,4754-11-29T00:00:00Z
bank_2,1,1233,4754-11-29T00:00:00Z
bank_2,1,1234,4754-11-29T00:00:00Z
bank_2,1,1235,4754-11-29T00:00:00Z
bank_2,1,1236,4754-11-29T00:00:00Z
bank_2,1,1237,4754-11-29T00:00:00Z
bank_2,1,1238,4754-11-29T00:00:00Z
bank_2,1,1239,4754-11-29T00:00:00Z
bank_2,1,1240,4754-11-29T00:00:00Z
bank_2,1,1241,4754-11-29T00:00:00Z
bank_2,1,1242,4754-11-29T00:00:00Z
bank_2,1,1243,4754-11-29T00:00:00Z
bank_2,1,1244,4754-11-29T00:00:00Z
bank_2,1,1245,4754-11-29T00:00:00Z
bank_2,1,1246,4754-11-29T00:00:00Z
bank_2,1,1247,4754-11-29T00:00:00Z
bank_2,1,1248,4754-11-29T00:00:00Z
bank_2,1,1249,4754-11-29T00:00:00Z
bank_2,1,1250,4754-11-29T00:00:00Z
bank_2,1,1251,4754-11-29T00:00:00Z
bank_2,1,1252,4754-11-29T00:00:00Z
bank_2,1,1253,4754-11-29T00:00:00Z
bank_2,1,1254,4754-11-29T00:00:00Z
bank_2,1,1255,4754-11-29T00:00:00Z
bank_2,1,1256,4754-11-29T00:00:00Z
bank_2,1,1257,4754-11-29T00:00:00Z
bank_2,1,1258,4754-11-29T00:00:00Z
bank_2,1,1259,4754-11-29T00:00:00Z
bank_2,1,1260,4754-11-29T00:00:00Z
bank_2,1,1261,4754-11-29T00:00:00Z
bank_2,1,1262,4754-11-29T00:00:00Z
bank_2,1,1263,4754-11-29T00:00:00Z
bank_2,1,1264,4754-11-29T00:00:00Z
bank_2,1,1265,4754-11-29T00:00:00Z
bank_2,1,1266,4754-11-29T00:00:00Z
bank_2,1,1267,4754-11-29T00:00:00Z
bank_2,1,1268,4754-11-29T00:00:00Z
bank_2,1,1269,4754-11-29T00:00:00Z
bank_2,1,1270,4754-11-29T00:00:00Z
bank_2,1,1271,4754-11-29T00:00:00Z
bank_2,1,1272,4754-11-29T00:00:00Z
bank_2,1,1273,4754-11-29T00:00:00Z
bank_2,1,1274,4754-11-29T00:00:00Z
bank_2,1,1275,4754-11-29T00:00:00Z
bank_2,1,1276,4754-11-29T00:00:00Z
bank_2,1,1277,4754-11-29T00:00:00Z
bank_2,1,1278,4754-11-29T00:00:00Z
bank_2,1,1279,4754-11-29T00:00:00Z
bank_2,1,1280,4754-11-29T00:00:00Z
bank_2,1,1281,4754-11-29T00:00:00Z
bank_2,1,1282,4754-11-29T00:00:00Z
bank_2,1,1283,4754-11-29T00:00:00Z
bank_2,1,1284,4754-11-29T00:00:00Z
bank_2,1,1285,4754-11-29T00:00:00Z
bank_2,1,1286,4754-11-29T00:00:00Z
bank_2,1,1287,4754-11-29T00:00:00Z
bank_2,1,1288,4754-11-29T00:00:00Z
bank_2,1,1289,4754-11-29T00:00:00Z
bank_2,1,1290,4754-11-29T00:00:00Z
bank_2,1,1291,4754-11-29T00:00:00Z
bank_2,1,1292,4754-11-29T00:00:00Z
bank_2,1,1293,4754-11-29T00:00:00Z
bank_2,1,1294,4754-11-29T00:00:00Z
bank_2,1,1295,4754-11-29T00:00:00Z
bank_2,1,1296,4754-11-29T00:00:00Z
bank_2,1,1297,4754-11-29T00:00:00Z
bank_2,1,1298,4754-11-29T00:00:00Z
bank_2,1,1299,4754-11-29T00:00:00Z
bank_2,1,1300,4754-11-29T00:00:00Z
bank_2,1,1301,4754-11-29T00:00:00Z
bank_2,1,1302,4754-11-29T00:00:00Z
bank_2,1,1303,4754-11-29T00:00:00Z
bank_2,1,1304,4754-11-29T00:00:00Z
bank_2,1,1305,4754-11-29T00:00:00Z
bank_2,1,1306,4754-11-29T00:00:00Z
bank_2,1,1307,4754-11-29T00:00:00Z
bank_2,1,1308,4754-11-29T00:00:00Z
bank_2,1,1309,4754-11-29T00:00:00Z
bank_2,1,1310,4754-11-29T00:00:00Z
bank_2,1,1311,4754-11-29T00:00:00Z
bank_2,1,1312,4754-11-29T00:00:00Z
bank_2,1,1313,4754-11-29T00:00:00Z
bank_2,1,1314,4754-11-29T00:00:00Z
bank_2,1,1315,4754-11-29T00:00:00Z
bank_2,1,1316,4754-11-29T00:00:00Z
bank_2,1,1317,4754-11-29T00:00:00Z
bank_2,1,1318,4754-11-29T00:00:00Z
bank_2,1,1319,4754-11-29T00:00:00Z
bank_2,1,1320,4754-11-29T00:00:00Z
bank_2,1,1321,4754-11-29T00:00:00Z
bank_2,1,1322,4754-11-29T00:00:00Z
bank_2,1,1323,4754-11-29T00:00:00Z
bank_2,1,1324,4754-11-29T00:00:00Z
bank_2,1,1325,4754-11-29T00:00:00Z
bank_2,1,1326,4754-11-29T00:00:00Z
bank_2,1,1327,4754-11-29T00:00:00Z
bank_2,1,1328,4754-11-29T00:00:00Z
bank_2,1,1329,4754-11-29T00:00:00Z
bank_2,1,1330,4754-11-29T00:00:00Z
bank_2,1,1331,4754-11-29T00:00:00Z
bank_2,1,1332,4754-11-29T00:00:00Z
bank_2,1,1333,4754-11-29T00:00:00Z
bank_2,1,1334,4754-11-29T00:00:00Z
bank_2,1,1335,4754-11-29T00:00:00Z
bank_2,1,1336,4754-11-29T00:00:00Z
bank_2,1,1337,4754-11-29T00:00:00Z
bank_2,1,1338,4754-11-29T00:00:00Z
bank_2,1,1339,4754-11-29T00:00:00Z
bank_2,1,1340,4754-11-29T00:00:00Z
bank_2,1,1341,4754-11-29T00:00:00Z
bank_2,1,1342,4754-11-29T00:00:00Z
bank_2,1,1343,4754-11-29T00:00:00Z
bank_2,1,1344,4754-11-29T00:00:00Z
bank_2,1,1345,4754-11-29T00:00:00Z
bank_2,1,1346,4754-11-29T00:00:00Z
bank_2,1,1347,4754-11-29T00:00:00Z
bank_2,1,1348,4754-11-29T00:00:00Z
bank_2,1,1349,4754-11-29T00:00:00Z
bank_2,1,1350,4754-11-29T00:00:00Z
bank_2,1,1351,4754-11-29T00:00:00Z
bank_2,1,1352,4754-11-29T00:00:00Z
bank_2,1,1353,4754-11-29T00:00:00Z
bank_2,1,1354,4754-11-29T00:00:00Z
bank_2,1,1355,4754-11-29T00:00:00Z
bank_2,1,1356,4754-11-29T00:00:00Z
bank_2,1,1357,4754-11-29T00:00:00Z
bank_2,1,1358,4754-11-29T00:00:00Z
bank_2,1,1359,4754-11-29T00:00:00Z
bank_2,1,1360,4754-11-29T00:00:00Z
bank_2,1,1361,4754-11-29T00:00:00Z
bank_2,1,1362,4754-11-29T00:00:00Z
bank_2,1,1363,4754-11-29T00:00:00Z
bank_2,1,1364,4754-11-29T00:00:00Z
bank_2,1,1365,4754-11-29T00:00:00Z
bank_2,1,1366,4754-11-29T00:00:00Z
bank_2,1,1367,4754-11-29T00:00:00Z
bank_2,1,1368,4754-11-29T00:00:00Z
bank_2,1,1369,4754-11-29T00:00:00Z
bank_2,1,1370,4754-11-29T00:00:00Z
bank_2,1,1371,4754-11-29T00:00:00Z
bank_2,1,1372,4754-11-29T00:00:00Z
bank_2,1,1373,4754-11-29T00:00:00Z
bank_2,1,1374,4754-11-29T00:00:00Z
bank_2,1,1375,4754-11-29T00:00:00Z
bank_2,1,1376,4754-11-29T00:00:00Z
bank_2,1,1377,4754-11-29T00:00:00Z
bank_2,1,1378,4754-11-29T00:00:00Z
bank_2,1,1379,4754-11-29T00:00:00Z
bank_2,1,1380,4754-11-29T00:00:00Z
bank_2,1,1381,4754-11-29T00:00:00Z
bank_2,1,1382,4754-11-29T00:00:00Z
bank_2,1,1383,4754-11-29T00:00:00Z
bank_2,1,1384,4754-11-29T00:00:00Z
bank_2,1,1385,4754-11-29T00:00:00Z
bank_2,1,1386,4754-11-29T00:00:00Z
bank_2,1,1387,4754-11-29T00:00:00Z
bank_2,1,1388,4754-11-29T00:00:00Z
bank_2,1,1389,4754-11-29T00:00:00Z
bank_2,1,1390,4754-11-29T00:00:00Z
bank_2,1,1391,4754-11-29T00:00:00Z
bank_2,1,1392,4754-11-29T00:00:00Z
bank_2,1,1393,4754-11-29T00:00:00Z
bank_2,1,1394,4754-11-29T00:00:00Z
bank_2,1,1395,4754-11-29T00:00:00Z
bank_2,1,1396,4754-11-29T00:00:00Z
bank_2,1,1397,4754-11-29T00:00:00Z
bank_2,1,1398,4754-11-29T00:00:00Z
bank_2,1,1399,4754-11-29T00:00:00Z
bank_2,1,1400,4754-11-29T00:00:00Z
bank_2,1,1401,4754-11-29T00:00:00Z
bank_2,1,1402,4754-11-29T00:00:00Z
bank_2,1,1403,4754-11-29T00:00:00Z
bank_2,1,1404,4754-11-29T00:00:00Z
bank_2,1,1405,4754-11-29T00:00:00Z
bank_2,1,1406,4754-11-29T00:00:00Z
bank_2,1,1407,4754-11-29T00:00:00Z
bank_2,1,1408,4754-11-29T00:00:00Z
bank_2,1,1409,4754-11-29T00:00:00Z
bank_2,1,1410,4754-11-29T00:00:00Z
bank_2,1,1411,4754-11-29T00:00:00Z
bank_2,1,1412,4754-11-29T00:00:00Z
bank_2,1,1413,4754-11-29T00:00:00Z
bank_2,1,1414,4754-11-29T00:00:00Z
bank_2,1,1415,4754-11-29T00:00:00Z
bank_2,1,1416,4754-11-29T00:00:00Z
bank_2,1,1417,4754-11-29T00:00:00Z
bank_2,1,1418,4754-11-29T00:00:00Z
bank_2,1,1419,4754-11-29T00:00:00Z
bank_2,1,1420,4754-11-29T00:00:00Z
bank_2,1,1421,4754-11-29T00:00:00Z
bank_2,1,1422,4754-11-29T00:00:00Z
bank_2,1,1423,4754-11-29T00:00:00Z
bank_2,1,1424,4754-11-29T00:00:00Z
bank_2,1,1425,4754-11-29T00:00:00Z
bank_2,1,1426,4754-11-29T00:00:00Z
bank_2,1,1427,4754-11-29T00:00:00Z
bank_2,1,1428,4754-11-29T00:00:00Z
bank_2,1,1429,4754-11-29T00:00:00Z
bank_2,1,1430,4754-11-29T00:00:00Z
bank_2,1,1431,4754-11-29T00:00:00Z
bank_2,1,1432,4754-11-29T00:00:00Z
bank_2,1,1433,4754-11-29T00:00:00Z
bank_2,1,1434,4754-11-29T00:00:00Z
bank_2,1,1435,4754-11-29T00:00:00Z
bank_2,1,1436,4754-11-29T00:00:00Z
bank_2,1,1437,4754-11-29T00:00:00Z
bank_2,1,1438,4754-11-29T00:00:00Z
bank_2,1,1439,4754-11-29T00:00:00Z
bank_2,1,1440,4754-11-29T00:00:00Z
bank_2,1,1441,4754-11-29T00:00:00Z
bank_2,1,1442,4754-11-29T00:00:00Z
bank_2,1,1443,4754-11-29T00:00:00Z
bank_2,1,1444,4754-11-29T00:00:00Z
bank_2,1,1445,4754-11-29T00:00:00Z
bank_2,1,1446,4754-11-29T00:00:00Z
bank_2,1,1447,4754-11-29T00:00:00Z
bank_2,1,1448,4754-11-29T00:00:00Z
bank_2,1,1449,4754-11-29T00:00:00Z
bank_2,1,1450,4754-11-29T00:00:00Z
bank_2,1,1451,4754-11-29T00:00:00Z
bank_2,1,1452,4754-11-29T00:00:00Z
bank_2,1,1453,4754-11-29T00:00:00Z
bank_2,1,1454,4754-11-29T00:00:00Z
bank_2,1,1455,4754-11-29T00:00:00Z
bank_2,1,1456,4754-11-29T00:00:00Z
bank_2,1,1457,4754-11-29T00:00:00Z
bank_2,1,1458,4754-11-29T00:00:00Z
bank_2,1,1459,4754-11-29T00:00:00Z
bank_2,1,1460,4754-11-29T00:00:00Z
bank_2,1,1461,4754-11-29T00:00:00Z
bank_2,1,1462,4754-11-29T00:00:00Z
bank_2,1,1463,4754-11-29T00:00:00Z
bank_2,1,1464,4754-11-29T00:00:00Z
bank_2,1,1465,4754-11-29T00:00:00Z
bank_2,1,1466,4754-11-29T00:00:00Z
bank_2,1,1467,4754-11-29T00:00:00Z
bank_2,1,1468,4754-11-29T00:00:00Z
bank_2,1,1469,4754-11-29T00:00:00Z
bank_2,1,1470,4754-11-29T00:00:00Z
bank_2,1,1471,4754-11-29T00:00:00Z
bank_2,1,1472,4754-11-29T00:00:00Z
bank_2,1,1473,4754-11-29T00:00:00Z
bank_2,1,1474,4754-11-29T00:00:00Z
bank_2,1,1475,4754-11-29T00:00:00Z
bank_2,1,1476,4754-11-29T00:00:00Z
bank_2,1,1477,4754-11-29T00:00:00Z
bank_2,1,1478,4754-11-29T00:00:00Z
bank_2,1,1479,4754-11-29T00:00:00Z
bank_2,1,1480,4754-11-29T00:00:00Z
bank_2,1,1481,4754-11-29T00:00:00Z
bank_2,1,1482,4754-11-29T00:00:00Z
bank_2,1,1483,4754-11-29T00:00:00Z
bank_2,1,1484,4754-11-29T00:00:00Z
bank_2,1,1485,4754-11-29T00:00:00Z
bank_2,1,1486,4754-11-29T00:00:00Z
bank_2,1,1487,4754-11-29T00:00:00Z
bank_2,1,1488,4754-11-29T00:00:00Z
bank_2,1,1489,4754-11-29T00:00:00Z
bank_2,1,1490,4754-11-29T00:00:00Z
bank_2,1,1491,4754-11-29T00:00:00Z
bank_2,1,1492,4754-11-29T00:00:00Z
bank_2,1,1493,4754-11-29T00:00:00Z
bank_2,1,1494,4754-11-29T00:00:00Z
bank_2,1,1495,4754-11-29T00:00:00Z
bank_2,1,1496,4754-11-29T00:00:00Z
bank_2,1,1497,4754-11-29T00:00:00Z
bank_2,1,1498,4754-11-29T00:00:00Z
bank_2,1,1499,4754-11-29T00:00:00Z
bank_2,1,1500,4754-11-29T00:00:00Z
bank_2,1,1501,4754-11-29T00:00:00Z
bank_2,1,1502,4754-11-29T00:00:00Z
bank_2,1,1503,4754-11-29T00:00:00Z
bank_2,1,1504,4754-11-29T00:00:00Z
bank_2,1,1505,4754-11-29T00:00:00Z
bank_2,1,1506,4754-11-29T00:00:00Z
bank_2,1,1507,4754-11-29T00:00:00Z
bank_2,1,1508,4754-11-29T00:00:00Z
bank_2,1,1509,4754-11-29T00:00:00Z
bank_2,1,1510,4754-11-29T00:00:00Z
bank_2,1,1511,4754-11-29T00:00:00Z
bank_2,1,1512,4754-11-29T00:00:00Z
bank_2,1,1513,4754-11-29T00:00:00Z
bank_2,1,1514,4754-11-29T00:00:00Z
bank_2,1,1515,4754-11-29T00:00:00Z
bank_2,1,1516,4754-11-29T00:00:00Z
bank_2,1,1517,4754-11-29T00:00:00Z
bank_2,1,1518,4754-11-29T00:00:00Z
bank_2,1,1519,4754-11-29T00:00:00Z
bank_2,1,1520,4754-11-29T00:00:00Z
bank_2,1,1521,4754-11-29T00:00:00Z
bank_2,1,1522,4754-11-29T00:00:00Z
bank_2,1,1523,4754-11-29T00:00:00Z
bank_2,1,1524,4754-11-29T00:00:00Z
bank_2,1,1525,4754-11-29T00:00:00Z
bank_2,1,1526,4754-11-29T00:00:00Z
bank_2,1,1527,4754-11-29T00:00:00Z
bank_2,1,1528,4754-11-29T00:00:00Z
bank_2,1,1529,4754-11-29T00:00:00Z
bank_2,1,1530,4754-11-29T00:00:00Z
bank_2,1,1531,4754-11-29T00:00:00Z
bank_2,1,1532,4754-11-29T00:00:00Z
bank_2,1,1533,4754-11-29T00:00:00Z
bank_2,1,1534,4754-11-29T00:00:00Z
bank_2,1,1535,4754-11-29T00:00:00Z
bank_2,1,1536,4754-11-29T00:00:00Z
bank_2,1,1537,4754-11-29T00:00:00Z
bank_2,1,1538,4754-11-29T00:00:00Z
bank_2,1,1539,4754-11-29T00:00:00Z
bank_2,1,1540,4754-11-29T00:00:00Z
bank_2,1,1541,4754-11-29T00:00:00Z
bank_2,1,1542,4754-11-29T00:00:00Z
bank_2,1,1543,4754-11-29T00:00:00Z
bank_2,1,1544,4754-11-29T00:00:00Z
bank_2,1,1545,4754-11-29T00:00:00Z
bank_2,1,1546,4754-11-29T00:00:00Z
bank_2,1,1547,4754-11-29T00:00:00Z
bank_2,1,1548,4754-11-29T00:00:00Z
bank_2,1,1549,4754-11-29T00:00:00Z
bank_2,1,1550,4754-11-29T00:00:00Z
bank_2,1,1551,4754-11-29T00:00:00Z
bank_2,1,1552,4754-11-29T00:00:00Z
bank_2,1,1553,4754-11-29T00:00:00Z
bank_2,1,1554,4754-11-29T00:00:00Z
bank_2,1,1555,4754-11-29T00:00:00Z
bank_2,1,1556,4754-11-29T00:00:00Z
bank_2,1,1557,4754-11-29T00:00:00Z
bank_2,1,1558,4754-11-29T00:00:00Z
bank_2,1,1559,4754-11-29T00:00:00Z
bank_2,1,1560,4754-11-29T00:00:00Z
bank_2,1,1561,4754-11-29T00:00:00Z
bank_2,1,1562,4754-11-29T00:00:00Z
bank_2,1,1563,4754-11-29T00:00:00Z
bank_2,1,1564,4754-11-29T00:00:00Z
bank_2,1,1565,4754-11-29T00:00:00Z
bank_2,1,1566,4754-11-29T00:00:00Z
bank_2,1,1567,4754-11-29T00:00:00Z
bank_2,1,1568,4754-11-29T00:00:00Z
bank_2,1,1569,4754-11-29T00:00:00Z
bank_2,1,1570,4754-11-29T00:00:00Z
bank_2,1,1571,4754-11-29T00:00:00Z
bank_2,1,1572,4754-11-29T00:00:00Z
bank_2,1,1573,4754-11-29T00:00:00Z
bank_2,1,1574,4754-11-29T00:00:00Z
bank_2,1,1575,4754-11-29T00:00:00Z
bank_2,1,1576,4754-11-29T00:00:00Z
bank_2,1,1577,4754-11-29T00:00:00Z
bank_2,1,1578,4754-11-29T00:00:00Z
bank_2,1,1579,4754-11-29T00:00:00Z
bank_2,1,1580,4754-11-29T00:00:00Z
bank_2,1,1581,4754-11-29T00:00:00Z
bank_2,1,1582,4754-11-29T00:00:00Z
bank_2,1,1583,4754-11-29T00:00:00Z
bank_2,1,1584,4754-11-29T00:00:00Z
bank_2,1,1585,4754-11-29T00:00:00Z
bank_2,1,1586,4754-11-29T00:00:00Z
bank_2,1,1587,4754-11-29T00:00:00Z
bank_2,1,1588,4754-11-29T00:00:00Z
bank_2,1,1589,4754-11-29T00:00:00Z
bank_2,1,1590,4754-11-29T00:00:00Z
bank_2,1,1591,4754-11-29T00:00:00Z
bank_2,1,1592,4754-11-29T00:00:00Z
bank_2,1,1593,4754-11-29T00:00:00Z
bank_2,1,1594,4754-11-29T00:00:00Z
bank_2,1,1595,4754-11-29T00:00:00Z
bank_2,1,1596,4754-11-29T00:00:00Z
bank_2,1,1597,4754-11-29T00:00:00Z
bank_2,1,1598,4754-11-29T00:00:00Z
bank_2,1,1599,4754-11-29T00:00:00Z
